# ❌ L1 tsc 前端类型检查
# commit: f7b5583d
# exit: 2
# duration_ms: 18556
# command: cd '/Users/yanghy/Documents/New project/ai-content/frontend' && ./node_modules/.bin/tsc --noEmit
# 完整命令输出（未截断）：

src/app/(dashboard)/apps/app-detail.tsx(97,28): error TS2322: Type '({ size, color, strokeWidth, className, style, ...rest }: CompatProps) => Element' is not assignable to type 'LucideIcon | undefined'.
  Type '({ size, color, strokeWidth, className, style, ...rest }: CompatProps) => Element' is not assignable to type 'FunctionComponent<SVGProps<SVGSVGElement>>'.
    Types of parameters '__0' and 'props' are incompatible.
      Type 'SVGProps<SVGSVGElement>' is not assignable to type 'CompatProps'.
        Types of property 'strokeWidth' are incompatible.
          Type 'string | number | undefined' is not assignable to type 'number | undefined'.
            Type 'string' is not assignable to type 'number'.
src/app/(dashboard)/apps/app-detail.tsx(244,24): error TS2322: Type '({ size, color, strokeWidth, className, style, ...rest }: CompatProps) => Element' is not assignable to type 'LucideIcon | undefined'.
  Type '({ size, color, strokeWidth, className, style, ...rest }: CompatProps) => Element' is not assignable to type 'FunctionComponent<SVGProps<SVGSVGElement>>'.
    Types of parameters '__0' and 'props' are incompatible.
      Type 'SVGProps<SVGSVGElement>' is not assignable to type 'CompatProps'.
        Types of property 'strokeWidth' are incompatible.
          Type 'string | number | undefined' is not assignable to type 'number | undefined'.
            Type 'string' is not assignable to type 'number'.
src/app/(dashboard)/apps/app-detail.tsx(249,13): error TS2322: Type '({ size, color, strokeWidth, className, style, ...rest }: CompatProps) => Element' is not assignable to type 'LucideIcon | undefined'.
  Type '({ size, color, strokeWidth, className, style, ...rest }: CompatProps) => Element' is not assignable to type 'FunctionComponent<SVGProps<SVGSVGElement>>'.
    Types of parameters '__0' and 'props' are incompatible.
      Type 'SVGProps<SVGSVGElement>' is not assignable to type 'CompatProps'.
        Types of property 'strokeWidth' are incompatible.
          Type 'string | number | undefined' is not assignable to type 'number | undefined'.
            Type 'string' is not assignable to type 'number'.
src/app/(dashboard)/apps/apps-center.tsx(55,9): error TS2322: Type '({ size, color, strokeWidth, className, style, ...rest }: CompatProps) => Element' is not assignable to type 'LucideIcon'.
  Type '({ size, color, strokeWidth, className, style, ...rest }: CompatProps) => Element' is not assignable to type 'FunctionComponent<SVGProps<SVGSVGElement>>'.
    Types of parameters '__0' and 'props' are incompatible.
      Type 'SVGProps<SVGSVGElement>' is not assignable to type 'CompatProps'.
        Types of property 'strokeWidth' are incompatible.
          Type 'string | number | undefined' is not assignable to type 'number | undefined'.
            Type 'string' is not assignable to type 'number'.
src/app/(dashboard)/apps/auto-acquisition/acquisition-rule-form.tsx(1075,26): error TS2322: Type '({ size, color, strokeWidth, className, style, ...rest }: CompatProps) => Element' is not assignable to type 'LucideIcon | undefined'.
  Type '({ size, color, strokeWidth, className, style, ...rest }: CompatProps) => Element' is not assignable to type 'FunctionComponent<SVGProps<SVGSVGElement>>'.
    Types of parameters '__0' and 'props' are incompatible.
      Type 'SVGProps<SVGSVGElement>' is not assignable to type 'CompatProps'.
        Types of property 'strokeWidth' are incompatible.
          Type 'string | number | undefined' is not assignable to type 'number | undefined'.
            Type 'string' is not assignable to type 'number'.
src/app/(dashboard)/apps/auto-acquisition/acquisition-rule-form.tsx(1086,17): error TS2322: Type '({ size, color, strokeWidth, className, style, ...rest }: CompatProps) => Element' is not assignable to type 'LucideIcon'.
  Type '({ size, color, strokeWidth, className, style, ...rest }: CompatProps) => Element' is not assignable to type 'FunctionComponent<SVGProps<SVGSVGElement>>'.
    Types of parameters '__0' and 'props' are incompatible.
      Type 'SVGProps<SVGSVGElement>' is not assignable to type 'CompatProps'.
        Types of property 'strokeWidth' are incompatible.
          Type 'string | number | undefined' is not assignable to type 'number | undefined'.
            Type 'string' is not assignable to type 'number'.
src/app/(dashboard)/apps/auto-acquisition/acquisition-rule-form.tsx(1200,32): error TS2322: Type '({ size, color, strokeWidth, className, style, ...rest }: CompatProps) => Element' is not assignable to type 'LucideIcon | undefined'.
  Type '({ size, color, strokeWidth, className, style, ...rest }: CompatProps) => Element' is not assignable to type 'FunctionComponent<SVGProps<SVGSVGElement>>'.
    Types of parameters '__0' and 'props' are incompatible.
      Type 'SVGProps<SVGSVGElement>' is not assignable to type 'CompatProps'.
        Types of property 'strokeWidth' are incompatible.
          Type 'string | number | undefined' is not assignable to type 'number | undefined'.
            Type 'string' is not assignable to type 'number'.
src/app/(dashboard)/apps/auto-acquisition/acquisition-rule-form.tsx(1236,15): error TS2322: Type '({ size, color, strokeWidth, className, style, ...rest }: CompatProps) => Element' is not assignable to type 'LucideIcon'.
  Type '({ size, color, strokeWidth, className, style, ...rest }: CompatProps) => Element' is not assignable to type 'FunctionComponent<SVGProps<SVGSVGElement>>'.
    Types of parameters '__0' and 'props' are incompatible.
      Type 'SVGProps<SVGSVGElement>' is not assignable to type 'CompatProps'.
        Types of property 'strokeWidth' are incompatible.
          Type 'string | number | undefined' is not assignable to type 'number | undefined'.
            Type 'string' is not assignable to type 'number'.
src/app/(dashboard)/apps/auto-acquisition/acquisition-rule-form.tsx(1608,17): error TS2322: Type '({ size, color, strokeWidth, className, style, ...rest }: CompatProps) => Element' is not assignable to type 'LucideIcon | undefined'.
  Type '({ size, color, strokeWidth, className, style, ...rest }: CompatProps) => Element' is not assignable to type 'FunctionComponent<SVGProps<SVGSVGElement>>'.
    Types of parameters '__0' and 'props' are incompatible.
      Type 'SVGProps<SVGSVGElement>' is not assignable to type 'CompatProps'.
        Types of property 'strokeWidth' are incompatible.
          Type 'string | number | undefined' is not assignable to type 'number | undefined'.
            Type 'string' is not assignable to type 'number'.
src/app/(dashboard)/apps/auto-acquisition/acquisition-rule-form.tsx(1615,28): error TS2322: Type '({ size, color, strokeWidth, className, style, ...rest }: CompatProps) => Element' is not assignable to type 'LucideIcon | undefined'.
  Type '({ size, color, strokeWidth, className, style, ...rest }: CompatProps) => Element' is not assignable to type 'FunctionComponent<SVGProps<SVGSVGElement>>'.
    Types of parameters '__0' and 'props' are incompatible.
      Type 'SVGProps<SVGSVGElement>' is not assignable to type 'CompatProps'.
        Types of property 'strokeWidth' are incompatible.
          Type 'string | number | undefined' is not assignable to type 'number | undefined'.
            Type 'string' is not assignable to type 'number'.
src/app/(dashboard)/apps/auto-acquisition/acquisition-rule-form.tsx(1635,24): error TS2322: Type '({ size, color, strokeWidth, className, style, ...rest }: CompatProps) => Element' is not assignable to type 'LucideIcon | undefined'.
  Type '({ size, color, strokeWidth, className, style, ...rest }: CompatProps) => Element' is not assignable to type 'FunctionComponent<SVGProps<SVGSVGElement>>'.
    Types of parameters '__0' and 'props' are incompatible.
      Type 'SVGProps<SVGSVGElement>' is not assignable to type 'CompatProps'.
        Types of property 'strokeWidth' are incompatible.
          Type 'string | number | undefined' is not assignable to type 'number | undefined'.
            Type 'string' is not assignable to type 'number'.
src/app/(dashboard)/apps/auto-acquisition/acquisition-rule-form.tsx(1640,13): error TS2322: Type '({ size, color, strokeWidth, className, style, ...rest }: CompatProps) => Element' is not assignable to type 'LucideIcon | undefined'.
  Type '({ size, color, strokeWidth, className, style, ...rest }: CompatProps) => Element' is not assignable to type 'FunctionComponent<SVGProps<SVGSVGElement>>'.
    Types of parameters '__0' and 'props' are incompatible.
      Type 'SVGProps<SVGSVGElement>' is not assignable to type 'CompatProps'.
        Types of property 'strokeWidth' are incompatible.
          Type 'string | number | undefined' is not assignable to type 'number | undefined'.
            Type 'string' is not assignable to type 'number'.
src/app/(dashboard)/apps/auto-acquisition/auto-acquisition-center.tsx(74,7): error TS2322: Type '({ size, color, strokeWidth, className, style, ...rest }: CompatProps) => Element' is not assignable to type 'LucideIcon'.
  Type '({ size, color, strokeWidth, className, style, ...rest }: CompatProps) => Element' is not assignable to type 'FunctionComponent<SVGProps<SVGSVGElement>>'.
    Types of parameters '__0' and 'props' are incompatible.
      Type 'SVGProps<SVGSVGElement>' is not assignable to type 'CompatProps'.
        Types of property 'strokeWidth' are incompatible.
          Type 'string | number | undefined' is not assignable to type 'number | undefined'.
            Type 'string' is not assignable to type 'number'.
src/app/(dashboard)/apps/auto-acquisition/auto-acquisition-center.tsx(98,11): error TS2322: Type '({ size, color, strokeWidth, className, style, ...rest }: CompatProps) => Element' is not assignable to type 'LucideIcon | undefined'.
  Type '({ size, color, strokeWidth, className, style, ...rest }: CompatProps) => Element' is not assignable to type 'FunctionComponent<SVGProps<SVGSVGElement>>'.
    Types of parameters '__0' and 'props' are incompatible.
      Type 'SVGProps<SVGSVGElement>' is not assignable to type 'CompatProps'.
        Types of property 'strokeWidth' are incompatible.
          Type 'string | number | undefined' is not assignable to type 'number | undefined'.
            Type 'string' is not assignable to type 'number'.
src/app/(dashboard)/apps/auto-acquisition/auto-acquisition-center.tsx(106,11): error TS2322: Type '({ size, color, strokeWidth, className, style, ...rest }: CompatProps) => Element' is not assignable to type 'LucideIcon | undefined'.
  Type '({ size, color, strokeWidth, className, style, ...rest }: CompatProps) => Element' is not assignable to type 'FunctionComponent<SVGProps<SVGSVGElement>>'.
    Types of parameters '__0' and 'props' are incompatible.
      Type 'SVGProps<SVGSVGElement>' is not assignable to type 'CompatProps'.
        Types of property 'strokeWidth' are incompatible.
          Type 'string | number | undefined' is not assignable to type 'number | undefined'.
            Type 'string' is not assignable to type 'number'.
src/app/(dashboard)/apps/auto-acquisition/auto-acquisition-center.tsx(114,11): error TS2322: Type '({ size, color, strokeWidth, className, style, ...rest }: CompatProps) => Element' is not assignable to type 'LucideIcon | undefined'.
  Type '({ size, color, strokeWidth, className, style, ...rest }: CompatProps) => Element' is not assignable to type 'FunctionComponent<SVGProps<SVGSVGElement>>'.
    Types of parameters '__0' and 'props' are incompatible.
      Type 'SVGProps<SVGSVGElement>' is not assignable to type 'CompatProps'.
        Types of property 'strokeWidth' are incompatible.
          Type 'string | number | undefined' is not assignable to type 'number | undefined'.
            Type 'string' is not assignable to type 'number'.
src/app/(dashboard)/apps/auto-acquisition/auto-acquisition-center.tsx(119,40): error TS2322: Type '({ size, color, strokeWidth, className, style, ...rest }: CompatProps) => Element' is not assignable to type 'LucideIcon | undefined'.
  Type '({ size, color, strokeWidth, className, style, ...rest }: CompatProps) => Element' is not assignable to type 'FunctionComponent<SVGProps<SVGSVGElement>>'.
    Types of parameters '__0' and 'props' are incompatible.
      Type 'SVGProps<SVGSVGElement>' is not assignable to type 'CompatProps'.
        Types of property 'strokeWidth' are incompatible.
          Type 'string | number | undefined' is not assignable to type 'number | undefined'.
            Type 'string' is not assignable to type 'number'.
src/app/(dashboard)/apps/auto-acquisition/auto-acquisition-center.tsx(120,43): error TS2322: Type '({ size, color, strokeWidth, className, style, ...rest }: CompatProps) => Element' is not assignable to type 'LucideIcon | undefined'.
  Type '({ size, color, strokeWidth, className, style, ...rest }: CompatProps) => Element' is not assignable to type 'FunctionComponent<SVGProps<SVGSVGElement>>'.
    Types of parameters '__0' and 'props' are incompatible.
      Type 'SVGProps<SVGSVGElement>' is not assignable to type 'CompatProps'.
        Types of property 'strokeWidth' are incompatible.
          Type 'string | number | undefined' is not assignable to type 'number | undefined'.
            Type 'string' is not assignable to type 'number'.
src/app/(dashboard)/boss-recruit/boss-recruit-center.tsx(202,9): error TS2322: Type '({ size, color, strokeWidth, className, style, ...rest }: CompatProps) => Element' is not assignable to type 'LucideIcon'.
  Type '({ size, color, strokeWidth, className, style, ...rest }: CompatProps) => Element' is not assignable to type 'FunctionComponent<SVGProps<SVGSVGElement>>'.
    Types of parameters '__0' and 'props' are incompatible.
      Type 'SVGProps<SVGSVGElement>' is not assignable to type 'CompatProps'.
        Types of property 'strokeWidth' are incompatible.
          Type 'string | number | undefined' is not assignable to type 'number | undefined'.
            Type 'string' is not assignable to type 'number'.
src/app/(dashboard)/capabilities/account/account-sections.tsx(407,13): error TS2322: Type '({ size, color, strokeWidth, className, style, ...rest }: CompatProps) => Element' is not assignable to type 'LucideIcon | undefined'.
  Type '({ size, color, strokeWidth, className, style, ...rest }: CompatProps) => Element' is not assignable to type 'FunctionComponent<SVGProps<SVGSVGElement>>'.
    Types of parameters '__0' and 'props' are incompatible.
      Type 'SVGProps<SVGSVGElement>' is not assignable to type 'CompatProps'.
        Types of property 'strokeWidth' are incompatible.
          Type 'string | number | undefined' is not assignable to type 'number | undefined'.
            Type 'string' is not assignable to type 'number'.
src/app/(dashboard)/capabilities/account/account-sections.tsx(436,15): error TS2322: Type '({ size, color, strokeWidth, className, style, ...rest }: CompatProps) => Element' is not assignable to type 'LucideIcon | undefined'.
  Type '({ size, color, strokeWidth, className, style, ...rest }: CompatProps) => Element' is not assignable to type 'FunctionComponent<SVGProps<SVGSVGElement>>'.
    Types of parameters '__0' and 'props' are incompatible.
      Type 'SVGProps<SVGSVGElement>' is not assignable to type 'CompatProps'.
        Types of property 'strokeWidth' are incompatible.
          Type 'string | number | undefined' is not assignable to type 'number | undefined'.
            Type 'string' is not assignable to type 'number'.
src/app/(dashboard)/capabilities/account/account-sections.tsx(448,15): error TS2322: Type '({ size, color, strokeWidth, className, style, ...rest }: CompatProps) => Element' is not assignable to type 'LucideIcon | undefined'.
  Type '({ size, color, strokeWidth, className, style, ...rest }: CompatProps) => Element' is not assignable to type 'FunctionComponent<SVGProps<SVGSVGElement>>'.
    Types of parameters '__0' and 'props' are incompatible.
      Type 'SVGProps<SVGSVGElement>' is not assignable to type 'CompatProps'.
        Types of property 'strokeWidth' are incompatible.
          Type 'string | number | undefined' is not assignable to type 'number | undefined'.
            Type 'string' is not assignable to type 'number'.
src/app/(dashboard)/capabilities/account/account-sections.tsx(457,15): error TS2322: Type '({ size, color, strokeWidth, className, style, ...rest }: CompatProps) => Element' is not assignable to type 'LucideIcon | undefined'.
  Type '({ size, color, strokeWidth, className, style, ...rest }: CompatProps) => Element' is not assignable to type 'FunctionComponent<SVGProps<SVGSVGElement>>'.
    Types of parameters '__0' and 'props' are incompatible.
      Type 'SVGProps<SVGSVGElement>' is not assignable to type 'CompatProps'.
        Types of property 'strokeWidth' are incompatible.
          Type 'string | number | undefined' is not assignable to type 'number | undefined'.
            Type 'string' is not assignable to type 'number'.
src/app/(dashboard)/capabilities/account/account-sections.tsx(539,17): error TS2322: Type '({ size, color, strokeWidth, className, style, ...rest }: CompatProps) => Element' is not assignable to type 'LucideIcon | undefined'.
  Type '({ size, color, strokeWidth, className, style, ...rest }: CompatProps) => Element' is not assignable to type 'FunctionComponent<SVGProps<SVGSVGElement>>'.
    Types of parameters '__0' and 'props' are incompatible.
      Type 'SVGProps<SVGSVGElement>' is not assignable to type 'CompatProps'.
        Types of property 'strokeWidth' are incompatible.
          Type 'string | number | undefined' is not assignable to type 'number | undefined'.
            Type 'string' is not assignable to type 'number'.
src/app/(dashboard)/capabilities/models/model-form.tsx(311,15): error TS2322: Type '({ size, color, strokeWidth, className, style, ...rest }: CompatProps) => Element' is not assignable to type 'LucideIcon'.
  Type '({ size, color, strokeWidth, className, style, ...rest }: CompatProps) => Element' is not assignable to type 'FunctionComponent<SVGProps<SVGSVGElement>>'.
    Types of parameters '__0' and 'props' are incompatible.
      Type 'SVGProps<SVGSVGElement>' is not assignable to type 'CompatProps'.
        Types of property 'strokeWidth' are incompatible.
          Type 'string | number | undefined' is not assignable to type 'number | undefined'.
            Type 'string' is not assignable to type 'number'.
src/app/(dashboard)/capabilities/models/model-form.tsx(392,13): error TS2322: Type '({ size, color, strokeWidth, className, style, ...rest }: CompatProps) => Element' is not assignable to type 'LucideIcon | undefined'.
  Type '({ size, color, strokeWidth, className, style, ...rest }: CompatProps) => Element' is not assignable to type 'FunctionComponent<SVGProps<SVGSVGElement>>'.
    Types of parameters '__0' and 'props' are incompatible.
      Type 'SVGProps<SVGSVGElement>' is not assignable to type 'CompatProps'.
        Types of property 'strokeWidth' are incompatible.
          Type 'string | number | undefined' is not assignable to type 'number | undefined'.
            Type 'string' is not assignable to type 'number'.
src/app/(dashboard)/capabilities/models/model-form.tsx(408,11): error TS2322: Type '({ size, color, strokeWidth, className, style, ...rest }: CompatProps) => Element' is not assignable to type 'LucideIcon | undefined'.
  Type '({ size, color, strokeWidth, className, style, ...rest }: CompatProps) => Element' is not assignable to type 'FunctionComponent<SVGProps<SVGSVGElement>>'.
    Types of parameters '__0' and 'props' are incompatible.
      Type 'SVGProps<SVGSVGElement>' is not assignable to type 'CompatProps'.
        Types of property 'strokeWidth' are incompatible.
          Type 'string | number | undefined' is not assignable to type 'number | undefined'.
            Type 'string' is not assignable to type 'number'.
src/app/(dashboard)/capabilities/models/model-form.tsx(414,11): error TS2322: Type '({ size, color, strokeWidth, className, style, ...rest }: CompatProps) => Element' is not assignable to type 'LucideIcon | undefined'.
  Type '({ size, color, strokeWidth, className, style, ...rest }: CompatProps) => Element' is not assignable to type 'FunctionComponent<SVGProps<SVGSVGElement>>'.
    Types of parameters '__0' and 'props' are incompatible.
      Type 'SVGProps<SVGSVGElement>' is not assignable to type 'CompatProps'.
        Types of property 'strokeWidth' are incompatible.
          Type 'string | number | undefined' is not assignable to type 'number | undefined'.
            Type 'string' is not assignable to type 'number'.
src/app/(dashboard)/capabilities/models/models-center.tsx(53,9): error TS2322: Type '({ size, color, strokeWidth, className, style, ...rest }: CompatProps) => Element' is not assignable to type 'LucideIcon'.
  Type '({ size, color, strokeWidth, className, style, ...rest }: CompatProps) => Element' is not assignable to type 'FunctionComponent<SVGProps<SVGSVGElement>>'.
    Types of parameters '__0' and 'props' are incompatible.
      Type 'SVGProps<SVGSVGElement>' is not assignable to type 'CompatProps'.
        Types of property 'strokeWidth' are incompatible.
          Type 'string | number | undefined' is not assignable to type 'number | undefined'.
            Type 'string' is not assignable to type 'number'.
src/app/(dashboard)/capabilities/risk/default-send-mode-section.tsx(178,13): error TS2322: Type '({ size, color, strokeWidth, className, style, ...rest }: CompatProps) => Element' is not assignable to type 'LucideIcon | undefined'.
  Type '({ size, color, strokeWidth, className, style, ...rest }: CompatProps) => Element' is not assignable to type 'FunctionComponent<SVGProps<SVGSVGElement>>'.
    Types of parameters '__0' and 'props' are incompatible.
      Type 'SVGProps<SVGSVGElement>' is not assignable to type 'CompatProps'.
        Types of property 'strokeWidth' are incompatible.
          Type 'string | number | undefined' is not assignable to type 'number | undefined'.
            Type 'string' is not assignable to type 'number'.
src/app/(dashboard)/capabilities/risk/risk-center.tsx(237,26): error TS2322: Type '({ size, color, strokeWidth, className, style, ...rest }: CompatProps) => Element' is not assignable to type 'LucideIcon | undefined'.
  Type '({ size, color, strokeWidth, className, style, ...rest }: CompatProps) => Element' is not assignable to type 'FunctionComponent<SVGProps<SVGSVGElement>>'.
    Types of parameters '__0' and 'props' are incompatible.
      Type 'SVGProps<SVGSVGElement>' is not assignable to type 'CompatProps'.
        Types of property 'strokeWidth' are incompatible.
          Type 'string | number | undefined' is not assignable to type 'number | undefined'.
            Type 'string' is not assignable to type 'number'.
src/app/(dashboard)/capabilities/risk/risk-center.tsx(239,13): error TS2322: Type '({ size, color, strokeWidth, className, style, ...rest }: CompatProps) => Element' is not assignable to type 'LucideIcon | undefined'.
  Type '({ size, color, strokeWidth, className, style, ...rest }: CompatProps) => Element' is not assignable to type 'FunctionComponent<SVGProps<SVGSVGElement>>'.
    Types of parameters '__0' and 'props' are incompatible.
      Type 'SVGProps<SVGSVGElement>' is not assignable to type 'CompatProps'.
        Types of property 'strokeWidth' are incompatible.
          Type 'string | number | undefined' is not assignable to type 'number | undefined'.
            Type 'string' is not assignable to type 'number'.
src/app/(dashboard)/capabilities/risk/risk-center.tsx(265,11): error TS2322: Type '({ size, color, strokeWidth, className, style, ...rest }: CompatProps) => Element' is not assignable to type 'LucideIcon'.
  Type '({ size, color, strokeWidth, className, style, ...rest }: CompatProps) => Element' is not assignable to type 'FunctionComponent<SVGProps<SVGSVGElement>>'.
    Types of parameters '__0' and 'props' are incompatible.
      Type 'SVGProps<SVGSVGElement>' is not assignable to type 'CompatProps'.
        Types of property 'strokeWidth' are incompatible.
          Type 'string | number | undefined' is not assignable to type 'number | undefined'.
            Type 'string' is not assignable to type 'number'.
src/app/(dashboard)/capabilities/risk/risk-confirm-flow.tsx(211,13): error TS2322: Type '({ size, color, strokeWidth, className, style, ...rest }: CompatProps) => Element' is not assignable to type 'LucideIcon'.
  Type '({ size, color, strokeWidth, className, style, ...rest }: CompatProps) => Element' is not assignable to type 'FunctionComponent<SVGProps<SVGSVGElement>>'.
    Types of parameters '__0' and 'props' are incompatible.
      Type 'SVGProps<SVGSVGElement>' is not assignable to type 'CompatProps'.
        Types of property 'strokeWidth' are incompatible.
          Type 'string | number | undefined' is not assignable to type 'number | undefined'.
            Type 'string' is not assignable to type 'number'.
src/app/(dashboard)/capabilities/risk/risk-confirm-flow.tsx(257,21): error TS2322: Type '({ size, color, strokeWidth, className, style, ...rest }: CompatProps) => Element' is not assignable to type 'LucideIcon | undefined'.
  Type '({ size, color, strokeWidth, className, style, ...rest }: CompatProps) => Element' is not assignable to type 'FunctionComponent<SVGProps<SVGSVGElement>>'.
    Types of parameters '__0' and 'props' are incompatible.
      Type 'SVGProps<SVGSVGElement>' is not assignable to type 'CompatProps'.
        Types of property 'strokeWidth' are incompatible.
          Type 'string | number | undefined' is not assignable to type 'number | undefined'.
            Type 'string' is not assignable to type 'number'.
src/app/(dashboard)/capabilities/risk/risk-confirm-flow.tsx(264,21): error TS2322: Type '({ size, color, strokeWidth, className, style, ...rest }: CompatProps) => Element' is not assignable to type 'LucideIcon | undefined'.
  Type '({ size, color, strokeWidth, className, style, ...rest }: CompatProps) => Element' is not assignable to type 'FunctionComponent<SVGProps<SVGSVGElement>>'.
    Types of parameters '__0' and 'props' are incompatible.
      Type 'SVGProps<SVGSVGElement>' is not assignable to type 'CompatProps'.
        Types of property 'strokeWidth' are incompatible.
          Type 'string | number | undefined' is not assignable to type 'number | undefined'.
            Type 'string' is not assignable to type 'number'.
src/app/(dashboard)/capabilities/risk/risk-confirm-flow.tsx(278,24): error TS2322: Type '({ size, color, strokeWidth, className, style, ...rest }: CompatProps) => Element' is not assignable to type 'LucideIcon | undefined'.
  Type '({ size, color, strokeWidth, className, style, ...rest }: CompatProps) => Element' is not assignable to type 'FunctionComponent<SVGProps<SVGSVGElement>>'.
    Types of parameters '__0' and 'props' are incompatible.
      Type 'SVGProps<SVGSVGElement>' is not assignable to type 'CompatProps'.
        Types of property 'strokeWidth' are incompatible.
          Type 'string | number | undefined' is not assignable to type 'number | undefined'.
            Type 'string' is not assignable to type 'number'.
src/app/(dashboard)/components/business-tool-result-context.tsx(67,41): error TS2322: Type '({ size, color, strokeWidth, className, style, ...rest }: CompatProps) => Element' is not assignable to type 'LucideIcon'.
  Type '({ size, color, strokeWidth, className, style, ...rest }: CompatProps) => Element' is not assignable to type 'FunctionComponent<SVGProps<SVGSVGElement>>'.
    Types of parameters '__0' and 'props' are incompatible.
      Type 'SVGProps<SVGSVGElement>' is not assignable to type 'CompatProps'.
        Types of property 'strokeWidth' are incompatible.
          Type 'string | number | undefined' is not assignable to type 'number | undefined'.
            Type 'string' is not assignable to type 'number'.
src/app/(dashboard)/components/business-tool-result-context.tsx(71,9): error TS2322: Type '({ size, color, strokeWidth, className, style, ...rest }: CompatProps) => Element' is not assignable to type 'LucideIcon'.
  Type '({ size, color, strokeWidth, className, style, ...rest }: CompatProps) => Element' is not assignable to type 'FunctionComponent<SVGProps<SVGSVGElement>>'.
    Types of parameters '__0' and 'props' are incompatible.
      Type 'SVGProps<SVGSVGElement>' is not assignable to type 'CompatProps'.
        Types of property 'strokeWidth' are incompatible.
          Type 'string | number | undefined' is not assignable to type 'number | undefined'.
            Type 'string' is not assignable to type 'number'.
src/app/(dashboard)/components/business-tool-result-context.tsx(76,9): error TS2322: Type '({ size, color, strokeWidth, className, style, ...rest }: CompatProps) => Element' is not assignable to type 'LucideIcon'.
  Type '({ size, color, strokeWidth, className, style, ...rest }: CompatProps) => Element' is not assignable to type 'FunctionComponent<SVGProps<SVGSVGElement>>'.
    Types of parameters '__0' and 'props' are incompatible.
      Type 'SVGProps<SVGSVGElement>' is not assignable to type 'CompatProps'.
        Types of property 'strokeWidth' are incompatible.
          Type 'string | number | undefined' is not assignable to type 'number | undefined'.
            Type 'string' is not assignable to type 'number'.
src/app/(dashboard)/components/business-tool-result-context.tsx(111,9): error TS2322: Type '({ size, color, strokeWidth, className, style, ...rest }: CompatProps) => Element' is not assignable to type 'LucideIcon'.
  Type '({ size, color, strokeWidth, className, style, ...rest }: CompatProps) => Element' is not assignable to type 'FunctionComponent<SVGProps<SVGSVGElement>>'.
    Types of parameters '__0' and 'props' are incompatible.
      Type 'SVGProps<SVGSVGElement>' is not assignable to type 'CompatProps'.
        Types of property 'strokeWidth' are incompatible.
          Type 'string | number | undefined' is not assignable to type 'number | undefined'.
            Type 'string' is not assignable to type 'number'.
src/app/(dashboard)/components/business-tool-result-context.tsx(116,9): error TS2322: Type '({ size, color, strokeWidth, className, style, ...rest }: CompatProps) => Element' is not assignable to type 'LucideIcon'.
  Type '({ size, color, strokeWidth, className, style, ...rest }: CompatProps) => Element' is not assignable to type 'FunctionComponent<SVGProps<SVGSVGElement>>'.
    Types of parameters '__0' and 'props' are incompatible.
      Type 'SVGProps<SVGSVGElement>' is not assignable to type 'CompatProps'.
        Types of property 'strokeWidth' are incompatible.
          Type 'string | number | undefined' is not assignable to type 'number | undefined'.
            Type 'string' is not assignable to type 'number'.
src/app/(dashboard)/components/business-tool-result-context.tsx(118,72): error TS2322: Type '({ size, color, strokeWidth, className, style, ...rest }: CompatProps) => Element' is not assignable to type 'LucideIcon'.
  Type '({ size, color, strokeWidth, className, style, ...rest }: CompatProps) => Element' is not assignable to type 'FunctionComponent<SVGProps<SVGSVGElement>>'.
    Types of parameters '__0' and 'props' are incompatible.
      Type 'SVGProps<SVGSVGElement>' is not assignable to type 'CompatProps'.
        Types of property 'strokeWidth' are incompatible.
          Type 'string | number | undefined' is not assignable to type 'number | undefined'.
            Type 'string' is not assignable to type 'number'.
src/app/(dashboard)/components/business-tool-result-context.tsx(149,72): error TS2322: Type '({ size, color, strokeWidth, className, style, ...rest }: CompatProps) => Element' is not assignable to type 'LucideIcon'.
  Type '({ size, color, strokeWidth, className, style, ...rest }: CompatProps) => Element' is not assignable to type 'FunctionComponent<SVGProps<SVGSVGElement>>'.
    Types of parameters '__0' and 'props' are incompatible.
      Type 'SVGProps<SVGSVGElement>' is not assignable to type 'CompatProps'.
        Types of property 'strokeWidth' are incompatible.
          Type 'string | number | undefined' is not assignable to type 'number | undefined'.
            Type 'string' is not assignable to type 'number'.
src/app/(dashboard)/components/business-tool-result-context.tsx(150,61): error TS2322: Type '({ size, color, strokeWidth, className, style, ...rest }: CompatProps) => Element' is not assignable to type 'LucideIcon'.
  Type '({ size, color, strokeWidth, className, style, ...rest }: CompatProps) => Element' is not assignable to type 'FunctionComponent<SVGProps<SVGSVGElement>>'.
    Types of parameters '__0' and 'props' are incompatible.
      Type 'SVGProps<SVGSVGElement>' is not assignable to type 'CompatProps'.
        Types of property 'strokeWidth' are incompatible.
          Type 'string | number | undefined' is not assignable to type 'number | undefined'.
            Type 'string' is not assignable to type 'number'.
src/app/(dashboard)/components/business-tool-result-context.tsx(154,9): error TS2322: Type '({ size, color, strokeWidth, className, style, ...rest }: CompatProps) => Element' is not assignable to type 'LucideIcon'.
  Type '({ size, color, strokeWidth, className, style, ...rest }: CompatProps) => Element' is not assignable to type 'FunctionComponent<SVGProps<SVGSVGElement>>'.
    Types of parameters '__0' and 'props' are incompatible.
      Type 'SVGProps<SVGSVGElement>' is not assignable to type 'CompatProps'.
        Types of property 'strokeWidth' are incompatible.
          Type 'string | number | undefined' is not assignable to type 'number | undefined'.
            Type 'string' is not assignable to type 'number'.
src/app/(dashboard)/components/business-tool-result-context.tsx(189,9): error TS2322: Type '({ size, color, strokeWidth, className, style, ...rest }: CompatProps) => Element' is not assignable to type 'LucideIcon'.
  Type '({ size, color, strokeWidth, className, style, ...rest }: CompatProps) => Element' is not assignable to type 'FunctionComponent<SVGProps<SVGSVGElement>>'.
    Types of parameters '__0' and 'props' are incompatible.
      Type 'SVGProps<SVGSVGElement>' is not assignable to type 'CompatProps'.
        Types of property 'strokeWidth' are incompatible.
          Type 'string | number | undefined' is not assignable to type 'number | undefined'.
            Type 'string' is not assignable to type 'number'.
src/app/(dashboard)/components/business-tool-result-context.tsx(191,78): error TS2322: Type '({ size, color, strokeWidth, className, style, ...rest }: CompatProps) => Element' is not assignable to type 'LucideIcon'.
  Type '({ size, color, strokeWidth, className, style, ...rest }: CompatProps) => Element' is not assignable to type 'FunctionComponent<SVGProps<SVGSVGElement>>'.
    Types of parameters '__0' and 'props' are incompatible.
      Type 'SVGProps<SVGSVGElement>' is not assignable to type 'CompatProps'.
        Types of property 'strokeWidth' are incompatible.
          Type 'string | number | undefined' is not assignable to type 'number | undefined'.
            Type 'string' is not assignable to type 'number'.
src/app/(dashboard)/components/business-tool-result-context.tsx(192,72): error TS2322: Type '({ size, color, strokeWidth, className, style, ...rest }: CompatProps) => Element' is not assignable to type 'LucideIcon'.
  Type '({ size, color, strokeWidth, className, style, ...rest }: CompatProps) => Element' is not assignable to type 'FunctionComponent<SVGProps<SVGSVGElement>>'.
    Types of parameters '__0' and 'props' are incompatible.
      Type 'SVGProps<SVGSVGElement>' is not assignable to type 'CompatProps'.
        Types of property 'strokeWidth' are incompatible.
          Type 'string | number | undefined' is not assignable to type 'number | undefined'.
            Type 'string' is not assignable to type 'number'.
src/app/(dashboard)/components/business-tool-result-context.tsx(226,9): error TS2322: Type '({ size, color, strokeWidth, className, style, ...rest }: CompatProps) => Element' is not assignable to type 'LucideIcon'.
  Type '({ size, color, strokeWidth, className, style, ...rest }: CompatProps) => Element' is not assignable to type 'FunctionComponent<SVGProps<SVGSVGElement>>'.
    Types of parameters '__0' and 'props' are incompatible.
      Type 'SVGProps<SVGSVGElement>' is not assignable to type 'CompatProps'.
        Types of property 'strokeWidth' are incompatible.
          Type 'string | number | undefined' is not assignable to type 'number | undefined'.
            Type 'string' is not assignable to type 'number'.
src/app/(dashboard)/components/business-tool-result-context.tsx(228,47): error TS2322: Type '({ size, color, strokeWidth, className, style, ...rest }: CompatProps) => Element' is not assignable to type 'LucideIcon'.
  Type '({ size, color, strokeWidth, className, style, ...rest }: CompatProps) => Element' is not assignable to type 'FunctionComponent<SVGProps<SVGSVGElement>>'.
    Types of parameters '__0' and 'props' are incompatible.
      Type 'SVGProps<SVGSVGElement>' is not assignable to type 'CompatProps'.
        Types of property 'strokeWidth' are incompatible.
          Type 'string | number | undefined' is not assignable to type 'number | undefined'.
            Type 'string' is not assignable to type 'number'.
src/app/(dashboard)/components/business-tool-result-context.tsx(229,50): error TS2322: Type '({ size, color, strokeWidth, className, style, ...rest }: CompatProps) => Element' is not assignable to type 'LucideIcon'.
  Type '({ size, color, strokeWidth, className, style, ...rest }: CompatProps) => Element' is not assignable to type 'FunctionComponent<SVGProps<SVGSVGElement>>'.
    Types of parameters '__0' and 'props' are incompatible.
      Type 'SVGProps<SVGSVGElement>' is not assignable to type 'CompatProps'.
        Types of property 'strokeWidth' are incompatible.
          Type 'string | number | undefined' is not assignable to type 'number | undefined'.
            Type 'string' is not assignable to type 'number'.
src/app/(dashboard)/components/business-tool-result-context.tsx(260,74): error TS2322: Type '({ size, color, strokeWidth, className, style, ...rest }: CompatProps) => Element' is not assignable to type 'LucideIcon'.
  Type '({ size, color, strokeWidth, className, style, ...rest }: CompatProps) => Element' is not assignable to type 'FunctionComponent<SVGProps<SVGSVGElement>>'.
    Types of parameters '__0' and 'props' are incompatible.
      Type 'SVGProps<SVGSVGElement>' is not assignable to type 'CompatProps'.
        Types of property 'strokeWidth' are incompatible.
          Type 'string | number | undefined' is not assignable to type 'number | undefined'.
            Type 'string' is not assignable to type 'number'.
src/app/(dashboard)/components/business-tool-result-context.tsx(261,48): error TS2322: Type '({ size, color, strokeWidth, className, style, ...rest }: CompatProps) => Element' is not assignable to type 'LucideIcon'.
  Type '({ size, color, strokeWidth, className, style, ...rest }: CompatProps) => Element' is not assignable to type 'FunctionComponent<SVGProps<SVGSVGElement>>'.
    Types of parameters '__0' and 'props' are incompatible.
      Type 'SVGProps<SVGSVGElement>' is not assignable to type 'CompatProps'.
        Types of property 'strokeWidth' are incompatible.
          Type 'string | number | undefined' is not assignable to type 'number | undefined'.
            Type 'string' is not assignable to type 'number'.
src/app/(dashboard)/components/business-tool-result-context.tsx(262,80): error TS2322: Type '({ size, color, strokeWidth, className, style, ...rest }: CompatProps) => Element' is not assignable to type 'LucideIcon'.
  Type '({ size, color, strokeWidth, className, style, ...rest }: CompatProps) => Element' is not assignable to type 'FunctionComponent<SVGProps<SVGSVGElement>>'.
    Types of parameters '__0' and 'props' are incompatible.
      Type 'SVGProps<SVGSVGElement>' is not assignable to type 'CompatProps'.
        Types of property 'strokeWidth' are incompatible.
          Type 'string | number | undefined' is not assignable to type 'number | undefined'.
            Type 'string' is not assignable to type 'number'.
src/app/(dashboard)/components/business-tool-result-context.tsx(293,72): error TS2322: Type '({ size, color, strokeWidth, className, style, ...rest }: CompatProps) => Element' is not assignable to type 'LucideIcon'.
  Type '({ size, color, strokeWidth, className, style, ...rest }: CompatProps) => Element' is not assignable to type 'FunctionComponent<SVGProps<SVGSVGElement>>'.
    Types of parameters '__0' and 'props' are incompatible.
      Type 'SVGProps<SVGSVGElement>' is not assignable to type 'CompatProps'.
        Types of property 'strokeWidth' are incompatible.
          Type 'string | number | undefined' is not assignable to type 'number | undefined'.
            Type 'string' is not assignable to type 'number'.
src/app/(dashboard)/components/business-tool-result-context.tsx(294,50): error TS2322: Type '({ size, color, strokeWidth, className, style, ...rest }: CompatProps) => Element' is not assignable to type 'LucideIcon'.
  Type '({ size, color, strokeWidth, className, style, ...rest }: CompatProps) => Element' is not assignable to type 'FunctionComponent<SVGProps<SVGSVGElement>>'.
    Types of parameters '__0' and 'props' are incompatible.
      Type 'SVGProps<SVGSVGElement>' is not assignable to type 'CompatProps'.
        Types of property 'strokeWidth' are incompatible.
          Type 'string | number | undefined' is not assignable to type 'number | undefined'.
            Type 'string' is not assignable to type 'number'.
src/app/(dashboard)/components/business-tool-result-context.tsx(295,53): error TS2322: Type '({ size, color, strokeWidth, className, style, ...rest }: CompatProps) => Element' is not assignable to type 'LucideIcon'.
  Type '({ size, color, strokeWidth, className, style, ...rest }: CompatProps) => Element' is not assignable to type 'FunctionComponent<SVGProps<SVGSVGElement>>'.
    Types of parameters '__0' and 'props' are incompatible.
      Type 'SVGProps<SVGSVGElement>' is not assignable to type 'CompatProps'.
        Types of property 'strokeWidth' are incompatible.
          Type 'string | number | undefined' is not assignable to type 'number | undefined'.
            Type 'string' is not assignable to type 'number'.
src/app/(dashboard)/components/business-tool-result-context.tsx(326,53): error TS2322: Type '({ size, color, strokeWidth, className, style, ...rest }: CompatProps) => Element' is not assignable to type 'LucideIcon'.
  Type '({ size, color, strokeWidth, className, style, ...rest }: CompatProps) => Element' is not assignable to type 'FunctionComponent<SVGProps<SVGSVGElement>>'.
    Types of parameters '__0' and 'props' are incompatible.
      Type 'SVGProps<SVGSVGElement>' is not assignable to type 'CompatProps'.
        Types of property 'strokeWidth' are incompatible.
          Type 'string | number | undefined' is not assignable to type 'number | undefined'.
            Type 'string' is not assignable to type 'number'.
src/app/(dashboard)/components/business-tool-result-context.tsx(327,48): error TS2322: Type '({ size, color, strokeWidth, className, style, ...rest }: CompatProps) => Element' is not assignable to type 'LucideIcon'.
  Type '({ size, color, strokeWidth, className, style, ...rest }: CompatProps) => Element' is not assignable to type 'FunctionComponent<SVGProps<SVGSVGElement>>'.
    Types of parameters '__0' and 'props' are incompatible.
      Type 'SVGProps<SVGSVGElement>' is not assignable to type 'CompatProps'.
        Types of property 'strokeWidth' are incompatible.
          Type 'string | number | undefined' is not assignable to type 'number | undefined'.
            Type 'string' is not assignable to type 'number'.
src/app/(dashboard)/components/business-tool-result-context.tsx(328,55): error TS2322: Type '({ size, color, strokeWidth, className, style, ...rest }: CompatProps) => Element' is not assignable to type 'LucideIcon'.
  Type '({ size, color, strokeWidth, className, style, ...rest }: CompatProps) => Element' is not assignable to type 'FunctionComponent<SVGProps<SVGSVGElement>>'.
    Types of parameters '__0' and 'props' are incompatible.
      Type 'SVGProps<SVGSVGElement>' is not assignable to type 'CompatProps'.
        Types of property 'strokeWidth' are incompatible.
          Type 'string | number | undefined' is not assignable to type 'number | undefined'.
            Type 'string' is not assignable to type 'number'.
src/app/(dashboard)/components/functional-empty-state.tsx(28,9): error TS2322: Type '({ size, color, strokeWidth, className, style, ...rest }: CompatProps) => Element' is not assignable to type 'LucideIcon'.
  Type '({ size, color, strokeWidth, className, style, ...rest }: CompatProps) => Element' is not assignable to type 'FunctionComponent<SVGProps<SVGSVGElement>>'.
    Types of parameters '__0' and 'props' are incompatible.
      Type 'SVGProps<SVGSVGElement>' is not assignable to type 'CompatProps'.
        Types of property 'strokeWidth' are incompatible.
          Type 'string | number | undefined' is not assignable to type 'number | undefined'.
            Type 'string' is not assignable to type 'number'.
src/app/(dashboard)/components/functional-page-experience.tsx(39,5): error TS2322: Type '({ size, color, strokeWidth, className, style, ...rest }: CompatProps) => Element' is not assignable to type 'LucideIcon | undefined'.
  Type '({ size, color, strokeWidth, className, style, ...rest }: CompatProps) => Element' is not assignable to type 'FunctionComponent<SVGProps<SVGSVGElement>>'.
    Types of parameters '__0' and 'props' are incompatible.
      Type 'SVGProps<SVGSVGElement>' is not assignable to type 'CompatProps'.
        Types of property 'strokeWidth' are incompatible.
          Type 'string | number | undefined' is not assignable to type 'number | undefined'.
            Type 'string' is not assignable to type 'number'.
src/app/(dashboard)/components/functional-page-experience.tsx(44,5): error TS2322: Type '({ size, color, strokeWidth, className, style, ...rest }: CompatProps) => Element' is not assignable to type 'LucideIcon | undefined'.
  Type '({ size, color, strokeWidth, className, style, ...rest }: CompatProps) => Element' is not assignable to type 'FunctionComponent<SVGProps<SVGSVGElement>>'.
    Types of parameters '__0' and 'props' are incompatible.
      Type 'SVGProps<SVGSVGElement>' is not assignable to type 'CompatProps'.
        Types of property 'strokeWidth' are incompatible.
          Type 'string | number | undefined' is not assignable to type 'number | undefined'.
            Type 'string' is not assignable to type 'number'.
src/app/(dashboard)/components/functional-page-experience.tsx(49,5): error TS2322: Type '({ size, color, strokeWidth, className, style, ...rest }: CompatProps) => Element' is not assignable to type 'LucideIcon | undefined'.
  Type '({ size, color, strokeWidth, className, style, ...rest }: CompatProps) => Element' is not assignable to type 'FunctionComponent<SVGProps<SVGSVGElement>>'.
    Types of parameters '__0' and 'props' are incompatible.
      Type 'SVGProps<SVGSVGElement>' is not assignable to type 'CompatProps'.
        Types of property 'strokeWidth' are incompatible.
          Type 'string | number | undefined' is not assignable to type 'number | undefined'.
            Type 'string' is not assignable to type 'number'.
src/app/(dashboard)/components/functional-page-experience.tsx(63,5): error TS2322: Type '({ size, color, strokeWidth, className, style, ...rest }: CompatProps) => Element' is not assignable to type 'LucideIcon'.
  Type '({ size, color, strokeWidth, className, style, ...rest }: CompatProps) => Element' is not assignable to type 'FunctionComponent<SVGProps<SVGSVGElement>>'.
    Types of parameters '__0' and 'props' are incompatible.
      Type 'SVGProps<SVGSVGElement>' is not assignable to type 'CompatProps'.
        Types of property 'strokeWidth' are incompatible.
          Type 'string | number | undefined' is not assignable to type 'number | undefined'.
            Type 'string' is not assignable to type 'number'.
src/app/(dashboard)/components/functional-page-experience.tsx(70,5): error TS2322: Type '({ size, color, strokeWidth, className, style, ...rest }: CompatProps) => Element' is not assignable to type 'LucideIcon'.
  Type '({ size, color, strokeWidth, className, style, ...rest }: CompatProps) => Element' is not assignable to type 'FunctionComponent<SVGProps<SVGSVGElement>>'.
    Types of parameters '__0' and 'props' are incompatible.
      Type 'SVGProps<SVGSVGElement>' is not assignable to type 'CompatProps'.
        Types of property 'strokeWidth' are incompatible.
          Type 'string | number | undefined' is not assignable to type 'number | undefined'.
            Type 'string' is not assignable to type 'number'.
src/app/(dashboard)/components/functional-page-experience.tsx(77,5): error TS2322: Type '({ size, color, strokeWidth, className, style, ...rest }: CompatProps) => Element' is not assignable to type 'LucideIcon'.
  Type '({ size, color, strokeWidth, className, style, ...rest }: CompatProps) => Element' is not assignable to type 'FunctionComponent<SVGProps<SVGSVGElement>>'.
    Types of parameters '__0' and 'props' are incompatible.
      Type 'SVGProps<SVGSVGElement>' is not assignable to type 'CompatProps'.
        Types of property 'strokeWidth' are incompatible.
          Type 'string | number | undefined' is not assignable to type 'number | undefined'.
            Type 'string' is not assignable to type 'number'.
src/app/(dashboard)/components/functional-page-experience.tsx(84,5): error TS2322: Type '({ size, color, strokeWidth, className, style, ...rest }: CompatProps) => Element' is not assignable to type 'LucideIcon'.
  Type '({ size, color, strokeWidth, className, style, ...rest }: CompatProps) => Element' is not assignable to type 'FunctionComponent<SVGProps<SVGSVGElement>>'.
    Types of parameters '__0' and 'props' are incompatible.
      Type 'SVGProps<SVGSVGElement>' is not assignable to type 'CompatProps'.
        Types of property 'strokeWidth' are incompatible.
          Type 'string | number | undefined' is not assignable to type 'number | undefined'.
            Type 'string' is not assignable to type 'number'.
src/app/(dashboard)/components/functional-page-experience.tsx(91,5): error TS2322: Type '({ size, color, strokeWidth, className, style, ...rest }: CompatProps) => Element' is not assignable to type 'LucideIcon'.
  Type '({ size, color, strokeWidth, className, style, ...rest }: CompatProps) => Element' is not assignable to type 'FunctionComponent<SVGProps<SVGSVGElement>>'.
    Types of parameters '__0' and 'props' are incompatible.
      Type 'SVGProps<SVGSVGElement>' is not assignable to type 'CompatProps'.
        Types of property 'strokeWidth' are incompatible.
          Type 'string | number | undefined' is not assignable to type 'number | undefined'.
            Type 'string' is not assignable to type 'number'.
src/app/(dashboard)/components/task-experience-flow.tsx(89,5): error TS2322: Type '({ size, color, strokeWidth, className, style, ...rest }: CompatProps) => Element' is not assignable to type 'LucideIcon'.
  Type '({ size, color, strokeWidth, className, style, ...rest }: CompatProps) => Element' is not assignable to type 'FunctionComponent<SVGProps<SVGSVGElement>>'.
    Types of parameters '__0' and 'props' are incompatible.
      Type 'SVGProps<SVGSVGElement>' is not assignable to type 'CompatProps'.
        Types of property 'strokeWidth' are incompatible.
          Type 'string | number | undefined' is not assignable to type 'number | undefined'.
            Type 'string' is not assignable to type 'number'.
src/app/(dashboard)/components/task-experience-flow.tsx(96,5): error TS2322: Type '({ size, color, strokeWidth, className, style, ...rest }: CompatProps) => Element' is not assignable to type 'LucideIcon'.
  Type '({ size, color, strokeWidth, className, style, ...rest }: CompatProps) => Element' is not assignable to type 'FunctionComponent<SVGProps<SVGSVGElement>>'.
    Types of parameters '__0' and 'props' are incompatible.
      Type 'SVGProps<SVGSVGElement>' is not assignable to type 'CompatProps'.
        Types of property 'strokeWidth' are incompatible.
          Type 'string | number | undefined' is not assignable to type 'number | undefined'.
            Type 'string' is not assignable to type 'number'.
src/app/(dashboard)/components/task-experience-flow.tsx(103,5): error TS2322: Type '({ size, color, strokeWidth, className, style, ...rest }: CompatProps) => Element' is not assignable to type 'LucideIcon'.
  Type '({ size, color, strokeWidth, className, style, ...rest }: CompatProps) => Element' is not assignable to type 'FunctionComponent<SVGProps<SVGSVGElement>>'.
    Types of parameters '__0' and 'props' are incompatible.
      Type 'SVGProps<SVGSVGElement>' is not assignable to type 'CompatProps'.
        Types of property 'strokeWidth' are incompatible.
          Type 'string | number | undefined' is not assignable to type 'number | undefined'.
            Type 'string' is not assignable to type 'number'.
src/app/(dashboard)/components/task-experience-flow.tsx(110,5): error TS2322: Type '({ size, color, strokeWidth, className, style, ...rest }: CompatProps) => Element' is not assignable to type 'LucideIcon'.
  Type '({ size, color, strokeWidth, className, style, ...rest }: CompatProps) => Element' is not assignable to type 'FunctionComponent<SVGProps<SVGSVGElement>>'.
    Types of parameters '__0' and 'props' are incompatible.
      Type 'SVGProps<SVGSVGElement>' is not assignable to type 'CompatProps'.
        Types of property 'strokeWidth' are incompatible.
          Type 'string | number | undefined' is not assignable to type 'number | undefined'.
            Type 'string' is not assignable to type 'number'.
src/app/(dashboard)/components/task-experience-flow.tsx(117,5): error TS2322: Type '({ size, color, strokeWidth, className, style, ...rest }: CompatProps) => Element' is not assignable to type 'LucideIcon'.
  Type '({ size, color, strokeWidth, className, style, ...rest }: CompatProps) => Element' is not assignable to type 'FunctionComponent<SVGProps<SVGSVGElement>>'.
    Types of parameters '__0' and 'props' are incompatible.
      Type 'SVGProps<SVGSVGElement>' is not assignable to type 'CompatProps'.
        Types of property 'strokeWidth' are incompatible.
          Type 'string | number | undefined' is not assignable to type 'number | undefined'.
            Type 'string' is not assignable to type 'number'.
src/app/(dashboard)/content/articles/article-list.tsx(256,28): error TS2322: Type '({ size, color, strokeWidth, className, style, ...rest }: CompatProps) => Element' is not assignable to type 'LucideIcon | undefined'.
  Type '({ size, color, strokeWidth, className, style, ...rest }: CompatProps) => Element' is not assignable to type 'FunctionComponent<SVGProps<SVGSVGElement>>'.
    Types of parameters '__0' and 'props' are incompatible.
      Type 'SVGProps<SVGSVGElement>' is not assignable to type 'CompatProps'.
        Types of property 'strokeWidth' are incompatible.
          Type 'string | number | undefined' is not assignable to type 'number | undefined'.
            Type 'string' is not assignable to type 'number'.
src/app/(dashboard)/content/articles/article-list.tsx(282,13): error TS2322: Type '({ size, color, strokeWidth, className, style, ...rest }: CompatProps) => Element' is not assignable to type 'LucideIcon'.
  Type '({ size, color, strokeWidth, className, style, ...rest }: CompatProps) => Element' is not assignable to type 'FunctionComponent<SVGProps<SVGSVGElement>>'.
    Types of parameters '__0' and 'props' are incompatible.
      Type 'SVGProps<SVGSVGElement>' is not assignable to type 'CompatProps'.
        Types of property 'strokeWidth' are incompatible.
          Type 'string | number | undefined' is not assignable to type 'number | undefined'.
            Type 'string' is not assignable to type 'number'.
src/app/(dashboard)/content/articles/article-list.tsx(286,32): error TS2322: Type '({ size, color, strokeWidth, className, style, ...rest }: CompatProps) => Element' is not assignable to type 'LucideIcon | undefined'.
  Type '({ size, color, strokeWidth, className, style, ...rest }: CompatProps) => Element' is not assignable to type 'FunctionComponent<SVGProps<SVGSVGElement>>'.
    Types of parameters '__0' and 'props' are incompatible.
      Type 'SVGProps<SVGSVGElement>' is not assignable to type 'CompatProps'.
        Types of property 'strokeWidth' are incompatible.
          Type 'string | number | undefined' is not assignable to type 'number | undefined'.
            Type 'string' is not assignable to type 'number'.
src/app/(dashboard)/content/articles/article-list.tsx(341,25): error TS2322: Type '({ size, color, strokeWidth, className, style, ...rest }: CompatProps) => Element' is not assignable to type 'LucideIcon | undefined'.
  Type '({ size, color, strokeWidth, className, style, ...rest }: CompatProps) => Element' is not assignable to type 'FunctionComponent<SVGProps<SVGSVGElement>>'.
    Types of parameters '__0' and 'props' are incompatible.
      Type 'SVGProps<SVGSVGElement>' is not assignable to type 'CompatProps'.
        Types of property 'strokeWidth' are incompatible.
          Type 'string | number | undefined' is not assignable to type 'number | undefined'.
            Type 'string' is not assignable to type 'number'.
src/app/(dashboard)/content/articles/article-list.tsx(352,25): error TS2322: Type '({ size, color, strokeWidth, className, style, ...rest }: CompatProps) => Element' is not assignable to type 'LucideIcon | undefined'.
  Type '({ size, color, strokeWidth, className, style, ...rest }: CompatProps) => Element' is not assignable to type 'FunctionComponent<SVGProps<SVGSVGElement>>'.
    Types of parameters '__0' and 'props' are incompatible.
      Type 'SVGProps<SVGSVGElement>' is not assignable to type 'CompatProps'.
        Types of property 'strokeWidth' are incompatible.
          Type 'string | number | undefined' is not assignable to type 'number | undefined'.
            Type 'string' is not assignable to type 'number'.
src/app/(dashboard)/content/articles/article-list.tsx(361,23): error TS2322: Type '({ size, color, strokeWidth, className, style, ...rest }: CompatProps) => Element' is not assignable to type 'LucideIcon | undefined'.
  Type '({ size, color, strokeWidth, className, style, ...rest }: CompatProps) => Element' is not assignable to type 'FunctionComponent<SVGProps<SVGSVGElement>>'.
    Types of parameters '__0' and 'props' are incompatible.
      Type 'SVGProps<SVGSVGElement>' is not assignable to type 'CompatProps'.
        Types of property 'strokeWidth' are incompatible.
          Type 'string | number | undefined' is not assignable to type 'number | undefined'.
            Type 'string' is not assignable to type 'number'.
src/app/(dashboard)/content/articles/article-list.tsx(375,24): error TS2322: Type '({ size, color, strokeWidth, className, style, ...rest }: CompatProps) => Element' is not assignable to type 'LucideIcon | undefined'.
  Type '({ size, color, strokeWidth, className, style, ...rest }: CompatProps) => Element' is not assignable to type 'FunctionComponent<SVGProps<SVGSVGElement>>'.
    Types of parameters '__0' and 'props' are incompatible.
      Type 'SVGProps<SVGSVGElement>' is not assignable to type 'CompatProps'.
        Types of property 'strokeWidth' are incompatible.
          Type 'string | number | undefined' is not assignable to type 'number | undefined'.
            Type 'string' is not assignable to type 'number'.
src/app/(dashboard)/content/content-hub-page.tsx(137,7): error TS2322: Type '({ size, color, strokeWidth, className, style, ...rest }: CompatProps) => Element' is not assignable to type 'LucideIcon'.
  Type '({ size, color, strokeWidth, className, style, ...rest }: CompatProps) => Element' is not assignable to type 'FunctionComponent<SVGProps<SVGSVGElement>>'.
    Types of parameters '__0' and 'props' are incompatible.
      Type 'SVGProps<SVGSVGElement>' is not assignable to type 'CompatProps'.
        Types of property 'strokeWidth' are incompatible.
          Type 'string | number | undefined' is not assignable to type 'number | undefined'.
            Type 'string' is not assignable to type 'number'.
src/app/(dashboard)/content/content-hub-page.tsx(143,7): error TS2322: Type '({ size, color, strokeWidth, className, style, ...rest }: CompatProps) => Element' is not assignable to type 'LucideIcon'.
  Type '({ size, color, strokeWidth, className, style, ...rest }: CompatProps) => Element' is not assignable to type 'FunctionComponent<SVGProps<SVGSVGElement>>'.
    Types of parameters '__0' and 'props' are incompatible.
      Type 'SVGProps<SVGSVGElement>' is not assignable to type 'CompatProps'.
        Types of property 'strokeWidth' are incompatible.
          Type 'string | number | undefined' is not assignable to type 'number | undefined'.
            Type 'string' is not assignable to type 'number'.
src/app/(dashboard)/content/content-hub-page.tsx(148,7): error TS2322: Type '({ size, color, strokeWidth, className, style, ...rest }: CompatProps) => Element' is not assignable to type 'LucideIcon'.
  Type '({ size, color, strokeWidth, className, style, ...rest }: CompatProps) => Element' is not assignable to type 'FunctionComponent<SVGProps<SVGSVGElement>>'.
    Types of parameters '__0' and 'props' are incompatible.
      Type 'SVGProps<SVGSVGElement>' is not assignable to type 'CompatProps'.
        Types of property 'strokeWidth' are incompatible.
          Type 'string | number | undefined' is not assignable to type 'number | undefined'.
            Type 'string' is not assignable to type 'number'.
src/app/(dashboard)/content/content-hub-page.tsx(153,7): error TS2322: Type '({ size, color, strokeWidth, className, style, ...rest }: CompatProps) => Element' is not assignable to type 'LucideIcon'.
  Type '({ size, color, strokeWidth, className, style, ...rest }: CompatProps) => Element' is not assignable to type 'FunctionComponent<SVGProps<SVGSVGElement>>'.
    Types of parameters '__0' and 'props' are incompatible.
      Type 'SVGProps<SVGSVGElement>' is not assignable to type 'CompatProps'.
        Types of property 'strokeWidth' are incompatible.
          Type 'string | number | undefined' is not assignable to type 'number | undefined'.
            Type 'string' is not assignable to type 'number'.
src/app/(dashboard)/content/content-hub-page.tsx(158,7): error TS2322: Type '({ size, color, strokeWidth, className, style, ...rest }: CompatProps) => Element' is not assignable to type 'LucideIcon'.
  Type '({ size, color, strokeWidth, className, style, ...rest }: CompatProps) => Element' is not assignable to type 'FunctionComponent<SVGProps<SVGSVGElement>>'.
    Types of parameters '__0' and 'props' are incompatible.
      Type 'SVGProps<SVGSVGElement>' is not assignable to type 'CompatProps'.
        Types of property 'strokeWidth' are incompatible.
          Type 'string | number | undefined' is not assignable to type 'number | undefined'.
            Type 'string' is not assignable to type 'number'.
src/app/(dashboard)/content/content-hub-page.tsx(163,7): error TS2322: Type '({ size, color, strokeWidth, className, style, ...rest }: CompatProps) => Element' is not assignable to type 'LucideIcon'.
  Type '({ size, color, strokeWidth, className, style, ...rest }: CompatProps) => Element' is not assignable to type 'FunctionComponent<SVGProps<SVGSVGElement>>'.
    Types of parameters '__0' and 'props' are incompatible.
      Type 'SVGProps<SVGSVGElement>' is not assignable to type 'CompatProps'.
        Types of property 'strokeWidth' are incompatible.
          Type 'string | number | undefined' is not assignable to type 'number | undefined'.
            Type 'string' is not assignable to type 'number'.
src/app/(dashboard)/content/face-swap/face-swap-center.tsx(17,7): error TS2322: Type '({ size, color, strokeWidth, className, style, ...rest }: CompatProps) => Element' is not assignable to type 'LucideIcon'.
  Type '({ size, color, strokeWidth, className, style, ...rest }: CompatProps) => Element' is not assignable to type 'FunctionComponent<SVGProps<SVGSVGElement>>'.
    Types of parameters '__0' and 'props' are incompatible.
      Type 'SVGProps<SVGSVGElement>' is not assignable to type 'CompatProps'.
        Types of property 'strokeWidth' are incompatible.
          Type 'string | number | undefined' is not assignable to type 'number | undefined'.
            Type 'string' is not assignable to type 'number'.
src/app/(dashboard)/content/face-swap/face-swap-center.tsx(24,11): error TS2322: Type '({ size, color, strokeWidth, className, style, ...rest }: CompatProps) => Element' is not assignable to type 'LucideIcon | undefined'.
  Type '({ size, color, strokeWidth, className, style, ...rest }: CompatProps) => Element' is not assignable to type 'FunctionComponent<SVGProps<SVGSVGElement>>'.
    Types of parameters '__0' and 'props' are incompatible.
      Type 'SVGProps<SVGSVGElement>' is not assignable to type 'CompatProps'.
        Types of property 'strokeWidth' are incompatible.
          Type 'string | number | undefined' is not assignable to type 'number | undefined'.
            Type 'string' is not assignable to type 'number'.
src/app/(dashboard)/content/face-swap/face-swap-center.tsx(31,11): error TS2322: Type '({ size, color, strokeWidth, className, style, ...rest }: CompatProps) => Element' is not assignable to type 'LucideIcon | undefined'.
  Type '({ size, color, strokeWidth, className, style, ...rest }: CompatProps) => Element' is not assignable to type 'FunctionComponent<SVGProps<SVGSVGElement>>'.
    Types of parameters '__0' and 'props' are incompatible.
      Type 'SVGProps<SVGSVGElement>' is not assignable to type 'CompatProps'.
        Types of property 'strokeWidth' are incompatible.
          Type 'string | number | undefined' is not assignable to type 'number | undefined'.
            Type 'string' is not assignable to type 'number'.
src/app/(dashboard)/content/face-swap/face-swap-center.tsx(38,11): error TS2322: Type '({ size, color, strokeWidth, className, style, ...rest }: CompatProps) => Element' is not assignable to type 'LucideIcon | undefined'.
  Type '({ size, color, strokeWidth, className, style, ...rest }: CompatProps) => Element' is not assignable to type 'FunctionComponent<SVGProps<SVGSVGElement>>'.
    Types of parameters '__0' and 'props' are incompatible.
      Type 'SVGProps<SVGSVGElement>' is not assignable to type 'CompatProps'.
        Types of property 'strokeWidth' are incompatible.
          Type 'string | number | undefined' is not assignable to type 'number | undefined'.
            Type 'string' is not assignable to type 'number'.
src/app/(dashboard)/content/face-swap/face-swap-center.tsx(43,42): error TS2322: Type '({ size, color, strokeWidth, className, style, ...rest }: CompatProps) => Element' is not assignable to type 'LucideIcon | undefined'.
  Type '({ size, color, strokeWidth, className, style, ...rest }: CompatProps) => Element' is not assignable to type 'FunctionComponent<SVGProps<SVGSVGElement>>'.
    Types of parameters '__0' and 'props' are incompatible.
      Type 'SVGProps<SVGSVGElement>' is not assignable to type 'CompatProps'.
        Types of property 'strokeWidth' are incompatible.
          Type 'string | number | undefined' is not assignable to type 'number | undefined'.
            Type 'string' is not assignable to type 'number'.
src/app/(dashboard)/content/face-swap/face-swap-flow.tsx(244,15): error TS2322: Type '({ size, color, strokeWidth, className, style, ...rest }: CompatProps) => Element' is not assignable to type 'LucideIcon | undefined'.
  Type '({ size, color, strokeWidth, className, style, ...rest }: CompatProps) => Element' is not assignable to type 'FunctionComponent<SVGProps<SVGSVGElement>>'.
    Types of parameters '__0' and 'props' are incompatible.
      Type 'SVGProps<SVGSVGElement>' is not assignable to type 'CompatProps'.
        Types of property 'strokeWidth' are incompatible.
          Type 'string | number | undefined' is not assignable to type 'number | undefined'.
            Type 'string' is not assignable to type 'number'.
src/app/(dashboard)/content/face-swap/face-swap-flow.tsx(263,15): error TS2322: Type '({ size, color, strokeWidth, className, style, ...rest }: CompatProps) => Element' is not assignable to type 'LucideIcon'.
  Type '({ size, color, strokeWidth, className, style, ...rest }: CompatProps) => Element' is not assignable to type 'FunctionComponent<SVGProps<SVGSVGElement>>'.
    Types of parameters '__0' and 'props' are incompatible.
      Type 'SVGProps<SVGSVGElement>' is not assignable to type 'CompatProps'.
        Types of property 'strokeWidth' are incompatible.
          Type 'string | number | undefined' is not assignable to type 'number | undefined'.
            Type 'string' is not assignable to type 'number'.
src/app/(dashboard)/content/face-swap/face-swap-flow.tsx(305,28): error TS2322: Type '({ size, color, strokeWidth, className, style, ...rest }: CompatProps) => Element' is not assignable to type 'LucideIcon | undefined'.
  Type '({ size, color, strokeWidth, className, style, ...rest }: CompatProps) => Element' is not assignable to type 'FunctionComponent<SVGProps<SVGSVGElement>>'.
    Types of parameters '__0' and 'props' are incompatible.
      Type 'SVGProps<SVGSVGElement>' is not assignable to type 'CompatProps'.
        Types of property 'strokeWidth' are incompatible.
          Type 'string | number | undefined' is not assignable to type 'number | undefined'.
            Type 'string' is not assignable to type 'number'.
src/app/(dashboard)/content/face-swap/face-swap-flow.tsx(309,15): error TS2322: Type '({ size, color, strokeWidth, className, style, ...rest }: CompatProps) => Element' is not assignable to type 'LucideIcon | undefined'.
  Type '({ size, color, strokeWidth, className, style, ...rest }: CompatProps) => Element' is not assignable to type 'FunctionComponent<SVGProps<SVGSVGElement>>'.
    Types of parameters '__0' and 'props' are incompatible.
      Type 'SVGProps<SVGSVGElement>' is not assignable to type 'CompatProps'.
        Types of property 'strokeWidth' are incompatible.
          Type 'string | number | undefined' is not assignable to type 'number | undefined'.
            Type 'string' is not assignable to type 'number'.
src/app/(dashboard)/content/face-swap/face-swap-flow.tsx(344,28): error TS2322: Type '({ size, color, strokeWidth, className, style, ...rest }: CompatProps) => Element' is not assignable to type 'LucideIcon | undefined'.
  Type '({ size, color, strokeWidth, className, style, ...rest }: CompatProps) => Element' is not assignable to type 'FunctionComponent<SVGProps<SVGSVGElement>>'.
    Types of parameters '__0' and 'props' are incompatible.
      Type 'SVGProps<SVGSVGElement>' is not assignable to type 'CompatProps'.
        Types of property 'strokeWidth' are incompatible.
          Type 'string | number | undefined' is not assignable to type 'number | undefined'.
            Type 'string' is not assignable to type 'number'.
src/app/(dashboard)/content/face-swap/face-swap-flow.tsx(348,15): error TS2322: Type '({ size, color, strokeWidth, className, style, ...rest }: CompatProps) => Element' is not assignable to type 'LucideIcon | undefined'.
  Type '({ size, color, strokeWidth, className, style, ...rest }: CompatProps) => Element' is not assignable to type 'FunctionComponent<SVGProps<SVGSVGElement>>'.
    Types of parameters '__0' and 'props' are incompatible.
      Type 'SVGProps<SVGSVGElement>' is not assignable to type 'CompatProps'.
        Types of property 'strokeWidth' are incompatible.
          Type 'string | number | undefined' is not assignable to type 'number | undefined'.
            Type 'string' is not assignable to type 'number'.
src/app/(dashboard)/content/face-swap/face-swap-works.tsx(79,28): error TS2322: Type '({ size, color, strokeWidth, className, style, ...rest }: CompatProps) => Element' is not assignable to type 'LucideIcon | undefined'.
  Type '({ size, color, strokeWidth, className, style, ...rest }: CompatProps) => Element' is not assignable to type 'FunctionComponent<SVGProps<SVGSVGElement>>'.
    Types of parameters '__0' and 'props' are incompatible.
      Type 'SVGProps<SVGSVGElement>' is not assignable to type 'CompatProps'.
        Types of property 'strokeWidth' are incompatible.
          Type 'string | number | undefined' is not assignable to type 'number | undefined'.
            Type 'string' is not assignable to type 'number'.
src/app/(dashboard)/content/face-swap/face-swap-works.tsx(98,13): error TS2322: Type '({ size, color, strokeWidth, className, style, ...rest }: CompatProps) => Element' is not assignable to type 'LucideIcon'.
  Type '({ size, color, strokeWidth, className, style, ...rest }: CompatProps) => Element' is not assignable to type 'FunctionComponent<SVGProps<SVGSVGElement>>'.
    Types of parameters '__0' and 'props' are incompatible.
      Type 'SVGProps<SVGSVGElement>' is not assignable to type 'CompatProps'.
        Types of property 'strokeWidth' are incompatible.
          Type 'string | number | undefined' is not assignable to type 'number | undefined'.
            Type 'string' is not assignable to type 'number'.
src/app/(dashboard)/content/face-swap/face-swap-works.tsx(102,32): error TS2322: Type '({ size, color, strokeWidth, className, style, ...rest }: CompatProps) => Element' is not assignable to type 'LucideIcon | undefined'.
  Type '({ size, color, strokeWidth, className, style, ...rest }: CompatProps) => Element' is not assignable to type 'FunctionComponent<SVGProps<SVGSVGElement>>'.
    Types of parameters '__0' and 'props' are incompatible.
      Type 'SVGProps<SVGSVGElement>' is not assignable to type 'CompatProps'.
        Types of property 'strokeWidth' are incompatible.
          Type 'string | number | undefined' is not assignable to type 'number | undefined'.
            Type 'string' is not assignable to type 'number'.
src/app/(dashboard)/content/face-swap/face-swap-works.tsx(150,21): error TS2322: Type '({ size, color, strokeWidth, className, style, ...rest }: CompatProps) => Element' is not assignable to type 'LucideIcon | undefined'.
  Type '({ size, color, strokeWidth, className, style, ...rest }: CompatProps) => Element' is not assignable to type 'FunctionComponent<SVGProps<SVGSVGElement>>'.
    Types of parameters '__0' and 'props' are incompatible.
      Type 'SVGProps<SVGSVGElement>' is not assignable to type 'CompatProps'.
        Types of property 'strokeWidth' are incompatible.
          Type 'string | number | undefined' is not assignable to type 'number | undefined'.
            Type 'string' is not assignable to type 'number'.
src/app/(dashboard)/content/face-swap/face-swap-works.tsx(165,24): error TS2322: Type '({ size, color, strokeWidth, className, style, ...rest }: CompatProps) => Element' is not assignable to type 'LucideIcon | undefined'.
  Type '({ size, color, strokeWidth, className, style, ...rest }: CompatProps) => Element' is not assignable to type 'FunctionComponent<SVGProps<SVGSVGElement>>'.
    Types of parameters '__0' and 'props' are incompatible.
      Type 'SVGProps<SVGSVGElement>' is not assignable to type 'CompatProps'.
        Types of property 'strokeWidth' are incompatible.
          Type 'string | number | undefined' is not assignable to type 'number | undefined'.
            Type 'string' is not assignable to type 'number'.
src/app/(dashboard)/content/face-swap/face-swap-works.tsx(168,24): error TS2322: Type '({ size, color, strokeWidth, className, style, ...rest }: CompatProps) => Element' is not assignable to type 'LucideIcon | undefined'.
  Type '({ size, color, strokeWidth, className, style, ...rest }: CompatProps) => Element' is not assignable to type 'FunctionComponent<SVGProps<SVGSVGElement>>'.
    Types of parameters '__0' and 'props' are incompatible.
      Type 'SVGProps<SVGSVGElement>' is not assignable to type 'CompatProps'.
        Types of property 'strokeWidth' are incompatible.
          Type 'string | number | undefined' is not assignable to type 'number | undefined'.
            Type 'string' is not assignable to type 'number'.
src/app/(dashboard)/content/image-gen/page.tsx(315,15): error TS2322: Type '({ size, color, strokeWidth, className, style, ...rest }: CompatProps) => Element' is not assignable to type 'LucideIcon | undefined'.
  Type '({ size, color, strokeWidth, className, style, ...rest }: CompatProps) => Element' is not assignable to type 'FunctionComponent<SVGProps<SVGSVGElement>>'.
    Types of parameters '__0' and 'props' are incompatible.
      Type 'SVGProps<SVGSVGElement>' is not assignable to type 'CompatProps'.
        Types of property 'strokeWidth' are incompatible.
          Type 'string | number | undefined' is not assignable to type 'number | undefined'.
            Type 'string' is not assignable to type 'number'.
src/app/(dashboard)/content/image-gen/page.tsx(331,30): error TS2322: Type '({ size, color, strokeWidth, className, style, ...rest }: CompatProps) => Element' is not assignable to type 'LucideIcon | undefined'.
  Type '({ size, color, strokeWidth, className, style, ...rest }: CompatProps) => Element' is not assignable to type 'FunctionComponent<SVGProps<SVGSVGElement>>'.
    Types of parameters '__0' and 'props' are incompatible.
      Type 'SVGProps<SVGSVGElement>' is not assignable to type 'CompatProps'.
        Types of property 'strokeWidth' are incompatible.
          Type 'string | number | undefined' is not assignable to type 'number | undefined'.
            Type 'string' is not assignable to type 'number'.
src/app/(dashboard)/content/image-gen/page.tsx(394,32): error TS2322: Type '({ size, color, strokeWidth, className, style, ...rest }: CompatProps) => Element' is not assignable to type 'LucideIcon | undefined'.
  Type '({ size, color, strokeWidth, className, style, ...rest }: CompatProps) => Element' is not assignable to type 'FunctionComponent<SVGProps<SVGSVGElement>>'.
    Types of parameters '__0' and 'props' are incompatible.
      Type 'SVGProps<SVGSVGElement>' is not assignable to type 'CompatProps'.
        Types of property 'strokeWidth' are incompatible.
          Type 'string | number | undefined' is not assignable to type 'number | undefined'.
            Type 'string' is not assignable to type 'number'.
src/app/(dashboard)/content/image-gen/page.tsx(426,32): error TS2322: Type '({ size, color, strokeWidth, className, style, ...rest }: CompatProps) => Element' is not assignable to type 'LucideIcon | undefined'.
  Type '({ size, color, strokeWidth, className, style, ...rest }: CompatProps) => Element' is not assignable to type 'FunctionComponent<SVGProps<SVGSVGElement>>'.
    Types of parameters '__0' and 'props' are incompatible.
      Type 'SVGProps<SVGSVGElement>' is not assignable to type 'CompatProps'.
        Types of property 'strokeWidth' are incompatible.
          Type 'string | number | undefined' is not assignable to type 'number | undefined'.
            Type 'string' is not assignable to type 'number'.
src/app/(dashboard)/content/wechat-official-assistant/wechat-official-assistant-client.tsx(895,15): error TS2322: Type '(({ size, color, strokeWidth, className, style, ...rest }: CompatProps) => Element) | undefined' is not assignable to type 'LucideIcon | undefined'.
  Type '({ size, color, strokeWidth, className, style, ...rest }: CompatProps) => Element' is not assignable to type 'LucideIcon | undefined'.
    Type '({ size, color, strokeWidth, className, style, ...rest }: CompatProps) => Element' is not assignable to type 'FunctionComponent<SVGProps<SVGSVGElement>>'.
      Types of parameters '__0' and 'props' are incompatible.
        Type 'SVGProps<SVGSVGElement>' is not assignable to type 'CompatProps'.
          Types of property 'strokeWidth' are incompatible.
            Type 'string | number | undefined' is not assignable to type 'number | undefined'.
              Type 'string' is not assignable to type 'number'.
src/app/(dashboard)/content/wechat-official-assistant/wechat-official-assistant-client.tsx(1009,21): error TS2322: Type '({ size, color, strokeWidth, className, style, ...rest }: CompatProps) => Element' is not assignable to type 'LucideIcon | undefined'.
  Type '({ size, color, strokeWidth, className, style, ...rest }: CompatProps) => Element' is not assignable to type 'FunctionComponent<SVGProps<SVGSVGElement>>'.
    Types of parameters '__0' and 'props' are incompatible.
      Type 'SVGProps<SVGSVGElement>' is not assignable to type 'CompatProps'.
        Types of property 'strokeWidth' are incompatible.
          Type 'string | number | undefined' is not assignable to type 'number | undefined'.
            Type 'string' is not assignable to type 'number'.
src/app/(dashboard)/content/wechat-official-assistant/wechat-official-assistant-client.tsx(1171,17): error TS2322: Type '({ size, color, strokeWidth, className, style, ...rest }: CompatProps) => Element' is not assignable to type 'LucideIcon | undefined'.
  Type '({ size, color, strokeWidth, className, style, ...rest }: CompatProps) => Element' is not assignable to type 'FunctionComponent<SVGProps<SVGSVGElement>>'.
    Types of parameters '__0' and 'props' are incompatible.
      Type 'SVGProps<SVGSVGElement>' is not assignable to type 'CompatProps'.
        Types of property 'strokeWidth' are incompatible.
          Type 'string | number | undefined' is not assignable to type 'number | undefined'.
            Type 'string' is not assignable to type 'number'.
src/app/(dashboard)/content/wechat-official-assistant/wechat-official-assistant-client.tsx(1423,15): error TS2322: Type '({ size, color, strokeWidth, className, style, ...rest }: CompatProps) => Element' is not assignable to type 'LucideIcon | undefined'.
  Type '({ size, color, strokeWidth, className, style, ...rest }: CompatProps) => Element' is not assignable to type 'FunctionComponent<SVGProps<SVGSVGElement>>'.
    Types of parameters '__0' and 'props' are incompatible.
      Type 'SVGProps<SVGSVGElement>' is not assignable to type 'CompatProps'.
        Types of property 'strokeWidth' are incompatible.
          Type 'string | number | undefined' is not assignable to type 'number | undefined'.
            Type 'string' is not assignable to type 'number'.
src/app/(dashboard)/content/workspace/content-workspace-client.tsx(1017,13): error TS2322: Type '({ size, color, strokeWidth, className, style, ...rest }: CompatProps) => Element' is not assignable to type 'LucideIcon | undefined'.
  Type '({ size, color, strokeWidth, className, style, ...rest }: CompatProps) => Element' is not assignable to type 'FunctionComponent<SVGProps<SVGSVGElement>>'.
    Types of parameters '__0' and 'props' are incompatible.
      Type 'SVGProps<SVGSVGElement>' is not assignable to type 'CompatProps'.
        Types of property 'strokeWidth' are incompatible.
          Type 'string | number | undefined' is not assignable to type 'number | undefined'.
            Type 'string' is not assignable to type 'number'.
src/app/(dashboard)/content/workspace/content-workspace-client.tsx(1100,23): error TS2322: Type '({ size, color, strokeWidth, className, style, ...rest }: CompatProps) => Element' is not assignable to type 'LucideIcon | undefined'.
  Type '({ size, color, strokeWidth, className, style, ...rest }: CompatProps) => Element' is not assignable to type 'FunctionComponent<SVGProps<SVGSVGElement>>'.
    Types of parameters '__0' and 'props' are incompatible.
      Type 'SVGProps<SVGSVGElement>' is not assignable to type 'CompatProps'.
        Types of property 'strokeWidth' are incompatible.
          Type 'string | number | undefined' is not assignable to type 'number | undefined'.
            Type 'string' is not assignable to type 'number'.
src/app/(dashboard)/content/workspace/workspace-header.tsx(89,13): error TS2322: Type '({ size, color, strokeWidth, className, style, ...rest }: CompatProps) => Element' is not assignable to type 'LucideIcon | undefined'.
  Type '({ size, color, strokeWidth, className, style, ...rest }: CompatProps) => Element' is not assignable to type 'FunctionComponent<SVGProps<SVGSVGElement>>'.
    Types of parameters '__0' and 'props' are incompatible.
      Type 'SVGProps<SVGSVGElement>' is not assignable to type 'CompatProps'.
        Types of property 'strokeWidth' are incompatible.
          Type 'string | number | undefined' is not assignable to type 'number | undefined'.
            Type 'string' is not assignable to type 'number'.
src/app/(dashboard)/content/workspace/workspace-header.tsx(96,13): error TS2322: Type '({ size, color, strokeWidth, className, style, ...rest }: CompatProps) => Element' is not assignable to type 'LucideIcon | undefined'.
  Type '({ size, color, strokeWidth, className, style, ...rest }: CompatProps) => Element' is not assignable to type 'FunctionComponent<SVGProps<SVGSVGElement>>'.
    Types of parameters '__0' and 'props' are incompatible.
      Type 'SVGProps<SVGSVGElement>' is not assignable to type 'CompatProps'.
        Types of property 'strokeWidth' are incompatible.
          Type 'string | number | undefined' is not assignable to type 'number | undefined'.
            Type 'string' is not assignable to type 'number'.
src/app/(dashboard)/content/workspace/workspace-mobile-tools.tsx(38,11): error TS2322: Type '({ size, color, strokeWidth, className, style, ...rest }: CompatProps) => Element' is not assignable to type 'LucideIcon | undefined'.
  Type '({ size, color, strokeWidth, className, style, ...rest }: CompatProps) => Element' is not assignable to type 'FunctionComponent<SVGProps<SVGSVGElement>>'.
    Types of parameters '__0' and 'props' are incompatible.
      Type 'SVGProps<SVGSVGElement>' is not assignable to type 'CompatProps'.
        Types of property 'strokeWidth' are incompatible.
          Type 'string | number | undefined' is not assignable to type 'number | undefined'.
            Type 'string' is not assignable to type 'number'.
src/app/(dashboard)/content/workspace/workspace-types.ts(33,5): error TS2322: Type '({ size, color, strokeWidth, className, style, ...rest }: CompatProps) => Element' is not assignable to type 'LucideIcon'.
  Type '({ size, color, strokeWidth, className, style, ...rest }: CompatProps) => Element' is not assignable to type 'FunctionComponent<SVGProps<SVGSVGElement>>'.
    Types of parameters '__0' and 'props' are incompatible.
      Type 'SVGProps<SVGSVGElement>' is not assignable to type 'CompatProps'.
        Types of property 'strokeWidth' are incompatible.
          Type 'string | number | undefined' is not assignable to type 'number | undefined'.
            Type 'string' is not assignable to type 'number'.
src/app/(dashboard)/content/workspace/workspace-types.ts(39,5): error TS2322: Type '({ size, color, strokeWidth, className, style, ...rest }: CompatProps) => Element' is not assignable to type 'LucideIcon'.
  Type '({ size, color, strokeWidth, className, style, ...rest }: CompatProps) => Element' is not assignable to type 'FunctionComponent<SVGProps<SVGSVGElement>>'.
    Types of parameters '__0' and 'props' are incompatible.
      Type 'SVGProps<SVGSVGElement>' is not assignable to type 'CompatProps'.
        Types of property 'strokeWidth' are incompatible.
          Type 'string | number | undefined' is not assignable to type 'number | undefined'.
            Type 'string' is not assignable to type 'number'.
src/app/(dashboard)/content/workspace/workspace-types.ts(45,5): error TS2322: Type '({ size, color, strokeWidth, className, style, ...rest }: CompatProps) => Element' is not assignable to type 'LucideIcon'.
  Type '({ size, color, strokeWidth, className, style, ...rest }: CompatProps) => Element' is not assignable to type 'FunctionComponent<SVGProps<SVGSVGElement>>'.
    Types of parameters '__0' and 'props' are incompatible.
      Type 'SVGProps<SVGSVGElement>' is not assignable to type 'CompatProps'.
        Types of property 'strokeWidth' are incompatible.
          Type 'string | number | undefined' is not assignable to type 'number | undefined'.
            Type 'string' is not assignable to type 'number'.
src/app/(dashboard)/content/workspace/workspace-types.ts(51,5): error TS2322: Type '({ size, color, strokeWidth, className, style, ...rest }: CompatProps) => Element' is not assignable to type 'LucideIcon'.
  Type '({ size, color, strokeWidth, className, style, ...rest }: CompatProps) => Element' is not assignable to type 'FunctionComponent<SVGProps<SVGSVGElement>>'.
    Types of parameters '__0' and 'props' are incompatible.
      Type 'SVGProps<SVGSVGElement>' is not assignable to type 'CompatProps'.
        Types of property 'strokeWidth' are incompatible.
          Type 'string | number | undefined' is not assignable to type 'number | undefined'.
            Type 'string' is not assignable to type 'number'.
src/app/(dashboard)/content/workspace/workspace-types.ts(57,5): error TS2322: Type '({ size, color, strokeWidth, className, style, ...rest }: CompatProps) => Element' is not assignable to type 'LucideIcon'.
  Type '({ size, color, strokeWidth, className, style, ...rest }: CompatProps) => Element' is not assignable to type 'FunctionComponent<SVGProps<SVGSVGElement>>'.
    Types of parameters '__0' and 'props' are incompatible.
      Type 'SVGProps<SVGSVGElement>' is not assignable to type 'CompatProps'.
        Types of property 'strokeWidth' are incompatible.
          Type 'string | number | undefined' is not assignable to type 'number | undefined'.
            Type 'string' is not assignable to type 'number'.
src/app/(dashboard)/crm/closer/closer-advice-workbench.tsx(532,13): error TS2322: Type '({ size, color, strokeWidth, className, style, ...rest }: CompatProps) => Element' is not assignable to type 'LucideIcon | undefined'.
  Type '({ size, color, strokeWidth, className, style, ...rest }: CompatProps) => Element' is not assignable to type 'FunctionComponent<SVGProps<SVGSVGElement>>'.
    Types of parameters '__0' and 'props' are incompatible.
      Type 'SVGProps<SVGSVGElement>' is not assignable to type 'CompatProps'.
        Types of property 'strokeWidth' are incompatible.
          Type 'string | number | undefined' is not assignable to type 'number | undefined'.
            Type 'string' is not assignable to type 'number'.
src/app/(dashboard)/crm/closer/closer-advice-workbench.tsx(539,13): error TS2322: Type '({ size, color, strokeWidth, className, style, ...rest }: CompatProps) => Element' is not assignable to type 'LucideIcon | undefined'.
  Type '({ size, color, strokeWidth, className, style, ...rest }: CompatProps) => Element' is not assignable to type 'FunctionComponent<SVGProps<SVGSVGElement>>'.
    Types of parameters '__0' and 'props' are incompatible.
      Type 'SVGProps<SVGSVGElement>' is not assignable to type 'CompatProps'.
        Types of property 'strokeWidth' are incompatible.
          Type 'string | number | undefined' is not assignable to type 'number | undefined'.
            Type 'string' is not assignable to type 'number'.
src/app/(dashboard)/crm/closer/closer-advice-workbench.tsx(714,15): error TS2322: Type '({ size, color, strokeWidth, className, style, ...rest }: CompatProps) => Element' is not assignable to type 'LucideIcon | undefined'.
  Type '({ size, color, strokeWidth, className, style, ...rest }: CompatProps) => Element' is not assignable to type 'FunctionComponent<SVGProps<SVGSVGElement>>'.
    Types of parameters '__0' and 'props' are incompatible.
      Type 'SVGProps<SVGSVGElement>' is not assignable to type 'CompatProps'.
        Types of property 'strokeWidth' are incompatible.
          Type 'string | number | undefined' is not assignable to type 'number | undefined'.
            Type 'string' is not assignable to type 'number'.
src/app/(dashboard)/crm/closer/closer-advice-workbench.tsx(806,23): error TS2322: Type '({ size, color, strokeWidth, className, style, ...rest }: CompatProps) => Element' is not assignable to type 'LucideIcon | undefined'.
  Type '({ size, color, strokeWidth, className, style, ...rest }: CompatProps) => Element' is not assignable to type 'FunctionComponent<SVGProps<SVGSVGElement>>'.
    Types of parameters '__0' and 'props' are incompatible.
      Type 'SVGProps<SVGSVGElement>' is not assignable to type 'CompatProps'.
        Types of property 'strokeWidth' are incompatible.
          Type 'string | number | undefined' is not assignable to type 'number | undefined'.
            Type 'string' is not assignable to type 'number'.
src/app/(dashboard)/crm/closer/closer-advice-workbench.tsx(812,23): error TS2322: Type '({ size, color, strokeWidth, className, style, ...rest }: CompatProps) => Element' is not assignable to type 'LucideIcon | undefined'.
  Type '({ size, color, strokeWidth, className, style, ...rest }: CompatProps) => Element' is not assignable to type 'FunctionComponent<SVGProps<SVGSVGElement>>'.
    Types of parameters '__0' and 'props' are incompatible.
      Type 'SVGProps<SVGSVGElement>' is not assignable to type 'CompatProps'.
        Types of property 'strokeWidth' are incompatible.
          Type 'string | number | undefined' is not assignable to type 'number | undefined'.
            Type 'string' is not assignable to type 'number'.
src/app/(dashboard)/crm/closer/closer-advice-workbench.tsx(870,13): error TS2322: Type '({ size, color, strokeWidth, className, style, ...rest }: CompatProps) => Element' is not assignable to type 'LucideIcon | undefined'.
  Type '({ size, color, strokeWidth, className, style, ...rest }: CompatProps) => Element' is not assignable to type 'FunctionComponent<SVGProps<SVGSVGElement>>'.
    Types of parameters '__0' and 'props' are incompatible.
      Type 'SVGProps<SVGSVGElement>' is not assignable to type 'CompatProps'.
        Types of property 'strokeWidth' are incompatible.
          Type 'string | number | undefined' is not assignable to type 'number | undefined'.
            Type 'string' is not assignable to type 'number'.
src/app/(dashboard)/crm/closer/closer-advice-workbench.tsx(1023,21): error TS2322: Type '({ size, color, strokeWidth, className, style, ...rest }: CompatProps) => Element' is not assignable to type 'LucideIcon | undefined'.
  Type '({ size, color, strokeWidth, className, style, ...rest }: CompatProps) => Element' is not assignable to type 'FunctionComponent<SVGProps<SVGSVGElement>>'.
    Types of parameters '__0' and 'props' are incompatible.
      Type 'SVGProps<SVGSVGElement>' is not assignable to type 'CompatProps'.
        Types of property 'strokeWidth' are incompatible.
          Type 'string | number | undefined' is not assignable to type 'number | undefined'.
            Type 'string' is not assignable to type 'number'.
src/app/(dashboard)/crm/closer/closer-advice-workbench.tsx(1074,11): error TS2322: Type '({ size, color, strokeWidth, className, style, ...rest }: CompatProps) => Element' is not assignable to type 'LucideIcon | undefined'.
  Type '({ size, color, strokeWidth, className, style, ...rest }: CompatProps) => Element' is not assignable to type 'FunctionComponent<SVGProps<SVGSVGElement>>'.
    Types of parameters '__0' and 'props' are incompatible.
      Type 'SVGProps<SVGSVGElement>' is not assignable to type 'CompatProps'.
        Types of property 'strokeWidth' are incompatible.
          Type 'string | number | undefined' is not assignable to type 'number | undefined'.
            Type 'string' is not assignable to type 'number'.
src/app/(dashboard)/crm/closer/closer-advice-workbench.tsx(1237,7): error TS2322: Type '({ size, color, strokeWidth, className, style, ...rest }: CompatProps) => Element' is not assignable to type 'LucideIcon | undefined'.
  Type '({ size, color, strokeWidth, className, style, ...rest }: CompatProps) => Element' is not assignable to type 'FunctionComponent<SVGProps<SVGSVGElement>>'.
    Types of parameters '__0' and 'props' are incompatible.
      Type 'SVGProps<SVGSVGElement>' is not assignable to type 'CompatProps'.
        Types of property 'strokeWidth' are incompatible.
          Type 'string | number | undefined' is not assignable to type 'number | undefined'.
            Type 'string' is not assignable to type 'number'.
src/app/(dashboard)/crm/closer/closer-advice-workbench.tsx(1253,11): error TS2322: Type '({ size, color, strokeWidth, className, style, ...rest }: CompatProps) => Element' is not assignable to type 'LucideIcon | undefined'.
  Type '({ size, color, strokeWidth, className, style, ...rest }: CompatProps) => Element' is not assignable to type 'FunctionComponent<SVGProps<SVGSVGElement>>'.
    Types of parameters '__0' and 'props' are incompatible.
      Type 'SVGProps<SVGSVGElement>' is not assignable to type 'CompatProps'.
        Types of property 'strokeWidth' are incompatible.
          Type 'string | number | undefined' is not assignable to type 'number | undefined'.
            Type 'string' is not assignable to type 'number'.
src/app/(dashboard)/crm/closer/crm-closer-center.tsx(214,26): error TS2322: Type '({ size, color, strokeWidth, className, style, ...rest }: CompatProps) => Element' is not assignable to type 'LucideIcon | undefined'.
  Type '({ size, color, strokeWidth, className, style, ...rest }: CompatProps) => Element' is not assignable to type 'FunctionComponent<SVGProps<SVGSVGElement>>'.
    Types of parameters '__0' and 'props' are incompatible.
      Type 'SVGProps<SVGSVGElement>' is not assignable to type 'CompatProps'.
        Types of property 'strokeWidth' are incompatible.
          Type 'string | number | undefined' is not assignable to type 'number | undefined'.
            Type 'string' is not assignable to type 'number'.
src/app/(dashboard)/crm/closer/crm-closer-center.tsx(233,11): error TS2322: Type '({ size, color, strokeWidth, className, style, ...rest }: CompatProps) => Element' is not assignable to type 'LucideIcon'.
  Type '({ size, color, strokeWidth, className, style, ...rest }: CompatProps) => Element' is not assignable to type 'FunctionComponent<SVGProps<SVGSVGElement>>'.
    Types of parameters '__0' and 'props' are incompatible.
      Type 'SVGProps<SVGSVGElement>' is not assignable to type 'CompatProps'.
        Types of property 'strokeWidth' are incompatible.
          Type 'string | number | undefined' is not assignable to type 'number | undefined'.
            Type 'string' is not assignable to type 'number'.
src/app/(dashboard)/crm/closer/opportunity-detail.tsx(229,13): error TS2322: Type '({ size, color, strokeWidth, className, style, ...rest }: CompatProps) => Element' is not assignable to type 'LucideIcon | undefined'.
  Type '({ size, color, strokeWidth, className, style, ...rest }: CompatProps) => Element' is not assignable to type 'FunctionComponent<SVGProps<SVGSVGElement>>'.
    Types of parameters '__0' and 'props' are incompatible.
      Type 'SVGProps<SVGSVGElement>' is not assignable to type 'CompatProps'.
        Types of property 'strokeWidth' are incompatible.
          Type 'string | number | undefined' is not assignable to type 'number | undefined'.
            Type 'string' is not assignable to type 'number'.
src/app/(dashboard)/crm/connectors/crm-connectors-center.tsx(229,24): error TS2322: Type '({ size, color, strokeWidth, className, style, ...rest }: CompatProps) => Element' is not assignable to type 'LucideIcon | undefined'.
  Type '({ size, color, strokeWidth, className, style, ...rest }: CompatProps) => Element' is not assignable to type 'FunctionComponent<SVGProps<SVGSVGElement>>'.
    Types of parameters '__0' and 'props' are incompatible.
      Type 'SVGProps<SVGSVGElement>' is not assignable to type 'CompatProps'.
        Types of property 'strokeWidth' are incompatible.
          Type 'string | number | undefined' is not assignable to type 'number | undefined'.
            Type 'string' is not assignable to type 'number'.
src/app/(dashboard)/crm/connectors/crm-connectors-center.tsx(244,11): error TS2322: Type '({ size, color, strokeWidth, className, style, ...rest }: CompatProps) => Element' is not assignable to type 'LucideIcon'.
  Type '({ size, color, strokeWidth, className, style, ...rest }: CompatProps) => Element' is not assignable to type 'FunctionComponent<SVGProps<SVGSVGElement>>'.
    Types of parameters '__0' and 'props' are incompatible.
      Type 'SVGProps<SVGSVGElement>' is not assignable to type 'CompatProps'.
        Types of property 'strokeWidth' are incompatible.
          Type 'string | number | undefined' is not assignable to type 'number | undefined'.
            Type 'string' is not assignable to type 'number'.
src/app/(dashboard)/crm/connectors/hubspot-vault-panel.tsx(315,26): error TS2322: Type '({ size, color, strokeWidth, className, style, ...rest }: CompatProps) => Element' is not assignable to type 'LucideIcon | undefined'.
  Type '({ size, color, strokeWidth, className, style, ...rest }: CompatProps) => Element' is not assignable to type 'FunctionComponent<SVGProps<SVGSVGElement>>'.
    Types of parameters '__0' and 'props' are incompatible.
      Type 'SVGProps<SVGSVGElement>' is not assignable to type 'CompatProps'.
        Types of property 'strokeWidth' are incompatible.
          Type 'string | number | undefined' is not assignable to type 'number | undefined'.
            Type 'string' is not assignable to type 'number'.
src/app/(dashboard)/crm/connectors/hubspot-vault-panel.tsx(352,26): error TS2322: Type '({ size, color, strokeWidth, className, style, ...rest }: CompatProps) => Element' is not assignable to type 'LucideIcon | undefined'.
  Type '({ size, color, strokeWidth, className, style, ...rest }: CompatProps) => Element' is not assignable to type 'FunctionComponent<SVGProps<SVGSVGElement>>'.
    Types of parameters '__0' and 'props' are incompatible.
      Type 'SVGProps<SVGSVGElement>' is not assignable to type 'CompatProps'.
        Types of property 'strokeWidth' are incompatible.
          Type 'string | number | undefined' is not assignable to type 'number | undefined'.
            Type 'string' is not assignable to type 'number'.
src/app/(dashboard)/crm/crm-center.tsx(487,9): error TS2322: Type '({ size, color, strokeWidth, className, style, ...rest }: CompatProps) => Element' is not assignable to type 'LucideIcon'.
  Type '({ size, color, strokeWidth, className, style, ...rest }: CompatProps) => Element' is not assignable to type 'FunctionComponent<SVGProps<SVGSVGElement>>'.
    Types of parameters '__0' and 'props' are incompatible.
      Type 'SVGProps<SVGSVGElement>' is not assignable to type 'CompatProps'.
        Types of property 'strokeWidth' are incompatible.
          Type 'string | number | undefined' is not assignable to type 'number | undefined'.
            Type 'string' is not assignable to type 'number'.
src/app/(dashboard)/crm/crm-center.tsx(522,13): error TS2322: Type '({ size, color, strokeWidth, className, style, ...rest }: CompatProps) => Element' is not assignable to type 'LucideIcon | undefined'.
  Type '({ size, color, strokeWidth, className, style, ...rest }: CompatProps) => Element' is not assignable to type 'FunctionComponent<SVGProps<SVGSVGElement>>'.
    Types of parameters '__0' and 'props' are incompatible.
      Type 'SVGProps<SVGSVGElement>' is not assignable to type 'CompatProps'.
        Types of property 'strokeWidth' are incompatible.
          Type 'string | number | undefined' is not assignable to type 'number | undefined'.
            Type 'string' is not assignable to type 'number'.
src/app/(dashboard)/crm/crm-center.tsx(530,13): error TS2322: Type '({ size, color, strokeWidth, className, style, ...rest }: CompatProps) => Element' is not assignable to type 'LucideIcon | undefined'.
  Type '({ size, color, strokeWidth, className, style, ...rest }: CompatProps) => Element' is not assignable to type 'FunctionComponent<SVGProps<SVGSVGElement>>'.
    Types of parameters '__0' and 'props' are incompatible.
      Type 'SVGProps<SVGSVGElement>' is not assignable to type 'CompatProps'.
        Types of property 'strokeWidth' are incompatible.
          Type 'string | number | undefined' is not assignable to type 'number | undefined'.
            Type 'string' is not assignable to type 'number'.
src/app/(dashboard)/crm/crm-center.tsx(538,13): error TS2322: Type '({ size, color, strokeWidth, className, style, ...rest }: CompatProps) => Element' is not assignable to type 'LucideIcon | undefined'.
  Type '({ size, color, strokeWidth, className, style, ...rest }: CompatProps) => Element' is not assignable to type 'FunctionComponent<SVGProps<SVGSVGElement>>'.
    Types of parameters '__0' and 'props' are incompatible.
      Type 'SVGProps<SVGSVGElement>' is not assignable to type 'CompatProps'.
        Types of property 'strokeWidth' are incompatible.
          Type 'string | number | undefined' is not assignable to type 'number | undefined'.
            Type 'string' is not assignable to type 'number'.
src/app/(dashboard)/crm/crm-center.tsx(544,47): error TS2322: Type '({ size, color, strokeWidth, className, style, ...rest }: CompatProps) => Element' is not assignable to type 'LucideIcon | undefined'.
  Type '({ size, color, strokeWidth, className, style, ...rest }: CompatProps) => Element' is not assignable to type 'FunctionComponent<SVGProps<SVGSVGElement>>'.
    Types of parameters '__0' and 'props' are incompatible.
      Type 'SVGProps<SVGSVGElement>' is not assignable to type 'CompatProps'.
        Types of property 'strokeWidth' are incompatible.
          Type 'string | number | undefined' is not assignable to type 'number | undefined'.
            Type 'string' is not assignable to type 'number'.
src/app/(dashboard)/crm/customer-profile.tsx(94,11): error TS2322: Type '({ size, color, strokeWidth, className, style, ...rest }: CompatProps) => Element' is not assignable to type 'LucideIcon'.
  Type '({ size, color, strokeWidth, className, style, ...rest }: CompatProps) => Element' is not assignable to type 'FunctionComponent<SVGProps<SVGSVGElement>>'.
    Types of parameters '__0' and 'props' are incompatible.
      Type 'SVGProps<SVGSVGElement>' is not assignable to type 'CompatProps'.
        Types of property 'strokeWidth' are incompatible.
          Type 'string | number | undefined' is not assignable to type 'number | undefined'.
            Type 'string' is not assignable to type 'number'.
src/app/(dashboard)/crm/customer-profile.tsx(97,28): error TS2322: Type '({ size, color, strokeWidth, className, style, ...rest }: CompatProps) => Element' is not assignable to type 'LucideIcon | undefined'.
  Type '({ size, color, strokeWidth, className, style, ...rest }: CompatProps) => Element' is not assignable to type 'FunctionComponent<SVGProps<SVGSVGElement>>'.
    Types of parameters '__0' and 'props' are incompatible.
      Type 'SVGProps<SVGSVGElement>' is not assignable to type 'CompatProps'.
        Types of property 'strokeWidth' are incompatible.
          Type 'string | number | undefined' is not assignable to type 'number | undefined'.
            Type 'string' is not assignable to type 'number'.
src/app/(dashboard)/crm/customer-profile.tsx(323,24): error TS2322: Type '({ size, color, strokeWidth, className, style, ...rest }: CompatProps) => Element' is not assignable to type 'LucideIcon | undefined'.
  Type '({ size, color, strokeWidth, className, style, ...rest }: CompatProps) => Element' is not assignable to type 'FunctionComponent<SVGProps<SVGSVGElement>>'.
    Types of parameters '__0' and 'props' are incompatible.
      Type 'SVGProps<SVGSVGElement>' is not assignable to type 'CompatProps'.
        Types of property 'strokeWidth' are incompatible.
          Type 'string | number | undefined' is not assignable to type 'number | undefined'.
            Type 'string' is not assignable to type 'number'.
src/app/(dashboard)/crm/customer-profile.tsx(327,11): error TS2322: Type '({ size, color, strokeWidth, className, style, ...rest }: CompatProps) => Element' is not assignable to type 'LucideIcon | undefined'.
  Type '({ size, color, strokeWidth, className, style, ...rest }: CompatProps) => Element' is not assignable to type 'FunctionComponent<SVGProps<SVGSVGElement>>'.
    Types of parameters '__0' and 'props' are incompatible.
      Type 'SVGProps<SVGSVGElement>' is not assignable to type 'CompatProps'.
        Types of property 'strokeWidth' are incompatible.
          Type 'string | number | undefined' is not assignable to type 'number | undefined'.
            Type 'string' is not assignable to type 'number'.
src/app/(dashboard)/crm/customer/page.tsx(33,15): error TS2322: Type '({ size, color, strokeWidth, className, style, ...rest }: CompatProps) => Element' is not assignable to type 'LucideIcon | undefined'.
  Type '({ size, color, strokeWidth, className, style, ...rest }: CompatProps) => Element' is not assignable to type 'FunctionComponent<SVGProps<SVGSVGElement>>'.
    Types of parameters '__0' and 'props' are incompatible.
      Type 'SVGProps<SVGSVGElement>' is not assignable to type 'CompatProps'.
        Types of property 'strokeWidth' are incompatible.
          Type 'string | number | undefined' is not assignable to type 'number | undefined'.
            Type 'string' is not assignable to type 'number'.
src/app/(dashboard)/crm/customer/page.tsx(36,36): error TS2322: Type '({ size, color, strokeWidth, className, style, ...rest }: CompatProps) => Element' is not assignable to type 'LucideIcon | undefined'.
  Type '({ size, color, strokeWidth, className, style, ...rest }: CompatProps) => Element' is not assignable to type 'FunctionComponent<SVGProps<SVGSVGElement>>'.
    Types of parameters '__0' and 'props' are incompatible.
      Type 'SVGProps<SVGSVGElement>' is not assignable to type 'CompatProps'.
        Types of property 'strokeWidth' are incompatible.
          Type 'string | number | undefined' is not assignable to type 'number | undefined'.
            Type 'string' is not assignable to type 'number'.
src/app/(dashboard)/crm/customer/page.tsx(39,11): error TS2322: Type '({ size, color, strokeWidth, className, style, ...rest }: CompatProps) => Element' is not assignable to type 'LucideIcon | undefined'.
  Type '({ size, color, strokeWidth, className, style, ...rest }: CompatProps) => Element' is not assignable to type 'FunctionComponent<SVGProps<SVGSVGElement>>'.
    Types of parameters '__0' and 'props' are incompatible.
      Type 'SVGProps<SVGSVGElement>' is not assignable to type 'CompatProps'.
        Types of property 'strokeWidth' are incompatible.
          Type 'string | number | undefined' is not assignable to type 'number | undefined'.
            Type 'string' is not assignable to type 'number'.
src/app/(dashboard)/crm/customers/[id]/customer-detail-center.tsx(129,9): error TS2322: Type '({ size, color, strokeWidth, className, style, ...rest }: CompatProps) => Element' is not assignable to type 'LucideIcon'.
  Type '({ size, color, strokeWidth, className, style, ...rest }: CompatProps) => Element' is not assignable to type 'FunctionComponent<SVGProps<SVGSVGElement>>'.
    Types of parameters '__0' and 'props' are incompatible.
      Type 'SVGProps<SVGSVGElement>' is not assignable to type 'CompatProps'.
        Types of property 'strokeWidth' are incompatible.
          Type 'string | number | undefined' is not assignable to type 'number | undefined'.
            Type 'string' is not assignable to type 'number'.
src/app/(dashboard)/crm/customers/[id]/customer-detail-center.tsx(134,40): error TS2322: Type '({ size, color, strokeWidth, className, style, ...rest }: CompatProps) => Element' is not assignable to type 'LucideIcon | undefined'.
  Type '({ size, color, strokeWidth, className, style, ...rest }: CompatProps) => Element' is not assignable to type 'FunctionComponent<SVGProps<SVGSVGElement>>'.
    Types of parameters '__0' and 'props' are incompatible.
      Type 'SVGProps<SVGSVGElement>' is not assignable to type 'CompatProps'.
        Types of property 'strokeWidth' are incompatible.
          Type 'string | number | undefined' is not assignable to type 'number | undefined'.
            Type 'string' is not assignable to type 'number'.
src/app/(dashboard)/crm/customers/[id]/customer-detail-center.tsx(150,7): error TS2322: Type '({ size, color, strokeWidth, className, style, ...rest }: CompatProps) => Element' is not assignable to type 'LucideIcon'.
  Type '({ size, color, strokeWidth, className, style, ...rest }: CompatProps) => Element' is not assignable to type 'FunctionComponent<SVGProps<SVGSVGElement>>'.
    Types of parameters '__0' and 'props' are incompatible.
      Type 'SVGProps<SVGSVGElement>' is not assignable to type 'CompatProps'.
        Types of property 'strokeWidth' are incompatible.
          Type 'string | number | undefined' is not assignable to type 'number | undefined'.
            Type 'string' is not assignable to type 'number'.
src/app/(dashboard)/crm/customers/[id]/customer-detail-center.tsx(161,11): error TS2322: Type '({ size, color, strokeWidth, className, style, ...rest }: CompatProps) => Element' is not assignable to type 'LucideIcon | undefined'.
  Type '({ size, color, strokeWidth, className, style, ...rest }: CompatProps) => Element' is not assignable to type 'FunctionComponent<SVGProps<SVGSVGElement>>'.
    Types of parameters '__0' and 'props' are incompatible.
      Type 'SVGProps<SVGSVGElement>' is not assignable to type 'CompatProps'.
        Types of property 'strokeWidth' are incompatible.
          Type 'string | number | undefined' is not assignable to type 'number | undefined'.
            Type 'string' is not assignable to type 'number'.
src/app/(dashboard)/crm/customers/[id]/customer-detail-center.tsx(168,11): error TS2322: Type '({ size, color, strokeWidth, className, style, ...rest }: CompatProps) => Element' is not assignable to type 'LucideIcon | undefined'.
  Type '({ size, color, strokeWidth, className, style, ...rest }: CompatProps) => Element' is not assignable to type 'FunctionComponent<SVGProps<SVGSVGElement>>'.
    Types of parameters '__0' and 'props' are incompatible.
      Type 'SVGProps<SVGSVGElement>' is not assignable to type 'CompatProps'.
        Types of property 'strokeWidth' are incompatible.
          Type 'string | number | undefined' is not assignable to type 'number | undefined'.
            Type 'string' is not assignable to type 'number'.
src/app/(dashboard)/crm/customers/[id]/customer-detail-center.tsx(175,11): error TS2322: Type '({ size, color, strokeWidth, className, style, ...rest }: CompatProps) => Element' is not assignable to type 'LucideIcon | undefined'.
  Type '({ size, color, strokeWidth, className, style, ...rest }: CompatProps) => Element' is not assignable to type 'FunctionComponent<SVGProps<SVGSVGElement>>'.
    Types of parameters '__0' and 'props' are incompatible.
      Type 'SVGProps<SVGSVGElement>' is not assignable to type 'CompatProps'.
        Types of property 'strokeWidth' are incompatible.
          Type 'string | number | undefined' is not assignable to type 'number | undefined'.
            Type 'string' is not assignable to type 'number'.
src/app/(dashboard)/crm/customers/[id]/customer-detail-center.tsx(180,40): error TS2322: Type '({ size, color, strokeWidth, className, style, ...rest }: CompatProps) => Element' is not assignable to type 'LucideIcon | undefined'.
  Type '({ size, color, strokeWidth, className, style, ...rest }: CompatProps) => Element' is not assignable to type 'FunctionComponent<SVGProps<SVGSVGElement>>'.
    Types of parameters '__0' and 'props' are incompatible.
      Type 'SVGProps<SVGSVGElement>' is not assignable to type 'CompatProps'.
        Types of property 'strokeWidth' are incompatible.
          Type 'string | number | undefined' is not assignable to type 'number | undefined'.
            Type 'string' is not assignable to type 'number'.
src/app/(dashboard)/crm/customers/[id]/customer-detail-center.tsx(181,38): error TS2322: Type '({ size, color, strokeWidth, className, style, ...rest }: CompatProps) => Element' is not assignable to type 'LucideIcon | undefined'.
  Type '({ size, color, strokeWidth, className, style, ...rest }: CompatProps) => Element' is not assignable to type 'FunctionComponent<SVGProps<SVGSVGElement>>'.
    Types of parameters '__0' and 'props' are incompatible.
      Type 'SVGProps<SVGSVGElement>' is not assignable to type 'CompatProps'.
        Types of property 'strokeWidth' are incompatible.
          Type 'string | number | undefined' is not assignable to type 'number | undefined'.
            Type 'string' is not assignable to type 'number'.
src/app/(dashboard)/crm/import/crm-import-center.tsx(87,9): error TS2322: Type '({ size, color, strokeWidth, className, style, ...rest }: CompatProps) => Element' is not assignable to type 'LucideIcon'.
  Type '({ size, color, strokeWidth, className, style, ...rest }: CompatProps) => Element' is not assignable to type 'FunctionComponent<SVGProps<SVGSVGElement>>'.
    Types of parameters '__0' and 'props' are incompatible.
      Type 'SVGProps<SVGSVGElement>' is not assignable to type 'CompatProps'.
        Types of property 'strokeWidth' are incompatible.
          Type 'string | number | undefined' is not assignable to type 'number | undefined'.
            Type 'string' is not assignable to type 'number'.
src/app/(dashboard)/crm/import/crm-import-center.tsx(95,13): error TS2322: Type '({ size, color, strokeWidth, className, style, ...rest }: CompatProps) => Element' is not assignable to type 'LucideIcon | undefined'.
  Type '({ size, color, strokeWidth, className, style, ...rest }: CompatProps) => Element' is not assignable to type 'FunctionComponent<SVGProps<SVGSVGElement>>'.
    Types of parameters '__0' and 'props' are incompatible.
      Type 'SVGProps<SVGSVGElement>' is not assignable to type 'CompatProps'.
        Types of property 'strokeWidth' are incompatible.
          Type 'string | number | undefined' is not assignable to type 'number | undefined'.
            Type 'string' is not assignable to type 'number'.
src/app/(dashboard)/crm/import/crm-import-center.tsx(103,13): error TS2322: Type '({ size, color, strokeWidth, className, style, ...rest }: CompatProps) => Element' is not assignable to type 'LucideIcon | undefined'.
  Type '({ size, color, strokeWidth, className, style, ...rest }: CompatProps) => Element' is not assignable to type 'FunctionComponent<SVGProps<SVGSVGElement>>'.
    Types of parameters '__0' and 'props' are incompatible.
      Type 'SVGProps<SVGSVGElement>' is not assignable to type 'CompatProps'.
        Types of property 'strokeWidth' are incompatible.
          Type 'string | number | undefined' is not assignable to type 'number | undefined'.
            Type 'string' is not assignable to type 'number'.
src/app/(dashboard)/crm/import/crm-import-center.tsx(111,13): error TS2322: Type '({ size, color, strokeWidth, className, style, ...rest }: CompatProps) => Element' is not assignable to type 'LucideIcon | undefined'.
  Type '({ size, color, strokeWidth, className, style, ...rest }: CompatProps) => Element' is not assignable to type 'FunctionComponent<SVGProps<SVGSVGElement>>'.
    Types of parameters '__0' and 'props' are incompatible.
      Type 'SVGProps<SVGSVGElement>' is not assignable to type 'CompatProps'.
        Types of property 'strokeWidth' are incompatible.
          Type 'string | number | undefined' is not assignable to type 'number | undefined'.
            Type 'string' is not assignable to type 'number'.
src/app/(dashboard)/crm/import/crm-import-center.tsx(116,65): error TS2322: Type '({ size, color, strokeWidth, className, style, ...rest }: CompatProps) => Element' is not assignable to type 'LucideIcon | undefined'.
  Type '({ size, color, strokeWidth, className, style, ...rest }: CompatProps) => Element' is not assignable to type 'FunctionComponent<SVGProps<SVGSVGElement>>'.
    Types of parameters '__0' and 'props' are incompatible.
      Type 'SVGProps<SVGSVGElement>' is not assignable to type 'CompatProps'.
        Types of property 'strokeWidth' are incompatible.
          Type 'string | number | undefined' is not assignable to type 'number | undefined'.
            Type 'string' is not assignable to type 'number'.
src/app/(dashboard)/crm/import/crm-import-flow.tsx(687,32): error TS2322: Type '({ size, color, strokeWidth, className, style, ...rest }: CompatProps) => Element' is not assignable to type 'LucideIcon | undefined'.
  Type '({ size, color, strokeWidth, className, style, ...rest }: CompatProps) => Element' is not assignable to type 'FunctionComponent<SVGProps<SVGSVGElement>>'.
    Types of parameters '__0' and 'props' are incompatible.
      Type 'SVGProps<SVGSVGElement>' is not assignable to type 'CompatProps'.
        Types of property 'strokeWidth' are incompatible.
          Type 'string | number | undefined' is not assignable to type 'number | undefined'.
            Type 'string' is not assignable to type 'number'.
src/app/(dashboard)/crm/import/crm-import-flow.tsx(716,17): error TS2322: Type '({ size, color, strokeWidth, className, style, ...rest }: CompatProps) => Element' is not assignable to type 'LucideIcon | undefined'.
  Type '({ size, color, strokeWidth, className, style, ...rest }: CompatProps) => Element' is not assignable to type 'FunctionComponent<SVGProps<SVGSVGElement>>'.
    Types of parameters '__0' and 'props' are incompatible.
      Type 'SVGProps<SVGSVGElement>' is not assignable to type 'CompatProps'.
        Types of property 'strokeWidth' are incompatible.
          Type 'string | number | undefined' is not assignable to type 'number | undefined'.
            Type 'string' is not assignable to type 'number'.
src/app/(dashboard)/crm/import/crm-import-flow.tsx(797,28): error TS2322: Type '({ size, color, strokeWidth, className, style, ...rest }: CompatProps) => Element' is not assignable to type 'LucideIcon | undefined'.
  Type '({ size, color, strokeWidth, className, style, ...rest }: CompatProps) => Element' is not assignable to type 'FunctionComponent<SVGProps<SVGSVGElement>>'.
    Types of parameters '__0' and 'props' are incompatible.
      Type 'SVGProps<SVGSVGElement>' is not assignable to type 'CompatProps'.
        Types of property 'strokeWidth' are incompatible.
          Type 'string | number | undefined' is not assignable to type 'number | undefined'.
            Type 'string' is not assignable to type 'number'.
src/app/(dashboard)/crm/import/crm-import-flow.tsx(801,15): error TS2322: Type '({ size, color, strokeWidth, className, style, ...rest }: CompatProps) => Element' is not assignable to type 'LucideIcon | undefined'.
  Type '({ size, color, strokeWidth, className, style, ...rest }: CompatProps) => Element' is not assignable to type 'FunctionComponent<SVGProps<SVGSVGElement>>'.
    Types of parameters '__0' and 'props' are incompatible.
      Type 'SVGProps<SVGSVGElement>' is not assignable to type 'CompatProps'.
        Types of property 'strokeWidth' are incompatible.
          Type 'string | number | undefined' is not assignable to type 'number | undefined'.
            Type 'string' is not assignable to type 'number'.
src/app/(dashboard)/distribution/account-management.tsx(153,13): error TS2322: Type '({ size, color, strokeWidth, className, style, ...rest }: CompatProps) => Element' is not assignable to type 'LucideIcon | undefined'.
  Type '({ size, color, strokeWidth, className, style, ...rest }: CompatProps) => Element' is not assignable to type 'FunctionComponent<SVGProps<SVGSVGElement>>'.
    Types of parameters '__0' and 'props' are incompatible.
      Type 'SVGProps<SVGSVGElement>' is not assignable to type 'CompatProps'.
        Types of property 'strokeWidth' are incompatible.
          Type 'string | number | undefined' is not assignable to type 'number | undefined'.
            Type 'string' is not assignable to type 'number'.
src/app/(dashboard)/distribution/account-management.tsx(166,28): error TS2322: Type '({ size, color, strokeWidth, className, style, ...rest }: CompatProps) => Element' is not assignable to type 'LucideIcon | undefined'.
  Type '({ size, color, strokeWidth, className, style, ...rest }: CompatProps) => Element' is not assignable to type 'FunctionComponent<SVGProps<SVGSVGElement>>'.
    Types of parameters '__0' and 'props' are incompatible.
      Type 'SVGProps<SVGSVGElement>' is not assignable to type 'CompatProps'.
        Types of property 'strokeWidth' are incompatible.
          Type 'string | number | undefined' is not assignable to type 'number | undefined'.
            Type 'string' is not assignable to type 'number'.
src/app/(dashboard)/distribution/account-management.tsx(195,11): error TS2322: Type '({ size, color, strokeWidth, className, style, ...rest }: CompatProps) => Element' is not assignable to type 'LucideIcon'.
  Type '({ size, color, strokeWidth, className, style, ...rest }: CompatProps) => Element' is not assignable to type 'FunctionComponent<SVGProps<SVGSVGElement>>'.
    Types of parameters '__0' and 'props' are incompatible.
      Type 'SVGProps<SVGSVGElement>' is not assignable to type 'CompatProps'.
        Types of property 'strokeWidth' are incompatible.
          Type 'string | number | undefined' is not assignable to type 'number | undefined'.
            Type 'string' is not assignable to type 'number'.
src/app/(dashboard)/distribution/account-management.tsx(199,30): error TS2322: Type '({ size, color, strokeWidth, className, style, ...rest }: CompatProps) => Element' is not assignable to type 'LucideIcon | undefined'.
  Type '({ size, color, strokeWidth, className, style, ...rest }: CompatProps) => Element' is not assignable to type 'FunctionComponent<SVGProps<SVGSVGElement>>'.
    Types of parameters '__0' and 'props' are incompatible.
      Type 'SVGProps<SVGSVGElement>' is not assignable to type 'CompatProps'.
        Types of property 'strokeWidth' are incompatible.
          Type 'string | number | undefined' is not assignable to type 'number | undefined'.
            Type 'string' is not assignable to type 'number'.
src/app/(dashboard)/distribution/account-management.tsx(256,23): error TS2322: Type '({ size, color, strokeWidth, className, style, ...rest }: CompatProps) => Element' is not assignable to type 'LucideIcon | undefined'.
  Type '({ size, color, strokeWidth, className, style, ...rest }: CompatProps) => Element' is not assignable to type 'FunctionComponent<SVGProps<SVGSVGElement>>'.
    Types of parameters '__0' and 'props' are incompatible.
      Type 'SVGProps<SVGSVGElement>' is not assignable to type 'CompatProps'.
        Types of property 'strokeWidth' are incompatible.
          Type 'string | number | undefined' is not assignable to type 'number | undefined'.
            Type 'string' is not assignable to type 'number'.
src/app/(dashboard)/distribution/account-management.tsx(263,23): error TS2322: Type '({ size, color, strokeWidth, className, style, ...rest }: CompatProps) => Element' is not assignable to type 'LucideIcon | undefined'.
  Type '({ size, color, strokeWidth, className, style, ...rest }: CompatProps) => Element' is not assignable to type 'FunctionComponent<SVGProps<SVGSVGElement>>'.
    Types of parameters '__0' and 'props' are incompatible.
      Type 'SVGProps<SVGSVGElement>' is not assignable to type 'CompatProps'.
        Types of property 'strokeWidth' are incompatible.
          Type 'string | number | undefined' is not assignable to type 'number | undefined'.
            Type 'string' is not assignable to type 'number'.
src/app/(dashboard)/distribution/account-management.tsx(270,23): error TS2322: Type '({ size, color, strokeWidth, className, style, ...rest }: CompatProps) => Element' is not assignable to type 'LucideIcon | undefined'.
  Type '({ size, color, strokeWidth, className, style, ...rest }: CompatProps) => Element' is not assignable to type 'FunctionComponent<SVGProps<SVGSVGElement>>'.
    Types of parameters '__0' and 'props' are incompatible.
      Type 'SVGProps<SVGSVGElement>' is not assignable to type 'CompatProps'.
        Types of property 'strokeWidth' are incompatible.
          Type 'string | number | undefined' is not assignable to type 'number | undefined'.
            Type 'string' is not assignable to type 'number'.
src/app/(dashboard)/distribution/account-management.tsx(276,23): error TS2322: Type '({ size, color, strokeWidth, className, style, ...rest }: CompatProps) => Element' is not assignable to type 'LucideIcon | undefined'.
  Type '({ size, color, strokeWidth, className, style, ...rest }: CompatProps) => Element' is not assignable to type 'FunctionComponent<SVGProps<SVGSVGElement>>'.
    Types of parameters '__0' and 'props' are incompatible.
      Type 'SVGProps<SVGSVGElement>' is not assignable to type 'CompatProps'.
        Types of property 'strokeWidth' are incompatible.
          Type 'string | number | undefined' is not assignable to type 'number | undefined'.
            Type 'string' is not assignable to type 'number'.
src/app/(dashboard)/distribution/account-management.tsx(479,27): error TS2322: Type '({ size, color, strokeWidth, className, style, ...rest }: CompatProps) => Element' is not assignable to type 'LucideIcon | undefined'.
  Type '({ size, color, strokeWidth, className, style, ...rest }: CompatProps) => Element' is not assignable to type 'FunctionComponent<SVGProps<SVGSVGElement>>'.
    Types of parameters '__0' and 'props' are incompatible.
      Type 'SVGProps<SVGSVGElement>' is not assignable to type 'CompatProps'.
        Types of property 'strokeWidth' are incompatible.
          Type 'string | number | undefined' is not assignable to type 'number | undefined'.
            Type 'string' is not assignable to type 'number'.
src/app/(dashboard)/distribution/account-management.tsx(493,27): error TS2322: Type '({ size, color, strokeWidth, className, style, ...rest }: CompatProps) => Element' is not assignable to type 'LucideIcon | undefined'.
  Type '({ size, color, strokeWidth, className, style, ...rest }: CompatProps) => Element' is not assignable to type 'FunctionComponent<SVGProps<SVGSVGElement>>'.
    Types of parameters '__0' and 'props' are incompatible.
      Type 'SVGProps<SVGSVGElement>' is not assignable to type 'CompatProps'.
        Types of property 'strokeWidth' are incompatible.
          Type 'string | number | undefined' is not assignable to type 'number | undefined'.
            Type 'string' is not assignable to type 'number'.
src/app/(dashboard)/distribution/compliance/compliance-check-flow.tsx(245,15): error TS2322: Type '({ size, color, strokeWidth, className, style, ...rest }: CompatProps) => Element' is not assignable to type 'LucideIcon | undefined'.
  Type '({ size, color, strokeWidth, className, style, ...rest }: CompatProps) => Element' is not assignable to type 'FunctionComponent<SVGProps<SVGSVGElement>>'.
    Types of parameters '__0' and 'props' are incompatible.
      Type 'SVGProps<SVGSVGElement>' is not assignable to type 'CompatProps'.
        Types of property 'strokeWidth' are incompatible.
          Type 'string | number | undefined' is not assignable to type 'number | undefined'.
            Type 'string' is not assignable to type 'number'.
src/app/(dashboard)/distribution/compliance/compliance-check-flow.tsx(344,24): error TS2322: Type '({ size, color, strokeWidth, className, style, ...rest }: CompatProps) => Element' is not assignable to type 'LucideIcon | undefined'.
  Type '({ size, color, strokeWidth, className, style, ...rest }: CompatProps) => Element' is not assignable to type 'FunctionComponent<SVGProps<SVGSVGElement>>'.
    Types of parameters '__0' and 'props' are incompatible.
      Type 'SVGProps<SVGSVGElement>' is not assignable to type 'CompatProps'.
        Types of property 'strokeWidth' are incompatible.
          Type 'string | number | undefined' is not assignable to type 'number | undefined'.
            Type 'string' is not assignable to type 'number'.
src/app/(dashboard)/distribution/distribution-articles.tsx(170,13): error TS2322: Type '({ size, color, strokeWidth, className, style, ...rest }: CompatProps) => Element' is not assignable to type 'LucideIcon'.
  Type '({ size, color, strokeWidth, className, style, ...rest }: CompatProps) => Element' is not assignable to type 'FunctionComponent<SVGProps<SVGSVGElement>>'.
    Types of parameters '__0' and 'props' are incompatible.
      Type 'SVGProps<SVGSVGElement>' is not assignable to type 'CompatProps'.
        Types of property 'strokeWidth' are incompatible.
          Type 'string | number | undefined' is not assignable to type 'number | undefined'.
            Type 'string' is not assignable to type 'number'.
src/app/(dashboard)/distribution/distribution-articles.tsx(196,19): error TS2322: Type '({ size, color, strokeWidth, className, style, ...rest }: CompatProps) => Element' is not assignable to type 'LucideIcon | undefined'.
  Type '({ size, color, strokeWidth, className, style, ...rest }: CompatProps) => Element' is not assignable to type 'FunctionComponent<SVGProps<SVGSVGElement>>'.
    Types of parameters '__0' and 'props' are incompatible.
      Type 'SVGProps<SVGSVGElement>' is not assignable to type 'CompatProps'.
        Types of property 'strokeWidth' are incompatible.
          Type 'string | number | undefined' is not assignable to type 'number | undefined'.
            Type 'string' is not assignable to type 'number'.
src/app/(dashboard)/distribution/distribution-articles.tsx(210,24): error TS2322: Type '({ size, color, strokeWidth, className, style, ...rest }: CompatProps) => Element' is not assignable to type 'LucideIcon | undefined'.
  Type '({ size, color, strokeWidth, className, style, ...rest }: CompatProps) => Element' is not assignable to type 'FunctionComponent<SVGProps<SVGSVGElement>>'.
    Types of parameters '__0' and 'props' are incompatible.
      Type 'SVGProps<SVGSVGElement>' is not assignable to type 'CompatProps'.
        Types of property 'strokeWidth' are incompatible.
          Type 'string | number | undefined' is not assignable to type 'number | undefined'.
            Type 'string' is not assignable to type 'number'.
src/app/(dashboard)/distribution/distribution-engine-logs.tsx(103,13): error TS2322: Type '({ size, color, strokeWidth, className, style, ...rest }: CompatProps) => Element' is not assignable to type 'LucideIcon | undefined'.
  Type '({ size, color, strokeWidth, className, style, ...rest }: CompatProps) => Element' is not assignable to type 'FunctionComponent<SVGProps<SVGSVGElement>>'.
    Types of parameters '__0' and 'props' are incompatible.
      Type 'SVGProps<SVGSVGElement>' is not assignable to type 'CompatProps'.
        Types of property 'strokeWidth' are incompatible.
          Type 'string | number | undefined' is not assignable to type 'number | undefined'.
            Type 'string' is not assignable to type 'number'.
src/app/(dashboard)/distribution/distribution-engine-logs.tsx(117,15): error TS2322: Type '({ size, color, strokeWidth, className, style, ...rest }: CompatProps) => Element' is not assignable to type 'LucideIcon | undefined'.
  Type '({ size, color, strokeWidth, className, style, ...rest }: CompatProps) => Element' is not assignable to type 'FunctionComponent<SVGProps<SVGSVGElement>>'.
    Types of parameters '__0' and 'props' are incompatible.
      Type 'SVGProps<SVGSVGElement>' is not assignable to type 'CompatProps'.
        Types of property 'strokeWidth' are incompatible.
          Type 'string | number | undefined' is not assignable to type 'number | undefined'.
            Type 'string' is not assignable to type 'number'.
src/app/(dashboard)/distribution/distribution-engine-logs.tsx(122,15): error TS2322: Type '({ size, color, strokeWidth, className, style, ...rest }: CompatProps) => Element' is not assignable to type 'LucideIcon | undefined'.
  Type '({ size, color, strokeWidth, className, style, ...rest }: CompatProps) => Element' is not assignable to type 'FunctionComponent<SVGProps<SVGSVGElement>>'.
    Types of parameters '__0' and 'props' are incompatible.
      Type 'SVGProps<SVGSVGElement>' is not assignable to type 'CompatProps'.
        Types of property 'strokeWidth' are incompatible.
          Type 'string | number | undefined' is not assignable to type 'number | undefined'.
            Type 'string' is not assignable to type 'number'.
src/app/(dashboard)/distribution/distribution-engine-logs.tsx(128,15): error TS2322: Type '({ size, color, strokeWidth, className, style, ...rest }: CompatProps) => Element' is not assignable to type 'LucideIcon | undefined'.
  Type '({ size, color, strokeWidth, className, style, ...rest }: CompatProps) => Element' is not assignable to type 'FunctionComponent<SVGProps<SVGSVGElement>>'.
    Types of parameters '__0' and 'props' are incompatible.
      Type 'SVGProps<SVGSVGElement>' is not assignable to type 'CompatProps'.
        Types of property 'strokeWidth' are incompatible.
          Type 'string | number | undefined' is not assignable to type 'number | undefined'.
            Type 'string' is not assignable to type 'number'.
src/app/(dashboard)/distribution/distribution-engine-logs.tsx(133,13): error TS2322: Type '({ size, color, strokeWidth, className, style, ...rest }: CompatProps) => Element' is not assignable to type 'LucideIcon'.
  Type '({ size, color, strokeWidth, className, style, ...rest }: CompatProps) => Element' is not assignable to type 'FunctionComponent<SVGProps<SVGSVGElement>>'.
    Types of parameters '__0' and 'props' are incompatible.
      Type 'SVGProps<SVGSVGElement>' is not assignable to type 'CompatProps'.
        Types of property 'strokeWidth' are incompatible.
          Type 'string | number | undefined' is not assignable to type 'number | undefined'.
            Type 'string' is not assignable to type 'number'.
src/app/(dashboard)/distribution/distribution-engine-logs.tsx(145,26): error TS2322: Type '({ size, color, strokeWidth, className, style, ...rest }: CompatProps) => Element' is not assignable to type 'LucideIcon | undefined'.
  Type '({ size, color, strokeWidth, className, style, ...rest }: CompatProps) => Element' is not assignable to type 'FunctionComponent<SVGProps<SVGSVGElement>>'.
    Types of parameters '__0' and 'props' are incompatible.
      Type 'SVGProps<SVGSVGElement>' is not assignable to type 'CompatProps'.
        Types of property 'strokeWidth' are incompatible.
          Type 'string | number | undefined' is not assignable to type 'number | undefined'.
            Type 'string' is not assignable to type 'number'.
src/app/(dashboard)/distribution/distribution-engine-logs.tsx(151,56): error TS2322: Type '({ size, color, strokeWidth, className, style, ...rest }: CompatProps) => Element' is not assignable to type 'LucideIcon | undefined'.
  Type '({ size, color, strokeWidth, className, style, ...rest }: CompatProps) => Element' is not assignable to type 'FunctionComponent<SVGProps<SVGSVGElement>>'.
    Types of parameters '__0' and 'props' are incompatible.
      Type 'SVGProps<SVGSVGElement>' is not assignable to type 'CompatProps'.
        Types of property 'strokeWidth' are incompatible.
          Type 'string | number | undefined' is not assignable to type 'number | undefined'.
            Type 'string' is not assignable to type 'number'.
src/app/(dashboard)/distribution/distribution-engine-logs.tsx(156,13): error TS2322: Type '({ size, color, strokeWidth, className, style, ...rest }: CompatProps) => Element' is not assignable to type 'LucideIcon | undefined'.
  Type '({ size, color, strokeWidth, className, style, ...rest }: CompatProps) => Element' is not assignable to type 'FunctionComponent<SVGProps<SVGSVGElement>>'.
    Types of parameters '__0' and 'props' are incompatible.
      Type 'SVGProps<SVGSVGElement>' is not assignable to type 'CompatProps'.
        Types of property 'strokeWidth' are incompatible.
          Type 'string | number | undefined' is not assignable to type 'number | undefined'.
            Type 'string' is not assignable to type 'number'.
src/app/(dashboard)/distribution/distribution-engine-logs.tsx(162,13): error TS2322: Type '({ size, color, strokeWidth, className, style, ...rest }: CompatProps) => Element' is not assignable to type 'LucideIcon | undefined'.
  Type '({ size, color, strokeWidth, className, style, ...rest }: CompatProps) => Element' is not assignable to type 'FunctionComponent<SVGProps<SVGSVGElement>>'.
    Types of parameters '__0' and 'props' are incompatible.
      Type 'SVGProps<SVGSVGElement>' is not assignable to type 'CompatProps'.
        Types of property 'strokeWidth' are incompatible.
          Type 'string | number | undefined' is not assignable to type 'number | undefined'.
            Type 'string' is not assignable to type 'number'.
src/app/(dashboard)/distribution/distribution-engine-logs.tsx(195,15): error TS2322: Type '({ size, color, strokeWidth, className, style, ...rest }: CompatProps) => Element' is not assignable to type 'LucideIcon'.
  Type '({ size, color, strokeWidth, className, style, ...rest }: CompatProps) => Element' is not assignable to type 'FunctionComponent<SVGProps<SVGSVGElement>>'.
    Types of parameters '__0' and 'props' are incompatible.
      Type 'SVGProps<SVGSVGElement>' is not assignable to type 'CompatProps'.
        Types of property 'strokeWidth' are incompatible.
          Type 'string | number | undefined' is not assignable to type 'number | undefined'.
            Type 'string' is not assignable to type 'number'.
src/app/(dashboard)/distribution/distribution-tasks.tsx(425,13): error TS2322: Type '({ size, color, strokeWidth, className, style, ...rest }: CompatProps) => Element' is not assignable to type 'LucideIcon'.
  Type '({ size, color, strokeWidth, className, style, ...rest }: CompatProps) => Element' is not assignable to type 'FunctionComponent<SVGProps<SVGSVGElement>>'.
    Types of parameters '__0' and 'props' are incompatible.
      Type 'SVGProps<SVGSVGElement>' is not assignable to type 'CompatProps'.
        Types of property 'strokeWidth' are incompatible.
          Type 'string | number | undefined' is not assignable to type 'number | undefined'.
            Type 'string' is not assignable to type 'number'.
src/app/(dashboard)/distribution/distribution-tasks.tsx(465,25): error TS2322: Type '({ size, color, strokeWidth, className, style, ...rest }: CompatProps) => Element' is not assignable to type 'LucideIcon | undefined'.
  Type '({ size, color, strokeWidth, className, style, ...rest }: CompatProps) => Element' is not assignable to type 'FunctionComponent<SVGProps<SVGSVGElement>>'.
    Types of parameters '__0' and 'props' are incompatible.
      Type 'SVGProps<SVGSVGElement>' is not assignable to type 'CompatProps'.
        Types of property 'strokeWidth' are incompatible.
          Type 'string | number | undefined' is not assignable to type 'number | undefined'.
            Type 'string' is not assignable to type 'number'.
src/app/(dashboard)/distribution/distribution-tasks.tsx(472,25): error TS2322: Type '({ size, color, strokeWidth, className, style, ...rest }: CompatProps) => Element' is not assignable to type 'LucideIcon | undefined'.
  Type '({ size, color, strokeWidth, className, style, ...rest }: CompatProps) => Element' is not assignable to type 'FunctionComponent<SVGProps<SVGSVGElement>>'.
    Types of parameters '__0' and 'props' are incompatible.
      Type 'SVGProps<SVGSVGElement>' is not assignable to type 'CompatProps'.
        Types of property 'strokeWidth' are incompatible.
          Type 'string | number | undefined' is not assignable to type 'number | undefined'.
            Type 'string' is not assignable to type 'number'.
src/app/(dashboard)/distribution/distribution-tasks.tsx(498,24): error TS2322: Type '({ size, color, strokeWidth, className, style, ...rest }: CompatProps) => Element' is not assignable to type 'LucideIcon | undefined'.
  Type '({ size, color, strokeWidth, className, style, ...rest }: CompatProps) => Element' is not assignable to type 'FunctionComponent<SVGProps<SVGSVGElement>>'.
    Types of parameters '__0' and 'props' are incompatible.
      Type 'SVGProps<SVGSVGElement>' is not assignable to type 'CompatProps'.
        Types of property 'strokeWidth' are incompatible.
          Type 'string | number | undefined' is not assignable to type 'number | undefined'.
            Type 'string' is not assignable to type 'number'.
src/app/(dashboard)/distribution/distribution-tasks.tsx(545,21): error TS2322: Type '({ size, color, strokeWidth, className, style, ...rest }: CompatProps) => Element' is not assignable to type 'LucideIcon | undefined'.
  Type '({ size, color, strokeWidth, className, style, ...rest }: CompatProps) => Element' is not assignable to type 'FunctionComponent<SVGProps<SVGSVGElement>>'.
    Types of parameters '__0' and 'props' are incompatible.
      Type 'SVGProps<SVGSVGElement>' is not assignable to type 'CompatProps'.
        Types of property 'strokeWidth' are incompatible.
          Type 'string | number | undefined' is not assignable to type 'number | undefined'.
            Type 'string' is not assignable to type 'number'.
src/app/(dashboard)/distribution/distribution-tasks.tsx(552,21): error TS2322: Type '({ size, color, strokeWidth, className, style, ...rest }: CompatProps) => Element' is not assignable to type 'LucideIcon | undefined'.
  Type '({ size, color, strokeWidth, className, style, ...rest }: CompatProps) => Element' is not assignable to type 'FunctionComponent<SVGProps<SVGSVGElement>>'.
    Types of parameters '__0' and 'props' are incompatible.
      Type 'SVGProps<SVGSVGElement>' is not assignable to type 'CompatProps'.
        Types of property 'strokeWidth' are incompatible.
          Type 'string | number | undefined' is not assignable to type 'number | undefined'.
            Type 'string' is not assignable to type 'number'.
src/app/(dashboard)/distribution/publish-center.tsx(64,25): error TS2322: Type '({ size, color, strokeWidth, className, style, ...rest }: CompatProps) => Element' is not assignable to type 'LucideIcon'.
  Type '({ size, color, strokeWidth, className, style, ...rest }: CompatProps) => Element' is not assignable to type 'FunctionComponent<SVGProps<SVGSVGElement>>'.
    Types of parameters '__0' and 'props' are incompatible.
      Type 'SVGProps<SVGSVGElement>' is not assignable to type 'CompatProps'.
        Types of property 'strokeWidth' are incompatible.
          Type 'string | number | undefined' is not assignable to type 'number | undefined'.
            Type 'string' is not assignable to type 'number'.
src/app/(dashboard)/distribution/publish-center.tsx(65,28): error TS2322: Type '({ size, color, strokeWidth, className, style, ...rest }: CompatProps) => Element' is not assignable to type 'LucideIcon'.
  Type '({ size, color, strokeWidth, className, style, ...rest }: CompatProps) => Element' is not assignable to type 'FunctionComponent<SVGProps<SVGSVGElement>>'.
    Types of parameters '__0' and 'props' are incompatible.
      Type 'SVGProps<SVGSVGElement>' is not assignable to type 'CompatProps'.
        Types of property 'strokeWidth' are incompatible.
          Type 'string | number | undefined' is not assignable to type 'number | undefined'.
            Type 'string' is not assignable to type 'number'.
src/app/(dashboard)/distribution/publish-center.tsx(66,27): error TS2322: Type '({ size, color, strokeWidth, className, style, ...rest }: CompatProps) => Element' is not assignable to type 'LucideIcon'.
  Type '({ size, color, strokeWidth, className, style, ...rest }: CompatProps) => Element' is not assignable to type 'FunctionComponent<SVGProps<SVGSVGElement>>'.
    Types of parameters '__0' and 'props' are incompatible.
      Type 'SVGProps<SVGSVGElement>' is not assignable to type 'CompatProps'.
        Types of property 'strokeWidth' are incompatible.
          Type 'string | number | undefined' is not assignable to type 'number | undefined'.
            Type 'string' is not assignable to type 'number'.
src/app/(dashboard)/distribution/publish-center.tsx(67,28): error TS2322: Type '({ size, color, strokeWidth, className, style, ...rest }: CompatProps) => Element' is not assignable to type 'LucideIcon'.
  Type '({ size, color, strokeWidth, className, style, ...rest }: CompatProps) => Element' is not assignable to type 'FunctionComponent<SVGProps<SVGSVGElement>>'.
    Types of parameters '__0' and 'props' are incompatible.
      Type 'SVGProps<SVGSVGElement>' is not assignable to type 'CompatProps'.
        Types of property 'strokeWidth' are incompatible.
          Type 'string | number | undefined' is not assignable to type 'number | undefined'.
            Type 'string' is not assignable to type 'number'.
src/app/(dashboard)/distribution/publish-center.tsx(68,30): error TS2322: Type '({ size, color, strokeWidth, className, style, ...rest }: CompatProps) => Element' is not assignable to type 'LucideIcon'.
  Type '({ size, color, strokeWidth, className, style, ...rest }: CompatProps) => Element' is not assignable to type 'FunctionComponent<SVGProps<SVGSVGElement>>'.
    Types of parameters '__0' and 'props' are incompatible.
      Type 'SVGProps<SVGSVGElement>' is not assignable to type 'CompatProps'.
        Types of property 'strokeWidth' are incompatible.
          Type 'string | number | undefined' is not assignable to type 'number | undefined'.
            Type 'string' is not assignable to type 'number'.
src/app/(dashboard)/distribution/publish-center.tsx(69,25): error TS2322: Type '({ size, color, strokeWidth, className, style, ...rest }: CompatProps) => Element' is not assignable to type 'LucideIcon'.
  Type '({ size, color, strokeWidth, className, style, ...rest }: CompatProps) => Element' is not assignable to type 'FunctionComponent<SVGProps<SVGSVGElement>>'.
    Types of parameters '__0' and 'props' are incompatible.
      Type 'SVGProps<SVGSVGElement>' is not assignable to type 'CompatProps'.
        Types of property 'strokeWidth' are incompatible.
          Type 'string | number | undefined' is not assignable to type 'number | undefined'.
            Type 'string' is not assignable to type 'number'.
src/app/(dashboard)/distribution/publish-center.tsx(70,26): error TS2322: Type '({ size, color, strokeWidth, className, style, ...rest }: CompatProps) => Element' is not assignable to type 'LucideIcon'.
  Type '({ size, color, strokeWidth, className, style, ...rest }: CompatProps) => Element' is not assignable to type 'FunctionComponent<SVGProps<SVGSVGElement>>'.
    Types of parameters '__0' and 'props' are incompatible.
      Type 'SVGProps<SVGSVGElement>' is not assignable to type 'CompatProps'.
        Types of property 'strokeWidth' are incompatible.
          Type 'string | number | undefined' is not assignable to type 'number | undefined'.
            Type 'string' is not assignable to type 'number'.
src/app/(dashboard)/distribution/publish-flow.tsx(651,15): error TS2322: Type '({ size, color, strokeWidth, className, style, ...rest }: CompatProps) => Element' is not assignable to type 'LucideIcon'.
  Type '({ size, color, strokeWidth, className, style, ...rest }: CompatProps) => Element' is not assignable to type 'FunctionComponent<SVGProps<SVGSVGElement>>'.
    Types of parameters '__0' and 'props' are incompatible.
      Type 'SVGProps<SVGSVGElement>' is not assignable to type 'CompatProps'.
        Types of property 'strokeWidth' are incompatible.
          Type 'string | number | undefined' is not assignable to type 'number | undefined'.
            Type 'string' is not assignable to type 'number'.
src/app/(dashboard)/distribution/publish-flow.tsx(658,15): error TS2322: Type '({ size, color, strokeWidth, className, style, ...rest }: CompatProps) => Element' is not assignable to type 'LucideIcon'.
  Type '({ size, color, strokeWidth, className, style, ...rest }: CompatProps) => Element' is not assignable to type 'FunctionComponent<SVGProps<SVGSVGElement>>'.
    Types of parameters '__0' and 'props' are incompatible.
      Type 'SVGProps<SVGSVGElement>' is not assignable to type 'CompatProps'.
        Types of property 'strokeWidth' are incompatible.
          Type 'string | number | undefined' is not assignable to type 'number | undefined'.
            Type 'string' is not assignable to type 'number'.
src/app/(dashboard)/distribution/publish-flow.tsx(668,31): error TS2322: Type '({ size, color, strokeWidth, className, style, ...rest }: CompatProps) => Element' is not assignable to type 'LucideIcon'.
  Type '({ size, color, strokeWidth, className, style, ...rest }: CompatProps) => Element' is not assignable to type 'FunctionComponent<SVGProps<SVGSVGElement>>'.
    Types of parameters '__0' and 'props' are incompatible.
      Type 'SVGProps<SVGSVGElement>' is not assignable to type 'CompatProps'.
        Types of property 'strokeWidth' are incompatible.
          Type 'string | number | undefined' is not assignable to type 'number | undefined'.
            Type 'string' is not assignable to type 'number'.
src/app/(dashboard)/distribution/publish-flow.tsx(695,30): error TS2322: Type '({ size, color, strokeWidth, className, style, ...rest }: CompatProps) => Element' is not assignable to type 'LucideIcon | undefined'.
  Type '({ size, color, strokeWidth, className, style, ...rest }: CompatProps) => Element' is not assignable to type 'FunctionComponent<SVGProps<SVGSVGElement>>'.
    Types of parameters '__0' and 'props' are incompatible.
      Type 'SVGProps<SVGSVGElement>' is not assignable to type 'CompatProps'.
        Types of property 'strokeWidth' are incompatible.
          Type 'string | number | undefined' is not assignable to type 'number | undefined'.
            Type 'string' is not assignable to type 'number'.
src/app/(dashboard)/distribution/publish-flow.tsx(707,15): error TS2322: Type '({ size, color, strokeWidth, className, style, ...rest }: CompatProps) => Element' is not assignable to type 'LucideIcon'.
  Type '({ size, color, strokeWidth, className, style, ...rest }: CompatProps) => Element' is not assignable to type 'FunctionComponent<SVGProps<SVGSVGElement>>'.
    Types of parameters '__0' and 'props' are incompatible.
      Type 'SVGProps<SVGSVGElement>' is not assignable to type 'CompatProps'.
        Types of property 'strokeWidth' are incompatible.
          Type 'string | number | undefined' is not assignable to type 'number | undefined'.
            Type 'string' is not assignable to type 'number'.
src/app/(dashboard)/distribution/publish-flow.tsx(749,28): error TS2322: Type '({ size, color, strokeWidth, className, style, ...rest }: CompatProps) => Element' is not assignable to type 'LucideIcon | undefined'.
  Type '({ size, color, strokeWidth, className, style, ...rest }: CompatProps) => Element' is not assignable to type 'FunctionComponent<SVGProps<SVGSVGElement>>'.
    Types of parameters '__0' and 'props' are incompatible.
      Type 'SVGProps<SVGSVGElement>' is not assignable to type 'CompatProps'.
        Types of property 'strokeWidth' are incompatible.
          Type 'string | number | undefined' is not assignable to type 'number | undefined'.
            Type 'string' is not assignable to type 'number'.
src/app/(dashboard)/distribution/publish-flow.tsx(750,30): error TS2322: Type '({ size, color, strokeWidth, className, style, ...rest }: CompatProps) => Element' is not assignable to type 'LucideIcon | undefined'.
  Type '({ size, color, strokeWidth, className, style, ...rest }: CompatProps) => Element' is not assignable to type 'FunctionComponent<SVGProps<SVGSVGElement>>'.
    Types of parameters '__0' and 'props' are incompatible.
      Type 'SVGProps<SVGSVGElement>' is not assignable to type 'CompatProps'.
        Types of property 'strokeWidth' are incompatible.
          Type 'string | number | undefined' is not assignable to type 'number | undefined'.
            Type 'string' is not assignable to type 'number'.
src/app/(dashboard)/distribution/publish-flow.tsx(774,15): error TS2322: Type '({ size, color, strokeWidth, className, style, ...rest }: CompatProps) => Element' is not assignable to type 'LucideIcon'.
  Type '({ size, color, strokeWidth, className, style, ...rest }: CompatProps) => Element' is not assignable to type 'FunctionComponent<SVGProps<SVGSVGElement>>'.
    Types of parameters '__0' and 'props' are incompatible.
      Type 'SVGProps<SVGSVGElement>' is not assignable to type 'CompatProps'.
        Types of property 'strokeWidth' are incompatible.
          Type 'string | number | undefined' is not assignable to type 'number | undefined'.
            Type 'string' is not assignable to type 'number'.
src/app/(dashboard)/distribution/publish-flow.tsx(780,21): error TS2322: Type '(({ size, color, strokeWidth, className, style, ...rest }: CompatProps) => Element) | undefined' is not assignable to type 'LucideIcon | undefined'.
  Type '({ size, color, strokeWidth, className, style, ...rest }: CompatProps) => Element' is not assignable to type 'LucideIcon | undefined'.
    Type '({ size, color, strokeWidth, className, style, ...rest }: CompatProps) => Element' is not assignable to type 'FunctionComponent<SVGProps<SVGSVGElement>>'.
      Types of parameters '__0' and 'props' are incompatible.
        Type 'SVGProps<SVGSVGElement>' is not assignable to type 'CompatProps'.
          Types of property 'strokeWidth' are incompatible.
            Type 'string | number | undefined' is not assignable to type 'number | undefined'.
              Type 'string' is not assignable to type 'number'.
src/app/(dashboard)/distribution/publish-flow.tsx(800,19): error TS2322: Type '(({ size, color, strokeWidth, className, style, ...rest }: CompatProps) => Element) | undefined' is not assignable to type 'LucideIcon | undefined'.
  Type '({ size, color, strokeWidth, className, style, ...rest }: CompatProps) => Element' is not assignable to type 'LucideIcon | undefined'.
    Type '({ size, color, strokeWidth, className, style, ...rest }: CompatProps) => Element' is not assignable to type 'FunctionComponent<SVGProps<SVGSVGElement>>'.
      Types of parameters '__0' and 'props' are incompatible.
        Type 'SVGProps<SVGSVGElement>' is not assignable to type 'CompatProps'.
          Types of property 'strokeWidth' are incompatible.
            Type 'string | number | undefined' is not assignable to type 'number | undefined'.
              Type 'string' is not assignable to type 'number'.
src/app/(dashboard)/distribution/publish-flow.tsx(806,32): error TS2322: Type '({ size, color, strokeWidth, className, style, ...rest }: CompatProps) => Element' is not assignable to type 'LucideIcon | undefined'.
  Type '({ size, color, strokeWidth, className, style, ...rest }: CompatProps) => Element' is not assignable to type 'FunctionComponent<SVGProps<SVGSVGElement>>'.
    Types of parameters '__0' and 'props' are incompatible.
      Type 'SVGProps<SVGSVGElement>' is not assignable to type 'CompatProps'.
        Types of property 'strokeWidth' are incompatible.
          Type 'string | number | undefined' is not assignable to type 'number | undefined'.
            Type 'string' is not assignable to type 'number'.
src/app/(dashboard)/distribution/publish-flow.tsx(876,28): error TS2322: Type '({ size, color, strokeWidth, className, style, ...rest }: CompatProps) => Element' is not assignable to type 'LucideIcon | undefined'.
  Type '({ size, color, strokeWidth, className, style, ...rest }: CompatProps) => Element' is not assignable to type 'FunctionComponent<SVGProps<SVGSVGElement>>'.
    Types of parameters '__0' and 'props' are incompatible.
      Type 'SVGProps<SVGSVGElement>' is not assignable to type 'CompatProps'.
        Types of property 'strokeWidth' are incompatible.
          Type 'string | number | undefined' is not assignable to type 'number | undefined'.
            Type 'string' is not assignable to type 'number'.
src/app/(dashboard)/distribution/publish-flow.tsx(877,30): error TS2322: Type '({ size, color, strokeWidth, className, style, ...rest }: CompatProps) => Element' is not assignable to type 'LucideIcon | undefined'.
  Type '({ size, color, strokeWidth, className, style, ...rest }: CompatProps) => Element' is not assignable to type 'FunctionComponent<SVGProps<SVGSVGElement>>'.
    Types of parameters '__0' and 'props' are incompatible.
      Type 'SVGProps<SVGSVGElement>' is not assignable to type 'CompatProps'.
        Types of property 'strokeWidth' are incompatible.
          Type 'string | number | undefined' is not assignable to type 'number | undefined'.
            Type 'string' is not assignable to type 'number'.
src/app/(dashboard)/distribution/publish-flow.tsx(914,19): error TS2322: Type '({ size, color, strokeWidth, className, style, ...rest }: CompatProps) => Element' is not assignable to type 'LucideIcon'.
  Type '({ size, color, strokeWidth, className, style, ...rest }: CompatProps) => Element' is not assignable to type 'FunctionComponent<SVGProps<SVGSVGElement>>'.
    Types of parameters '__0' and 'props' are incompatible.
      Type 'SVGProps<SVGSVGElement>' is not assignable to type 'CompatProps'.
        Types of property 'strokeWidth' are incompatible.
          Type 'string | number | undefined' is not assignable to type 'number | undefined'.
            Type 'string' is not assignable to type 'number'.
src/app/(dashboard)/distribution/publish-flow.tsx(921,19): error TS2322: Type '({ size, color, strokeWidth, className, style, ...rest }: CompatProps) => Element' is not assignable to type 'LucideIcon'.
  Type '({ size, color, strokeWidth, className, style, ...rest }: CompatProps) => Element' is not assignable to type 'FunctionComponent<SVGProps<SVGSVGElement>>'.
    Types of parameters '__0' and 'props' are incompatible.
      Type 'SVGProps<SVGSVGElement>' is not assignable to type 'CompatProps'.
        Types of property 'strokeWidth' are incompatible.
          Type 'string | number | undefined' is not assignable to type 'number | undefined'.
            Type 'string' is not assignable to type 'number'.
src/app/(dashboard)/distribution/publish-flow.tsx(978,19): error TS2322: Type '({ size, color, strokeWidth, className, style, ...rest }: CompatProps) => Element' is not assignable to type 'LucideIcon'.
  Type '({ size, color, strokeWidth, className, style, ...rest }: CompatProps) => Element' is not assignable to type 'FunctionComponent<SVGProps<SVGSVGElement>>'.
    Types of parameters '__0' and 'props' are incompatible.
      Type 'SVGProps<SVGSVGElement>' is not assignable to type 'CompatProps'.
        Types of property 'strokeWidth' are incompatible.
          Type 'string | number | undefined' is not assignable to type 'number | undefined'.
            Type 'string' is not assignable to type 'number'.
src/app/(dashboard)/distribution/publish-flow.tsx(985,19): error TS2322: Type '({ size, color, strokeWidth, className, style, ...rest }: CompatProps) => Element' is not assignable to type 'LucideIcon'.
  Type '({ size, color, strokeWidth, className, style, ...rest }: CompatProps) => Element' is not assignable to type 'FunctionComponent<SVGProps<SVGSVGElement>>'.
    Types of parameters '__0' and 'props' are incompatible.
      Type 'SVGProps<SVGSVGElement>' is not assignable to type 'CompatProps'.
        Types of property 'strokeWidth' are incompatible.
          Type 'string | number | undefined' is not assignable to type 'number | undefined'.
            Type 'string' is not assignable to type 'number'.
src/app/(dashboard)/distribution/publish-flow.tsx(1009,28): error TS2322: Type '({ size, color, strokeWidth, className, style, ...rest }: CompatProps) => Element' is not assignable to type 'LucideIcon | undefined'.
  Type '({ size, color, strokeWidth, className, style, ...rest }: CompatProps) => Element' is not assignable to type 'FunctionComponent<SVGProps<SVGSVGElement>>'.
    Types of parameters '__0' and 'props' are incompatible.
      Type 'SVGProps<SVGSVGElement>' is not assignable to type 'CompatProps'.
        Types of property 'strokeWidth' are incompatible.
          Type 'string | number | undefined' is not assignable to type 'number | undefined'.
            Type 'string' is not assignable to type 'number'.
src/app/(dashboard)/distribution/publish-flow.tsx(1010,30): error TS2322: Type '({ size, color, strokeWidth, className, style, ...rest }: CompatProps) => Element' is not assignable to type 'LucideIcon | undefined'.
  Type '({ size, color, strokeWidth, className, style, ...rest }: CompatProps) => Element' is not assignable to type 'FunctionComponent<SVGProps<SVGSVGElement>>'.
    Types of parameters '__0' and 'props' are incompatible.
      Type 'SVGProps<SVGSVGElement>' is not assignable to type 'CompatProps'.
        Types of property 'strokeWidth' are incompatible.
          Type 'string | number | undefined' is not assignable to type 'number | undefined'.
            Type 'string' is not assignable to type 'number'.
src/app/(dashboard)/distribution/publish-flow.tsx(1047,32): error TS2322: Type '({ size, color, strokeWidth, className, style, ...rest }: CompatProps) => Element' is not assignable to type 'LucideIcon | undefined'.
  Type '({ size, color, strokeWidth, className, style, ...rest }: CompatProps) => Element' is not assignable to type 'FunctionComponent<SVGProps<SVGSVGElement>>'.
    Types of parameters '__0' and 'props' are incompatible.
      Type 'SVGProps<SVGSVGElement>' is not assignable to type 'CompatProps'.
        Types of property 'strokeWidth' are incompatible.
          Type 'string | number | undefined' is not assignable to type 'number | undefined'.
            Type 'string' is not assignable to type 'number'.
src/app/(dashboard)/distribution/publish-flow.tsx(1107,30): error TS2322: Type '({ size, color, strokeWidth, className, style, ...rest }: CompatProps) => Element' is not assignable to type 'LucideIcon | undefined'.
  Type '({ size, color, strokeWidth, className, style, ...rest }: CompatProps) => Element' is not assignable to type 'FunctionComponent<SVGProps<SVGSVGElement>>'.
    Types of parameters '__0' and 'props' are incompatible.
      Type 'SVGProps<SVGSVGElement>' is not assignable to type 'CompatProps'.
        Types of property 'strokeWidth' are incompatible.
          Type 'string | number | undefined' is not assignable to type 'number | undefined'.
            Type 'string' is not assignable to type 'number'.
src/app/(dashboard)/distribution/publish-flow.tsx(1143,32): error TS2322: Type '({ size, color, strokeWidth, className, style, ...rest }: CompatProps) => Element' is not assignable to type 'LucideIcon | undefined'.
  Type '({ size, color, strokeWidth, className, style, ...rest }: CompatProps) => Element' is not assignable to type 'FunctionComponent<SVGProps<SVGSVGElement>>'.
    Types of parameters '__0' and 'props' are incompatible.
      Type 'SVGProps<SVGSVGElement>' is not assignable to type 'CompatProps'.
        Types of property 'strokeWidth' are incompatible.
          Type 'string | number | undefined' is not assignable to type 'number | undefined'.
            Type 'string' is not assignable to type 'number'.
src/app/(dashboard)/distribution/publish-flow.tsx(1153,32): error TS2322: Type '({ size, color, strokeWidth, className, style, ...rest }: CompatProps) => Element' is not assignable to type 'LucideIcon | undefined'.
  Type '({ size, color, strokeWidth, className, style, ...rest }: CompatProps) => Element' is not assignable to type 'FunctionComponent<SVGProps<SVGSVGElement>>'.
    Types of parameters '__0' and 'props' are incompatible.
      Type 'SVGProps<SVGSVGElement>' is not assignable to type 'CompatProps'.
        Types of property 'strokeWidth' are incompatible.
          Type 'string | number | undefined' is not assignable to type 'number | undefined'.
            Type 'string' is not assignable to type 'number'.
src/app/(dashboard)/distribution/publish-flow.tsx(1164,28): error TS2322: Type '({ size, color, strokeWidth, className, style, ...rest }: CompatProps) => Element' is not assignable to type 'LucideIcon | undefined'.
  Type '({ size, color, strokeWidth, className, style, ...rest }: CompatProps) => Element' is not assignable to type 'FunctionComponent<SVGProps<SVGSVGElement>>'.
    Types of parameters '__0' and 'props' are incompatible.
      Type 'SVGProps<SVGSVGElement>' is not assignable to type 'CompatProps'.
        Types of property 'strokeWidth' are incompatible.
          Type 'string | number | undefined' is not assignable to type 'number | undefined'.
            Type 'string' is not assignable to type 'number'.
src/app/(dashboard)/distribution/publish-flow.tsx(1168,19): error TS2322: Type '({ size, color, strokeWidth, className, style, ...rest }: CompatProps) => Element' is not assignable to type 'LucideIcon | undefined'.
  Type '({ size, color, strokeWidth, className, style, ...rest }: CompatProps) => Element' is not assignable to type 'FunctionComponent<SVGProps<SVGSVGElement>>'.
    Types of parameters '__0' and 'props' are incompatible.
      Type 'SVGProps<SVGSVGElement>' is not assignable to type 'CompatProps'.
        Types of property 'strokeWidth' are incompatible.
          Type 'string | number | undefined' is not assignable to type 'number | undefined'.
            Type 'string' is not assignable to type 'number'.
src/app/(dashboard)/distribution/publish-flow.tsx(1175,19): error TS2322: Type '({ size, color, strokeWidth, className, style, ...rest }: CompatProps) => Element' is not assignable to type 'LucideIcon | undefined'.
  Type '({ size, color, strokeWidth, className, style, ...rest }: CompatProps) => Element' is not assignable to type 'FunctionComponent<SVGProps<SVGSVGElement>>'.
    Types of parameters '__0' and 'props' are incompatible.
      Type 'SVGProps<SVGSVGElement>' is not assignable to type 'CompatProps'.
        Types of property 'strokeWidth' are incompatible.
          Type 'string | number | undefined' is not assignable to type 'number | undefined'.
            Type 'string' is not assignable to type 'number'.
src/app/(dashboard)/distribution/publish-flow.tsx(1229,21): error TS2322: Type '({ size, color, strokeWidth, className, style, ...rest }: CompatProps) => Element' is not assignable to type 'LucideIcon | undefined'.
  Type '({ size, color, strokeWidth, className, style, ...rest }: CompatProps) => Element' is not assignable to type 'FunctionComponent<SVGProps<SVGSVGElement>>'.
    Types of parameters '__0' and 'props' are incompatible.
      Type 'SVGProps<SVGSVGElement>' is not assignable to type 'CompatProps'.
        Types of property 'strokeWidth' are incompatible.
          Type 'string | number | undefined' is not assignable to type 'number | undefined'.
            Type 'string' is not assignable to type 'number'.
src/app/(dashboard)/distribution/publish-flow.tsx(1245,19): error TS2322: Type '({ size, color, strokeWidth, className, style, ...rest }: CompatProps) => Element' is not assignable to type 'LucideIcon | undefined'.
  Type '({ size, color, strokeWidth, className, style, ...rest }: CompatProps) => Element' is not assignable to type 'FunctionComponent<SVGProps<SVGSVGElement>>'.
    Types of parameters '__0' and 'props' are incompatible.
      Type 'SVGProps<SVGSVGElement>' is not assignable to type 'CompatProps'.
        Types of property 'strokeWidth' are incompatible.
          Type 'string | number | undefined' is not assignable to type 'number | undefined'.
            Type 'string' is not assignable to type 'number'.
src/app/(dashboard)/distribution/publish-flow.tsx(1273,19): error TS2322: Type '({ size, color, strokeWidth, className, style, ...rest }: CompatProps) => Element' is not assignable to type 'LucideIcon | undefined'.
  Type '({ size, color, strokeWidth, className, style, ...rest }: CompatProps) => Element' is not assignable to type 'FunctionComponent<SVGProps<SVGSVGElement>>'.
    Types of parameters '__0' and 'props' are incompatible.
      Type 'SVGProps<SVGSVGElement>' is not assignable to type 'CompatProps'.
        Types of property 'strokeWidth' are incompatible.
          Type 'string | number | undefined' is not assignable to type 'number | undefined'.
            Type 'string' is not assignable to type 'number'.
src/app/(dashboard)/distribution/publish-flow.tsx(1314,19): error TS2322: Type '({ size, color, strokeWidth, className, style, ...rest }: CompatProps) => Element' is not assignable to type 'LucideIcon | undefined'.
  Type '({ size, color, strokeWidth, className, style, ...rest }: CompatProps) => Element' is not assignable to type 'FunctionComponent<SVGProps<SVGSVGElement>>'.
    Types of parameters '__0' and 'props' are incompatible.
      Type 'SVGProps<SVGSVGElement>' is not assignable to type 'CompatProps'.
        Types of property 'strokeWidth' are incompatible.
          Type 'string | number | undefined' is not assignable to type 'number | undefined'.
            Type 'string' is not assignable to type 'number'.
src/app/(dashboard)/engagement/_components/channel-console.tsx(648,13): error TS2322: Type '({ size, color, strokeWidth, className, style, ...rest }: CompatProps) => Element' is not assignable to type 'LucideIcon'.
  Type '({ size, color, strokeWidth, className, style, ...rest }: CompatProps) => Element' is not assignable to type 'FunctionComponent<SVGProps<SVGSVGElement>>'.
    Types of parameters '__0' and 'props' are incompatible.
      Type 'SVGProps<SVGSVGElement>' is not assignable to type 'CompatProps'.
        Types of property 'strokeWidth' are incompatible.
          Type 'string | number | undefined' is not assignable to type 'number | undefined'.
            Type 'string' is not assignable to type 'number'.
src/app/(dashboard)/engagement/_components/channel-console.tsx(684,15): error TS2322: Type '({ size, color, strokeWidth, className, style, ...rest }: CompatProps) => Element' is not assignable to type 'LucideIcon | undefined'.
  Type '({ size, color, strokeWidth, className, style, ...rest }: CompatProps) => Element' is not assignable to type 'FunctionComponent<SVGProps<SVGSVGElement>>'.
    Types of parameters '__0' and 'props' are incompatible.
      Type 'SVGProps<SVGSVGElement>' is not assignable to type 'CompatProps'.
        Types of property 'strokeWidth' are incompatible.
          Type 'string | number | undefined' is not assignable to type 'number | undefined'.
            Type 'string' is not assignable to type 'number'.
src/app/(dashboard)/engagement/_components/channel-console.tsx(692,13): error TS2322: Type '({ size, color, strokeWidth, className, style, ...rest }: CompatProps) => Element' is not assignable to type 'LucideIcon | undefined'.
  Type '({ size, color, strokeWidth, className, style, ...rest }: CompatProps) => Element' is not assignable to type 'FunctionComponent<SVGProps<SVGSVGElement>>'.
    Types of parameters '__0' and 'props' are incompatible.
      Type 'SVGProps<SVGSVGElement>' is not assignable to type 'CompatProps'.
        Types of property 'strokeWidth' are incompatible.
          Type 'string | number | undefined' is not assignable to type 'number | undefined'.
            Type 'string' is not assignable to type 'number'.
src/app/(dashboard)/engagement/_components/channel-console.tsx(728,11): error TS2322: Type '({ size, color, strokeWidth, className, style, ...rest }: CompatProps) => Element' is not assignable to type 'LucideIcon | undefined'.
  Type '({ size, color, strokeWidth, className, style, ...rest }: CompatProps) => Element' is not assignable to type 'FunctionComponent<SVGProps<SVGSVGElement>>'.
    Types of parameters '__0' and 'props' are incompatible.
      Type 'SVGProps<SVGSVGElement>' is not assignable to type 'CompatProps'.
        Types of property 'strokeWidth' are incompatible.
          Type 'string | number | undefined' is not assignable to type 'number | undefined'.
            Type 'string' is not assignable to type 'number'.
src/app/(dashboard)/engagement/_components/channel-console.tsx(765,34): error TS2322: Type '({ size, color, strokeWidth, className, style, ...rest }: CompatProps) => Element' is not assignable to type 'LucideIcon | undefined'.
  Type '({ size, color, strokeWidth, className, style, ...rest }: CompatProps) => Element' is not assignable to type 'FunctionComponent<SVGProps<SVGSVGElement>>'.
    Types of parameters '__0' and 'props' are incompatible.
      Type 'SVGProps<SVGSVGElement>' is not assignable to type 'CompatProps'.
        Types of property 'strokeWidth' are incompatible.
          Type 'string | number | undefined' is not assignable to type 'number | undefined'.
            Type 'string' is not assignable to type 'number'.
src/app/(dashboard)/engagement/_components/channel-console.tsx(832,24): error TS2322: Type '({ size, color, strokeWidth, className, style, ...rest }: CompatProps) => Element' is not assignable to type 'LucideIcon | undefined'.
  Type '({ size, color, strokeWidth, className, style, ...rest }: CompatProps) => Element' is not assignable to type 'FunctionComponent<SVGProps<SVGSVGElement>>'.
    Types of parameters '__0' and 'props' are incompatible.
      Type 'SVGProps<SVGSVGElement>' is not assignable to type 'CompatProps'.
        Types of property 'strokeWidth' are incompatible.
          Type 'string | number | undefined' is not assignable to type 'number | undefined'.
            Type 'string' is not assignable to type 'number'.
src/app/(dashboard)/engagement/_components/channel-console.tsx(835,24): error TS2322: Type '({ size, color, strokeWidth, className, style, ...rest }: CompatProps) => Element' is not assignable to type 'LucideIcon | undefined'.
  Type '({ size, color, strokeWidth, className, style, ...rest }: CompatProps) => Element' is not assignable to type 'FunctionComponent<SVGProps<SVGSVGElement>>'.
    Types of parameters '__0' and 'props' are incompatible.
      Type 'SVGProps<SVGSVGElement>' is not assignable to type 'CompatProps'.
        Types of property 'strokeWidth' are incompatible.
          Type 'string | number | undefined' is not assignable to type 'number | undefined'.
            Type 'string' is not assignable to type 'number'.
src/app/(dashboard)/engagement/comment-acquisition/page.tsx(302,13): error TS2322: Type '({ size, color, strokeWidth, className, style, ...rest }: CompatProps) => Element' is not assignable to type 'LucideIcon | undefined'.
  Type '({ size, color, strokeWidth, className, style, ...rest }: CompatProps) => Element' is not assignable to type 'FunctionComponent<SVGProps<SVGSVGElement>>'.
    Types of parameters '__0' and 'props' are incompatible.
      Type 'SVGProps<SVGSVGElement>' is not assignable to type 'CompatProps'.
        Types of property 'strokeWidth' are incompatible.
          Type 'string | number | undefined' is not assignable to type 'number | undefined'.
            Type 'string' is not assignable to type 'number'.
src/app/(dashboard)/engagement/comment-acquisition/page.tsx(312,26): error TS2322: Type '({ size, color, strokeWidth, className, style, ...rest }: CompatProps) => Element' is not assignable to type 'LucideIcon | undefined'.
  Type '({ size, color, strokeWidth, className, style, ...rest }: CompatProps) => Element' is not assignable to type 'FunctionComponent<SVGProps<SVGSVGElement>>'.
    Types of parameters '__0' and 'props' are incompatible.
      Type 'SVGProps<SVGSVGElement>' is not assignable to type 'CompatProps'.
        Types of property 'strokeWidth' are incompatible.
          Type 'string | number | undefined' is not assignable to type 'number | undefined'.
            Type 'string' is not assignable to type 'number'.
src/app/(dashboard)/engagement/comment-acquisition/page.tsx(360,28): error TS2322: Type '({ size, color, strokeWidth, className, style, ...rest }: CompatProps) => Element' is not assignable to type 'LucideIcon | undefined'.
  Type '({ size, color, strokeWidth, className, style, ...rest }: CompatProps) => Element' is not assignable to type 'FunctionComponent<SVGProps<SVGSVGElement>>'.
    Types of parameters '__0' and 'props' are incompatible.
      Type 'SVGProps<SVGSVGElement>' is not assignable to type 'CompatProps'.
        Types of property 'strokeWidth' are incompatible.
          Type 'string | number | undefined' is not assignable to type 'number | undefined'.
            Type 'string' is not assignable to type 'number'.
src/app/(dashboard)/engagement/comment-acquisition/page.tsx(419,27): error TS2322: Type '({ size, color, strokeWidth, className, style, ...rest }: CompatProps) => Element' is not assignable to type 'LucideIcon | undefined'.
  Type '({ size, color, strokeWidth, className, style, ...rest }: CompatProps) => Element' is not assignable to type 'FunctionComponent<SVGProps<SVGSVGElement>>'.
    Types of parameters '__0' and 'props' are incompatible.
      Type 'SVGProps<SVGSVGElement>' is not assignable to type 'CompatProps'.
        Types of property 'strokeWidth' are incompatible.
          Type 'string | number | undefined' is not assignable to type 'number | undefined'.
            Type 'string' is not assignable to type 'number'.
src/app/(dashboard)/engagement/comment-acquisition/page.tsx(431,25): error TS2322: Type '({ size, color, strokeWidth, className, style, ...rest }: CompatProps) => Element' is not assignable to type 'LucideIcon | undefined'.
  Type '({ size, color, strokeWidth, className, style, ...rest }: CompatProps) => Element' is not assignable to type 'FunctionComponent<SVGProps<SVGSVGElement>>'.
    Types of parameters '__0' and 'props' are incompatible.
      Type 'SVGProps<SVGSVGElement>' is not assignable to type 'CompatProps'.
        Types of property 'strokeWidth' are incompatible.
          Type 'string | number | undefined' is not assignable to type 'number | undefined'.
            Type 'string' is not assignable to type 'number'.
src/app/(dashboard)/engagement/comment-insights/comment-insights-center.tsx(31,7): error TS2322: Type '({ size, color, strokeWidth, className, style, ...rest }: CompatProps) => Element' is not assignable to type 'LucideIcon'.
  Type '({ size, color, strokeWidth, className, style, ...rest }: CompatProps) => Element' is not assignable to type 'FunctionComponent<SVGProps<SVGSVGElement>>'.
    Types of parameters '__0' and 'props' are incompatible.
      Type 'SVGProps<SVGSVGElement>' is not assignable to type 'CompatProps'.
        Types of property 'strokeWidth' are incompatible.
          Type 'string | number | undefined' is not assignable to type 'number | undefined'.
            Type 'string' is not assignable to type 'number'.
src/app/(dashboard)/engagement/comment-insights/comment-insights-center.tsx(41,11): error TS2322: Type '({ size, color, strokeWidth, className, style, ...rest }: CompatProps) => Element' is not assignable to type 'LucideIcon | undefined'.
  Type '({ size, color, strokeWidth, className, style, ...rest }: CompatProps) => Element' is not assignable to type 'FunctionComponent<SVGProps<SVGSVGElement>>'.
    Types of parameters '__0' and 'props' are incompatible.
      Type 'SVGProps<SVGSVGElement>' is not assignable to type 'CompatProps'.
        Types of property 'strokeWidth' are incompatible.
          Type 'string | number | undefined' is not assignable to type 'number | undefined'.
            Type 'string' is not assignable to type 'number'.
src/app/(dashboard)/engagement/comment-insights/comment-insights-center.tsx(48,11): error TS2322: Type '({ size, color, strokeWidth, className, style, ...rest }: CompatProps) => Element' is not assignable to type 'LucideIcon | undefined'.
  Type '({ size, color, strokeWidth, className, style, ...rest }: CompatProps) => Element' is not assignable to type 'FunctionComponent<SVGProps<SVGSVGElement>>'.
    Types of parameters '__0' and 'props' are incompatible.
      Type 'SVGProps<SVGSVGElement>' is not assignable to type 'CompatProps'.
        Types of property 'strokeWidth' are incompatible.
          Type 'string | number | undefined' is not assignable to type 'number | undefined'.
            Type 'string' is not assignable to type 'number'.
src/app/(dashboard)/engagement/comment-insights/comment-insights-center.tsx(55,11): error TS2322: Type '({ size, color, strokeWidth, className, style, ...rest }: CompatProps) => Element' is not assignable to type 'LucideIcon | undefined'.
  Type '({ size, color, strokeWidth, className, style, ...rest }: CompatProps) => Element' is not assignable to type 'FunctionComponent<SVGProps<SVGSVGElement>>'.
    Types of parameters '__0' and 'props' are incompatible.
      Type 'SVGProps<SVGSVGElement>' is not assignable to type 'CompatProps'.
        Types of property 'strokeWidth' are incompatible.
          Type 'string | number | undefined' is not assignable to type 'number | undefined'.
            Type 'string' is not assignable to type 'number'.
src/app/(dashboard)/engagement/rules/reply-rules-center.tsx(31,7): error TS2322: Type '({ size, color, strokeWidth, className, style, ...rest }: CompatProps) => Element' is not assignable to type 'LucideIcon'.
  Type '({ size, color, strokeWidth, className, style, ...rest }: CompatProps) => Element' is not assignable to type 'FunctionComponent<SVGProps<SVGSVGElement>>'.
    Types of parameters '__0' and 'props' are incompatible.
      Type 'SVGProps<SVGSVGElement>' is not assignable to type 'CompatProps'.
        Types of property 'strokeWidth' are incompatible.
          Type 'string | number | undefined' is not assignable to type 'number | undefined'.
            Type 'string' is not assignable to type 'number'.
src/app/(dashboard)/engagement/rules/reply-rules-center.tsx(42,11): error TS2322: Type '({ size, color, strokeWidth, className, style, ...rest }: CompatProps) => Element' is not assignable to type 'LucideIcon | undefined'.
  Type '({ size, color, strokeWidth, className, style, ...rest }: CompatProps) => Element' is not assignable to type 'FunctionComponent<SVGProps<SVGSVGElement>>'.
    Types of parameters '__0' and 'props' are incompatible.
      Type 'SVGProps<SVGSVGElement>' is not assignable to type 'CompatProps'.
        Types of property 'strokeWidth' are incompatible.
          Type 'string | number | undefined' is not assignable to type 'number | undefined'.
            Type 'string' is not assignable to type 'number'.
src/app/(dashboard)/engagement/rules/reply-rules-center.tsx(50,11): error TS2322: Type '({ size, color, strokeWidth, className, style, ...rest }: CompatProps) => Element' is not assignable to type 'LucideIcon | undefined'.
  Type '({ size, color, strokeWidth, className, style, ...rest }: CompatProps) => Element' is not assignable to type 'FunctionComponent<SVGProps<SVGSVGElement>>'.
    Types of parameters '__0' and 'props' are incompatible.
      Type 'SVGProps<SVGSVGElement>' is not assignable to type 'CompatProps'.
        Types of property 'strokeWidth' are incompatible.
          Type 'string | number | undefined' is not assignable to type 'number | undefined'.
            Type 'string' is not assignable to type 'number'.
src/app/(dashboard)/engagement/rules/reply-rules-center.tsx(59,11): error TS2322: Type '({ size, color, strokeWidth, className, style, ...rest }: CompatProps) => Element' is not assignable to type 'LucideIcon | undefined'.
  Type '({ size, color, strokeWidth, className, style, ...rest }: CompatProps) => Element' is not assignable to type 'FunctionComponent<SVGProps<SVGSVGElement>>'.
    Types of parameters '__0' and 'props' are incompatible.
      Type 'SVGProps<SVGSVGElement>' is not assignable to type 'CompatProps'.
        Types of property 'strokeWidth' are incompatible.
          Type 'string | number | undefined' is not assignable to type 'number | undefined'.
            Type 'string' is not assignable to type 'number'.
src/app/(dashboard)/engagement/rules/reply-rules-center.tsx(64,59): error TS2322: Type '({ size, color, strokeWidth, className, style, ...rest }: CompatProps) => Element' is not assignable to type 'LucideIcon | undefined'.
  Type '({ size, color, strokeWidth, className, style, ...rest }: CompatProps) => Element' is not assignable to type 'FunctionComponent<SVGProps<SVGSVGElement>>'.
    Types of parameters '__0' and 'props' are incompatible.
      Type 'SVGProps<SVGSVGElement>' is not assignable to type 'CompatProps'.
        Types of property 'strokeWidth' are incompatible.
          Type 'string | number | undefined' is not assignable to type 'number | undefined'.
            Type 'string' is not assignable to type 'number'.
src/app/(dashboard)/engagement/rules/reply-rules-center.tsx(65,59): error TS2322: Type '({ size, color, strokeWidth, className, style, ...rest }: CompatProps) => Element' is not assignable to type 'LucideIcon | undefined'.
  Type '({ size, color, strokeWidth, className, style, ...rest }: CompatProps) => Element' is not assignable to type 'FunctionComponent<SVGProps<SVGSVGElement>>'.
    Types of parameters '__0' and 'props' are incompatible.
      Type 'SVGProps<SVGSVGElement>' is not assignable to type 'CompatProps'.
        Types of property 'strokeWidth' are incompatible.
          Type 'string | number | undefined' is not assignable to type 'number | undefined'.
            Type 'string' is not assignable to type 'number'.
src/app/(dashboard)/engagement/unified-inbox.tsx(249,13): error TS2322: Type '({ size, color, strokeWidth, className, style, ...rest }: CompatProps) => Element' is not assignable to type 'LucideIcon'.
  Type '({ size, color, strokeWidth, className, style, ...rest }: CompatProps) => Element' is not assignable to type 'FunctionComponent<SVGProps<SVGSVGElement>>'.
    Types of parameters '__0' and 'props' are incompatible.
      Type 'SVGProps<SVGSVGElement>' is not assignable to type 'CompatProps'.
        Types of property 'strokeWidth' are incompatible.
          Type 'string | number | undefined' is not assignable to type 'number | undefined'.
            Type 'string' is not assignable to type 'number'.
src/app/(dashboard)/engagement/unified-inbox.tsx(343,9): error TS2322: Type '({ size, color, strokeWidth, className, style, ...rest }: CompatProps) => Element' is not assignable to type 'LucideIcon'.
  Type '({ size, color, strokeWidth, className, style, ...rest }: CompatProps) => Element' is not assignable to type 'FunctionComponent<SVGProps<SVGSVGElement>>'.
    Types of parameters '__0' and 'props' are incompatible.
      Type 'SVGProps<SVGSVGElement>' is not assignable to type 'CompatProps'.
        Types of property 'strokeWidth' are incompatible.
          Type 'string | number | undefined' is not assignable to type 'number | undefined'.
            Type 'string' is not assignable to type 'number'.
src/app/(dashboard)/engagement/unified-inbox.tsx(670,15): error TS2322: Type '({ size, color, strokeWidth, className, style, ...rest }: CompatProps) => Element' is not assignable to type 'LucideIcon | undefined'.
  Type '({ size, color, strokeWidth, className, style, ...rest }: CompatProps) => Element' is not assignable to type 'FunctionComponent<SVGProps<SVGSVGElement>>'.
    Types of parameters '__0' and 'props' are incompatible.
      Type 'SVGProps<SVGSVGElement>' is not assignable to type 'CompatProps'.
        Types of property 'strokeWidth' are incompatible.
          Type 'string | number | undefined' is not assignable to type 'number | undefined'.
            Type 'string' is not assignable to type 'number'.
src/app/(dashboard)/engagement/unified-inbox.tsx(682,15): error TS2322: Type '({ size, color, strokeWidth, className, style, ...rest }: CompatProps) => Element' is not assignable to type 'LucideIcon | undefined'.
  Type '({ size, color, strokeWidth, className, style, ...rest }: CompatProps) => Element' is not assignable to type 'FunctionComponent<SVGProps<SVGSVGElement>>'.
    Types of parameters '__0' and 'props' are incompatible.
      Type 'SVGProps<SVGSVGElement>' is not assignable to type 'CompatProps'.
        Types of property 'strokeWidth' are incompatible.
          Type 'string | number | undefined' is not assignable to type 'number | undefined'.
            Type 'string' is not assignable to type 'number'.
src/app/(dashboard)/engagement/unified-inbox.tsx(814,15): error TS2322: Type '({ size, color, strokeWidth, className, style, ...rest }: CompatProps) => Element' is not assignable to type 'LucideIcon | undefined'.
  Type '({ size, color, strokeWidth, className, style, ...rest }: CompatProps) => Element' is not assignable to type 'FunctionComponent<SVGProps<SVGSVGElement>>'.
    Types of parameters '__0' and 'props' are incompatible.
      Type 'SVGProps<SVGSVGElement>' is not assignable to type 'CompatProps'.
        Types of property 'strokeWidth' are incompatible.
          Type 'string | number | undefined' is not assignable to type 'number | undefined'.
            Type 'string' is not assignable to type 'number'.
src/app/(dashboard)/engagement/wechat-moments/moments-plan-center.tsx(37,7): error TS2322: Type '({ size, color, strokeWidth, className, style, ...rest }: CompatProps) => Element' is not assignable to type 'LucideIcon'.
  Type '({ size, color, strokeWidth, className, style, ...rest }: CompatProps) => Element' is not assignable to type 'FunctionComponent<SVGProps<SVGSVGElement>>'.
    Types of parameters '__0' and 'props' are incompatible.
      Type 'SVGProps<SVGSVGElement>' is not assignable to type 'CompatProps'.
        Types of property 'strokeWidth' are incompatible.
          Type 'string | number | undefined' is not assignable to type 'number | undefined'.
            Type 'string' is not assignable to type 'number'.
src/app/(dashboard)/engagement/wechat-moments/moments-plan-center.tsx(48,11): error TS2322: Type '({ size, color, strokeWidth, className, style, ...rest }: CompatProps) => Element' is not assignable to type 'LucideIcon | undefined'.
  Type '({ size, color, strokeWidth, className, style, ...rest }: CompatProps) => Element' is not assignable to type 'FunctionComponent<SVGProps<SVGSVGElement>>'.
    Types of parameters '__0' and 'props' are incompatible.
      Type 'SVGProps<SVGSVGElement>' is not assignable to type 'CompatProps'.
        Types of property 'strokeWidth' are incompatible.
          Type 'string | number | undefined' is not assignable to type 'number | undefined'.
            Type 'string' is not assignable to type 'number'.
src/app/(dashboard)/engagement/wechat-moments/moments-plan-center.tsx(55,11): error TS2322: Type '({ size, color, strokeWidth, className, style, ...rest }: CompatProps) => Element' is not assignable to type 'LucideIcon | undefined'.
  Type '({ size, color, strokeWidth, className, style, ...rest }: CompatProps) => Element' is not assignable to type 'FunctionComponent<SVGProps<SVGSVGElement>>'.
    Types of parameters '__0' and 'props' are incompatible.
      Type 'SVGProps<SVGSVGElement>' is not assignable to type 'CompatProps'.
        Types of property 'strokeWidth' are incompatible.
          Type 'string | number | undefined' is not assignable to type 'number | undefined'.
            Type 'string' is not assignable to type 'number'.
src/app/(dashboard)/engagement/wechat-moments/moments-plan-center.tsx(63,11): error TS2322: Type '({ size, color, strokeWidth, className, style, ...rest }: CompatProps) => Element' is not assignable to type 'LucideIcon | undefined'.
  Type '({ size, color, strokeWidth, className, style, ...rest }: CompatProps) => Element' is not assignable to type 'FunctionComponent<SVGProps<SVGSVGElement>>'.
    Types of parameters '__0' and 'props' are incompatible.
      Type 'SVGProps<SVGSVGElement>' is not assignable to type 'CompatProps'.
        Types of property 'strokeWidth' are incompatible.
          Type 'string | number | undefined' is not assignable to type 'number | undefined'.
            Type 'string' is not assignable to type 'number'.
src/app/(dashboard)/engagement/wechat-moments/moments-plan-center.tsx(69,42): error TS2322: Type '({ size, color, strokeWidth, className, style, ...rest }: CompatProps) => Element' is not assignable to type 'LucideIcon | undefined'.
  Type '({ size, color, strokeWidth, className, style, ...rest }: CompatProps) => Element' is not assignable to type 'FunctionComponent<SVGProps<SVGSVGElement>>'.
    Types of parameters '__0' and 'props' are incompatible.
      Type 'SVGProps<SVGSVGElement>' is not assignable to type 'CompatProps'.
        Types of property 'strokeWidth' are incompatible.
          Type 'string | number | undefined' is not assignable to type 'number | undefined'.
            Type 'string' is not assignable to type 'number'.
src/app/(dashboard)/engagement/wechat/friend-accept/page.tsx(53,11): error TS2322: Type '({ size, color, strokeWidth, className, style, ...rest }: CompatProps) => Element' is not assignable to type 'LucideIcon'.
  Type '({ size, color, strokeWidth, className, style, ...rest }: CompatProps) => Element' is not assignable to type 'FunctionComponent<SVGProps<SVGSVGElement>>'.
    Types of parameters '__0' and 'props' are incompatible.
      Type 'SVGProps<SVGSVGElement>' is not assignable to type 'CompatProps'.
        Types of property 'strokeWidth' are incompatible.
          Type 'string | number | undefined' is not assignable to type 'number | undefined'.
            Type 'string' is not assignable to type 'number'.
src/app/(dashboard)/engagement/wechat/wechat-chat-history.tsx(364,13): error TS2322: Type '({ size, color, strokeWidth, className, style, ...rest }: CompatProps) => Element' is not assignable to type 'LucideIcon | undefined'.
  Type '({ size, color, strokeWidth, className, style, ...rest }: CompatProps) => Element' is not assignable to type 'FunctionComponent<SVGProps<SVGSVGElement>>'.
    Types of parameters '__0' and 'props' are incompatible.
      Type 'SVGProps<SVGSVGElement>' is not assignable to type 'CompatProps'.
        Types of property 'strokeWidth' are incompatible.
          Type 'string | number | undefined' is not assignable to type 'number | undefined'.
            Type 'string' is not assignable to type 'number'.
src/app/(dashboard)/engagement/wechat/wechat-chat-history.tsx(406,15): error TS2322: Type '({ size, color, strokeWidth, className, style, ...rest }: CompatProps) => Element' is not assignable to type 'LucideIcon'.
  Type '({ size, color, strokeWidth, className, style, ...rest }: CompatProps) => Element' is not assignable to type 'FunctionComponent<SVGProps<SVGSVGElement>>'.
    Types of parameters '__0' and 'props' are incompatible.
      Type 'SVGProps<SVGSVGElement>' is not assignable to type 'CompatProps'.
        Types of property 'strokeWidth' are incompatible.
          Type 'string | number | undefined' is not assignable to type 'number | undefined'.
            Type 'string' is not assignable to type 'number'.
src/app/(dashboard)/engagement/wechat/wechat-chat-history.tsx(459,27): error TS2322: Type '({ size, color, strokeWidth, className, style, ...rest }: CompatProps) => Element' is not assignable to type 'LucideIcon'.
  Type '({ size, color, strokeWidth, className, style, ...rest }: CompatProps) => Element' is not assignable to type 'FunctionComponent<SVGProps<SVGSVGElement>>'.
    Types of parameters '__0' and 'props' are incompatible.
      Type 'SVGProps<SVGSVGElement>' is not assignable to type 'CompatProps'.
        Types of property 'strokeWidth' are incompatible.
          Type 'string | number | undefined' is not assignable to type 'number | undefined'.
            Type 'string' is not assignable to type 'number'.
src/app/(dashboard)/engagement/wechat/wechat-chat-history.tsx(465,27): error TS2322: Type '({ size, color, strokeWidth, className, style, ...rest }: CompatProps) => Element' is not assignable to type 'LucideIcon'.
  Type '({ size, color, strokeWidth, className, style, ...rest }: CompatProps) => Element' is not assignable to type 'FunctionComponent<SVGProps<SVGSVGElement>>'.
    Types of parameters '__0' and 'props' are incompatible.
      Type 'SVGProps<SVGSVGElement>' is not assignable to type 'CompatProps'.
        Types of property 'strokeWidth' are incompatible.
          Type 'string | number | undefined' is not assignable to type 'number | undefined'.
            Type 'string' is not assignable to type 'number'.
src/app/(dashboard)/engagement/wechat/wechat-chat-history.tsx(522,24): error TS2322: Type '({ size, color, strokeWidth, className, style, ...rest }: CompatProps) => Element' is not assignable to type 'LucideIcon | undefined'.
  Type '({ size, color, strokeWidth, className, style, ...rest }: CompatProps) => Element' is not assignable to type 'FunctionComponent<SVGProps<SVGSVGElement>>'.
    Types of parameters '__0' and 'props' are incompatible.
      Type 'SVGProps<SVGSVGElement>' is not assignable to type 'CompatProps'.
        Types of property 'strokeWidth' are incompatible.
          Type 'string | number | undefined' is not assignable to type 'number | undefined'.
            Type 'string' is not assignable to type 'number'.
src/app/(dashboard)/engagement/wechat/wechat-plan-list.tsx(317,13): error TS2322: Type '({ size, color, strokeWidth, className, style, ...rest }: CompatProps) => Element' is not assignable to type 'LucideIcon | undefined'.
  Type '({ size, color, strokeWidth, className, style, ...rest }: CompatProps) => Element' is not assignable to type 'FunctionComponent<SVGProps<SVGSVGElement>>'.
    Types of parameters '__0' and 'props' are incompatible.
      Type 'SVGProps<SVGSVGElement>' is not assignable to type 'CompatProps'.
        Types of property 'strokeWidth' are incompatible.
          Type 'string | number | undefined' is not assignable to type 'number | undefined'.
            Type 'string' is not assignable to type 'number'.
src/app/(dashboard)/engagement/wechat/wechat-plan-list.tsx(363,13): error TS2322: Type '({ size, color, strokeWidth, className, style, ...rest }: CompatProps) => Element' is not assignable to type 'LucideIcon'.
  Type '({ size, color, strokeWidth, className, style, ...rest }: CompatProps) => Element' is not assignable to type 'FunctionComponent<SVGProps<SVGSVGElement>>'.
    Types of parameters '__0' and 'props' are incompatible.
      Type 'SVGProps<SVGSVGElement>' is not assignable to type 'CompatProps'.
        Types of property 'strokeWidth' are incompatible.
          Type 'string | number | undefined' is not assignable to type 'number | undefined'.
            Type 'string' is not assignable to type 'number'.
src/app/(dashboard)/engagement/wechat/wechat-plan-list.tsx(370,17): error TS2322: Type '({ size, color, strokeWidth, className, style, ...rest }: CompatProps) => Element' is not assignable to type 'LucideIcon | undefined'.
  Type '({ size, color, strokeWidth, className, style, ...rest }: CompatProps) => Element' is not assignable to type 'FunctionComponent<SVGProps<SVGSVGElement>>'.
    Types of parameters '__0' and 'props' are incompatible.
      Type 'SVGProps<SVGSVGElement>' is not assignable to type 'CompatProps'.
        Types of property 'strokeWidth' are incompatible.
          Type 'string | number | undefined' is not assignable to type 'number | undefined'.
            Type 'string' is not assignable to type 'number'.
src/app/(dashboard)/engagement/wechat/wechat-plan-list.tsx(422,27): error TS2322: Type '({ size, color, strokeWidth, className, style, ...rest }: CompatProps) => Element' is not assignable to type 'LucideIcon | undefined'.
  Type '({ size, color, strokeWidth, className, style, ...rest }: CompatProps) => Element' is not assignable to type 'FunctionComponent<SVGProps<SVGSVGElement>>'.
    Types of parameters '__0' and 'props' are incompatible.
      Type 'SVGProps<SVGSVGElement>' is not assignable to type 'CompatProps'.
        Types of property 'strokeWidth' are incompatible.
          Type 'string | number | undefined' is not assignable to type 'number | undefined'.
            Type 'string' is not assignable to type 'number'.
src/app/(dashboard)/engagement/wechat/wechat-plan-list.tsx(431,27): error TS2322: Type '({ size, color, strokeWidth, className, style, ...rest }: CompatProps) => Element' is not assignable to type 'LucideIcon | undefined'.
  Type '({ size, color, strokeWidth, className, style, ...rest }: CompatProps) => Element' is not assignable to type 'FunctionComponent<SVGProps<SVGSVGElement>>'.
    Types of parameters '__0' and 'props' are incompatible.
      Type 'SVGProps<SVGSVGElement>' is not assignable to type 'CompatProps'.
        Types of property 'strokeWidth' are incompatible.
          Type 'string | number | undefined' is not assignable to type 'number | undefined'.
            Type 'string' is not assignable to type 'number'.
src/app/(dashboard)/engagement/wechat/wechat-plan-list.tsx(440,27): error TS2322: Type '({ size, color, strokeWidth, className, style, ...rest }: CompatProps) => Element' is not assignable to type 'LucideIcon | undefined'.
  Type '({ size, color, strokeWidth, className, style, ...rest }: CompatProps) => Element' is not assignable to type 'FunctionComponent<SVGProps<SVGSVGElement>>'.
    Types of parameters '__0' and 'props' are incompatible.
      Type 'SVGProps<SVGSVGElement>' is not assignable to type 'CompatProps'.
        Types of property 'strokeWidth' are incompatible.
          Type 'string | number | undefined' is not assignable to type 'number | undefined'.
            Type 'string' is not assignable to type 'number'.
src/app/(dashboard)/engagement/wechat/wechat-plan-list.tsx(449,27): error TS2322: Type '({ size, color, strokeWidth, className, style, ...rest }: CompatProps) => Element' is not assignable to type 'LucideIcon | undefined'.
  Type '({ size, color, strokeWidth, className, style, ...rest }: CompatProps) => Element' is not assignable to type 'FunctionComponent<SVGProps<SVGSVGElement>>'.
    Types of parameters '__0' and 'props' are incompatible.
      Type 'SVGProps<SVGSVGElement>' is not assignable to type 'CompatProps'.
        Types of property 'strokeWidth' are incompatible.
          Type 'string | number | undefined' is not assignable to type 'number | undefined'.
            Type 'string' is not assignable to type 'number'.
src/app/(dashboard)/engagement/wechat/wechat-task-center.tsx(191,9): error TS2322: Type '({ key: string; title: string; description: string; icon: ({ size, color, strokeWidth, className, style, ...rest }: CompatProps) => Element; href: string; badge?: undefined; } | { key: string; title: string; description: string; icon: ({ size, color, strokeWidth, className, style, ...rest }: CompatProps) => Element;...' is not assignable to type 'QuickAction[]'.
  Type '{ key: string; title: string; description: string; icon: ({ size, color, strokeWidth, className, style, ...rest }: CompatProps) => Element; href: string; badge?: undefined; } | { key: string; title: string; description: string; icon: ({ size, color, strokeWidth, className, style, ...rest }: CompatProps) => Element; ...' is not assignable to type 'QuickAction'.
    Type '{ key: string; title: string; description: string; icon: ({ size, color, strokeWidth, className, style, ...rest }: CompatProps) => JSX.Element; href: string; badge?: undefined; }' is not assignable to type 'QuickAction'.
      Types of property 'icon' are incompatible.
        Type '({ size, color, strokeWidth, className, style, ...rest }: CompatProps) => Element' is not assignable to type 'LucideIcon'.
          Type '({ size, color, strokeWidth, className, style, ...rest }: CompatProps) => Element' is not assignable to type 'FunctionComponent<SVGProps<SVGSVGElement>>'.
            Types of parameters '__0' and 'props' are incompatible.
              Type 'SVGProps<SVGSVGElement>' is not assignable to type 'CompatProps'.
                Types of property 'strokeWidth' are incompatible.
                  Type 'string | number | undefined' is not assignable to type 'number | undefined'.
                    Type 'string' is not assignable to type 'number'.
src/app/(dashboard)/engagement/wechat/wechat-workbench-client.tsx(1494,7): error TS2322: Type '({ size, color, strokeWidth, className, style, ...rest }: CompatProps) => Element' is not assignable to type 'LucideIcon'.
  Type '({ size, color, strokeWidth, className, style, ...rest }: CompatProps) => Element' is not assignable to type 'FunctionComponent<SVGProps<SVGSVGElement>>'.
    Types of parameters '__0' and 'props' are incompatible.
      Type 'SVGProps<SVGSVGElement>' is not assignable to type 'CompatProps'.
        Types of property 'strokeWidth' are incompatible.
          Type 'string | number | undefined' is not assignable to type 'number | undefined'.
            Type 'string' is not assignable to type 'number'.
src/app/(dashboard)/engagement/wechat/wechat-workbench-client.tsx(1527,7): error TS2322: Type '({ size, color, strokeWidth, className, style, ...rest }: CompatProps) => Element' is not assignable to type 'LucideIcon'.
  Type '({ size, color, strokeWidth, className, style, ...rest }: CompatProps) => Element' is not assignable to type 'FunctionComponent<SVGProps<SVGSVGElement>>'.
    Types of parameters '__0' and 'props' are incompatible.
      Type 'SVGProps<SVGSVGElement>' is not assignable to type 'CompatProps'.
        Types of property 'strokeWidth' are incompatible.
          Type 'string | number | undefined' is not assignable to type 'number | undefined'.
            Type 'string' is not assignable to type 'number'.
src/app/(dashboard)/engagement/wechat/wechat-workbench-client.tsx(1551,7): error TS2322: Type '({ size, color, strokeWidth, className, style, ...rest }: CompatProps) => Element' is not assignable to type 'LucideIcon'.
  Type '({ size, color, strokeWidth, className, style, ...rest }: CompatProps) => Element' is not assignable to type 'FunctionComponent<SVGProps<SVGSVGElement>>'.
    Types of parameters '__0' and 'props' are incompatible.
      Type 'SVGProps<SVGSVGElement>' is not assignable to type 'CompatProps'.
        Types of property 'strokeWidth' are incompatible.
          Type 'string | number | undefined' is not assignable to type 'number | undefined'.
            Type 'string' is not assignable to type 'number'.
src/app/(dashboard)/engagement/wechat/wechat-workbench-client.tsx(1578,7): error TS2322: Type '({ size, color, strokeWidth, className, style, ...rest }: CompatProps) => Element' is not assignable to type 'LucideIcon'.
  Type '({ size, color, strokeWidth, className, style, ...rest }: CompatProps) => Element' is not assignable to type 'FunctionComponent<SVGProps<SVGSVGElement>>'.
    Types of parameters '__0' and 'props' are incompatible.
      Type 'SVGProps<SVGSVGElement>' is not assignable to type 'CompatProps'.
        Types of property 'strokeWidth' are incompatible.
          Type 'string | number | undefined' is not assignable to type 'number | undefined'.
            Type 'string' is not assignable to type 'number'.
src/app/(dashboard)/engagement/wechat/wechat-workbench-client.tsx(1611,7): error TS2322: Type '({ size, color, strokeWidth, className, style, ...rest }: CompatProps) => Element' is not assignable to type 'LucideIcon'.
  Type '({ size, color, strokeWidth, className, style, ...rest }: CompatProps) => Element' is not assignable to type 'FunctionComponent<SVGProps<SVGSVGElement>>'.
    Types of parameters '__0' and 'props' are incompatible.
      Type 'SVGProps<SVGSVGElement>' is not assignable to type 'CompatProps'.
        Types of property 'strokeWidth' are incompatible.
          Type 'string | number | undefined' is not assignable to type 'number | undefined'.
            Type 'string' is not assignable to type 'number'.
src/app/(dashboard)/engagement/wechat/wechat-workbench-client.tsx(7741,23): error TS2769: No overload matches this call.
  Overload 1 of 2, '(props: SVGProps<SVGSVGElement>, context?: any): string | number | bigint | boolean | ReactElement<unknown, string | JSXElementConstructor<any>> | ... 4 more ... | undefined', gave the following error.
    Type '{ size: number; className: string; }' is not assignable to type 'IntrinsicAttributes & SVGProps<SVGSVGElement>'.
      Property 'size' does not exist on type 'IntrinsicAttributes & SVGProps<SVGSVGElement>'.
  Overload 2 of 2, '(props: SVGProps<SVGSVGElement>): string | number | bigint | boolean | ReactElement<unknown, string | JSXElementConstructor<any>> | ... 4 more ... | undefined', gave the following error.
    Type '{ size: number; className: string; }' is not assignable to type 'IntrinsicAttributes & SVGProps<SVGSVGElement>'.
      Property 'size' does not exist on type 'IntrinsicAttributes & SVGProps<SVGSVGElement>'.
src/app/(dashboard)/growth/growth-account-health.tsx(105,13): error TS2322: Type '({ size, color, strokeWidth, className, style, ...rest }: CompatProps) => Element' is not assignable to type 'LucideIcon'.
  Type '({ size, color, strokeWidth, className, style, ...rest }: CompatProps) => Element' is not assignable to type 'FunctionComponent<SVGProps<SVGSVGElement>>'.
    Types of parameters '__0' and 'props' are incompatible.
      Type 'SVGProps<SVGSVGElement>' is not assignable to type 'CompatProps'.
        Types of property 'strokeWidth' are incompatible.
          Type 'string | number | undefined' is not assignable to type 'number | undefined'.
            Type 'string' is not assignable to type 'number'.
src/app/(dashboard)/growth/growth-account-health.tsx(175,24): error TS2322: Type '({ size, color, strokeWidth, className, style, ...rest }: CompatProps) => Element' is not assignable to type 'LucideIcon | undefined'.
  Type '({ size, color, strokeWidth, className, style, ...rest }: CompatProps) => Element' is not assignable to type 'FunctionComponent<SVGProps<SVGSVGElement>>'.
    Types of parameters '__0' and 'props' are incompatible.
      Type 'SVGProps<SVGSVGElement>' is not assignable to type 'CompatProps'.
        Types of property 'strokeWidth' are incompatible.
          Type 'string | number | undefined' is not assignable to type 'number | undefined'.
            Type 'string' is not assignable to type 'number'.
src/app/(dashboard)/growth/growth-acquisition-tasks.tsx(628,11): error TS2322: Type '({ size, color, strokeWidth, className, style, ...rest }: CompatProps) => Element' is not assignable to type 'LucideIcon | undefined'.
  Type '({ size, color, strokeWidth, className, style, ...rest }: CompatProps) => Element' is not assignable to type 'FunctionComponent<SVGProps<SVGSVGElement>>'.
    Types of parameters '__0' and 'props' are incompatible.
      Type 'SVGProps<SVGSVGElement>' is not assignable to type 'CompatProps'.
        Types of property 'strokeWidth' are incompatible.
          Type 'string | number | undefined' is not assignable to type 'number | undefined'.
            Type 'string' is not assignable to type 'number'.
src/app/(dashboard)/growth/growth-acquisition-tasks.tsx(653,13): error TS2322: Type '({ size, color, strokeWidth, className, style, ...rest }: CompatProps) => Element' is not assignable to type 'LucideIcon'.
  Type '({ size, color, strokeWidth, className, style, ...rest }: CompatProps) => Element' is not assignable to type 'FunctionComponent<SVGProps<SVGSVGElement>>'.
    Types of parameters '__0' and 'props' are incompatible.
      Type 'SVGProps<SVGSVGElement>' is not assignable to type 'CompatProps'.
        Types of property 'strokeWidth' are incompatible.
          Type 'string | number | undefined' is not assignable to type 'number | undefined'.
            Type 'string' is not assignable to type 'number'.
src/app/(dashboard)/growth/growth-acquisition-tasks.tsx(658,17): error TS2322: Type '({ size, color, strokeWidth, className, style, ...rest }: CompatProps) => Element' is not assignable to type 'LucideIcon | undefined'.
  Type '({ size, color, strokeWidth, className, style, ...rest }: CompatProps) => Element' is not assignable to type 'FunctionComponent<SVGProps<SVGSVGElement>>'.
    Types of parameters '__0' and 'props' are incompatible.
      Type 'SVGProps<SVGSVGElement>' is not assignable to type 'CompatProps'.
        Types of property 'strokeWidth' are incompatible.
          Type 'string | number | undefined' is not assignable to type 'number | undefined'.
            Type 'string' is not assignable to type 'number'.
src/app/(dashboard)/growth/growth-acquisition-tasks.tsx(807,27): error TS2322: Type '({ size, color, strokeWidth, className, style, ...rest }: CompatProps) => Element' is not assignable to type 'LucideIcon | undefined'.
  Type '({ size, color, strokeWidth, className, style, ...rest }: CompatProps) => Element' is not assignable to type 'FunctionComponent<SVGProps<SVGSVGElement>>'.
    Types of parameters '__0' and 'props' are incompatible.
      Type 'SVGProps<SVGSVGElement>' is not assignable to type 'CompatProps'.
        Types of property 'strokeWidth' are incompatible.
          Type 'string | number | undefined' is not assignable to type 'number | undefined'.
            Type 'string' is not assignable to type 'number'.
src/app/(dashboard)/growth/growth-acquisition-tasks.tsx(1083,32): error TS2322: Type '({ size, color, strokeWidth, className, style, ...rest }: CompatProps) => Element' is not assignable to type 'LucideIcon | undefined'.
  Type '({ size, color, strokeWidth, className, style, ...rest }: CompatProps) => Element' is not assignable to type 'FunctionComponent<SVGProps<SVGSVGElement>>'.
    Types of parameters '__0' and 'props' are incompatible.
      Type 'SVGProps<SVGSVGElement>' is not assignable to type 'CompatProps'.
        Types of property 'strokeWidth' are incompatible.
          Type 'string | number | undefined' is not assignable to type 'number | undefined'.
            Type 'string' is not assignable to type 'number'.
src/app/(dashboard)/growth/growth-acquisition-tasks.tsx(1120,32): error TS2322: Type '({ size, color, strokeWidth, className, style, ...rest }: CompatProps) => Element' is not assignable to type 'LucideIcon | undefined'.
  Type '({ size, color, strokeWidth, className, style, ...rest }: CompatProps) => Element' is not assignable to type 'FunctionComponent<SVGProps<SVGSVGElement>>'.
    Types of parameters '__0' and 'props' are incompatible.
      Type 'SVGProps<SVGSVGElement>' is not assignable to type 'CompatProps'.
        Types of property 'strokeWidth' are incompatible.
          Type 'string | number | undefined' is not assignable to type 'number | undefined'.
            Type 'string' is not assignable to type 'number'.
src/app/(dashboard)/growth/growth-reports.tsx(312,24): error TS2322: Type '({ size, color, strokeWidth, className, style, ...rest }: CompatProps) => Element' is not assignable to type 'LucideIcon | undefined'.
  Type '({ size, color, strokeWidth, className, style, ...rest }: CompatProps) => Element' is not assignable to type 'FunctionComponent<SVGProps<SVGSVGElement>>'.
    Types of parameters '__0' and 'props' are incompatible.
      Type 'SVGProps<SVGSVGElement>' is not assignable to type 'CompatProps'.
        Types of property 'strokeWidth' are incompatible.
          Type 'string | number | undefined' is not assignable to type 'number | undefined'.
            Type 'string' is not assignable to type 'number'.
src/app/(dashboard)/growth/growth-strategies.tsx(276,26): error TS2322: Type '({ size, color, strokeWidth, className, style, ...rest }: CompatProps) => Element' is not assignable to type 'LucideIcon | undefined'.
  Type '({ size, color, strokeWidth, className, style, ...rest }: CompatProps) => Element' is not assignable to type 'FunctionComponent<SVGProps<SVGSVGElement>>'.
    Types of parameters '__0' and 'props' are incompatible.
      Type 'SVGProps<SVGSVGElement>' is not assignable to type 'CompatProps'.
        Types of property 'strokeWidth' are incompatible.
          Type 'string | number | undefined' is not assignable to type 'number | undefined'.
            Type 'string' is not assignable to type 'number'.
src/app/(dashboard)/growth/growth-strategies.tsx(311,13): error TS2322: Type '({ size, color, strokeWidth, className, style, ...rest }: CompatProps) => Element' is not assignable to type 'LucideIcon'.
  Type '({ size, color, strokeWidth, className, style, ...rest }: CompatProps) => Element' is not assignable to type 'FunctionComponent<SVGProps<SVGSVGElement>>'.
    Types of parameters '__0' and 'props' are incompatible.
      Type 'SVGProps<SVGSVGElement>' is not assignable to type 'CompatProps'.
        Types of property 'strokeWidth' are incompatible.
          Type 'string | number | undefined' is not assignable to type 'number | undefined'.
            Type 'string' is not assignable to type 'number'.
src/app/(dashboard)/growth/growth-strategies.tsx(315,32): error TS2322: Type '({ size, color, strokeWidth, className, style, ...rest }: CompatProps) => Element' is not assignable to type 'LucideIcon | undefined'.
  Type '({ size, color, strokeWidth, className, style, ...rest }: CompatProps) => Element' is not assignable to type 'FunctionComponent<SVGProps<SVGSVGElement>>'.
    Types of parameters '__0' and 'props' are incompatible.
      Type 'SVGProps<SVGSVGElement>' is not assignable to type 'CompatProps'.
        Types of property 'strokeWidth' are incompatible.
          Type 'string | number | undefined' is not assignable to type 'number | undefined'.
            Type 'string' is not assignable to type 'number'.
src/app/(dashboard)/growth/growth-strategies.tsx(355,19): error TS2322: Type '({ size, color, strokeWidth, className, style, ...rest }: CompatProps) => Element' is not assignable to type 'LucideIcon | undefined'.
  Type '({ size, color, strokeWidth, className, style, ...rest }: CompatProps) => Element' is not assignable to type 'FunctionComponent<SVGProps<SVGSVGElement>>'.
    Types of parameters '__0' and 'props' are incompatible.
      Type 'SVGProps<SVGSVGElement>' is not assignable to type 'CompatProps'.
        Types of property 'strokeWidth' are incompatible.
          Type 'string | number | undefined' is not assignable to type 'number | undefined'.
            Type 'string' is not assignable to type 'number'.
src/app/(dashboard)/growth/growth-strategies.tsx(361,19): error TS2322: Type '({ size, color, strokeWidth, className, style, ...rest }: CompatProps) => Element' is not assignable to type 'LucideIcon | undefined'.
  Type '({ size, color, strokeWidth, className, style, ...rest }: CompatProps) => Element' is not assignable to type 'FunctionComponent<SVGProps<SVGSVGElement>>'.
    Types of parameters '__0' and 'props' are incompatible.
      Type 'SVGProps<SVGSVGElement>' is not assignable to type 'CompatProps'.
        Types of property 'strokeWidth' are incompatible.
          Type 'string | number | undefined' is not assignable to type 'number | undefined'.
            Type 'string' is not assignable to type 'number'.
src/app/(dashboard)/growth/growth-strategies.tsx(414,17): error TS2322: Type '({ size, color, strokeWidth, className, style, ...rest }: CompatProps) => Element' is not assignable to type 'LucideIcon | undefined'.
  Type '({ size, color, strokeWidth, className, style, ...rest }: CompatProps) => Element' is not assignable to type 'FunctionComponent<SVGProps<SVGSVGElement>>'.
    Types of parameters '__0' and 'props' are incompatible.
      Type 'SVGProps<SVGSVGElement>' is not assignable to type 'CompatProps'.
        Types of property 'strokeWidth' are incompatible.
          Type 'string | number | undefined' is not assignable to type 'number | undefined'.
            Type 'string' is not assignable to type 'number'.
src/app/(dashboard)/growth/growth-strategies.tsx(511,17): error TS2322: Type '({ size, color, strokeWidth, className, style, ...rest }: CompatProps) => Element' is not assignable to type 'LucideIcon | undefined'.
  Type '({ size, color, strokeWidth, className, style, ...rest }: CompatProps) => Element' is not assignable to type 'FunctionComponent<SVGProps<SVGSVGElement>>'.
    Types of parameters '__0' and 'props' are incompatible.
      Type 'SVGProps<SVGSVGElement>' is not assignable to type 'CompatProps'.
        Types of property 'strokeWidth' are incompatible.
          Type 'string | number | undefined' is not assignable to type 'number | undefined'.
            Type 'string' is not assignable to type 'number'.
src/app/(dashboard)/growth/growth-strategies.tsx(603,17): error TS2322: Type '({ size, color, strokeWidth, className, style, ...rest }: CompatProps) => Element' is not assignable to type 'LucideIcon | undefined'.
  Type '({ size, color, strokeWidth, className, style, ...rest }: CompatProps) => Element' is not assignable to type 'FunctionComponent<SVGProps<SVGSVGElement>>'.
    Types of parameters '__0' and 'props' are incompatible.
      Type 'SVGProps<SVGSVGElement>' is not assignable to type 'CompatProps'.
        Types of property 'strokeWidth' are incompatible.
          Type 'string | number | undefined' is not assignable to type 'number | undefined'.
            Type 'string' is not assignable to type 'number'.
src/app/(dashboard)/growth/growth-workflows.tsx(277,15): error TS2322: Type '({ size, color, strokeWidth, className, style, ...rest }: CompatProps) => Element' is not assignable to type 'LucideIcon'.
  Type '({ size, color, strokeWidth, className, style, ...rest }: CompatProps) => Element' is not assignable to type 'FunctionComponent<SVGProps<SVGSVGElement>>'.
    Types of parameters '__0' and 'props' are incompatible.
      Type 'SVGProps<SVGSVGElement>' is not assignable to type 'CompatProps'.
        Types of property 'strokeWidth' are incompatible.
          Type 'string | number | undefined' is not assignable to type 'number | undefined'.
            Type 'string' is not assignable to type 'number'.
src/app/(dashboard)/growth/growth-workflows.tsx(304,23): error TS2322: Type '({ size, color, strokeWidth, className, style, ...rest }: CompatProps) => Element' is not assignable to type 'LucideIcon | undefined'.
  Type '({ size, color, strokeWidth, className, style, ...rest }: CompatProps) => Element' is not assignable to type 'FunctionComponent<SVGProps<SVGSVGElement>>'.
    Types of parameters '__0' and 'props' are incompatible.
      Type 'SVGProps<SVGSVGElement>' is not assignable to type 'CompatProps'.
        Types of property 'strokeWidth' are incompatible.
          Type 'string | number | undefined' is not assignable to type 'number | undefined'.
            Type 'string' is not assignable to type 'number'.
src/app/(dashboard)/growth/growth-workflows.tsx(318,23): error TS2322: Type '({ size, color, strokeWidth, className, style, ...rest }: CompatProps) => Element' is not assignable to type 'LucideIcon | undefined'.
  Type '({ size, color, strokeWidth, className, style, ...rest }: CompatProps) => Element' is not assignable to type 'FunctionComponent<SVGProps<SVGSVGElement>>'.
    Types of parameters '__0' and 'props' are incompatible.
      Type 'SVGProps<SVGSVGElement>' is not assignable to type 'CompatProps'.
        Types of property 'strokeWidth' are incompatible.
          Type 'string | number | undefined' is not assignable to type 'number | undefined'.
            Type 'string' is not assignable to type 'number'.
src/app/(dashboard)/growth/leads-pool.tsx(407,13): error TS2322: Type '({ size, color, strokeWidth, className, style, ...rest }: CompatProps) => Element' is not assignable to type 'LucideIcon'.
  Type '({ size, color, strokeWidth, className, style, ...rest }: CompatProps) => Element' is not assignable to type 'FunctionComponent<SVGProps<SVGSVGElement>>'.
    Types of parameters '__0' and 'props' are incompatible.
      Type 'SVGProps<SVGSVGElement>' is not assignable to type 'CompatProps'.
        Types of property 'strokeWidth' are incompatible.
          Type 'string | number | undefined' is not assignable to type 'number | undefined'.
            Type 'string' is not assignable to type 'number'.
src/app/(dashboard)/growth/leads-pool.tsx(412,17): error TS2322: Type '({ size, color, strokeWidth, className, style, ...rest }: CompatProps) => Element' is not assignable to type 'LucideIcon | undefined'.
  Type '({ size, color, strokeWidth, className, style, ...rest }: CompatProps) => Element' is not assignable to type 'FunctionComponent<SVGProps<SVGSVGElement>>'.
    Types of parameters '__0' and 'props' are incompatible.
      Type 'SVGProps<SVGSVGElement>' is not assignable to type 'CompatProps'.
        Types of property 'strokeWidth' are incompatible.
          Type 'string | number | undefined' is not assignable to type 'number | undefined'.
            Type 'string' is not assignable to type 'number'.
src/app/(dashboard)/growth/leads-pool.tsx(538,25): error TS2322: Type '({ size, color, strokeWidth, className, style, ...rest }: CompatProps) => Element' is not assignable to type 'LucideIcon | undefined'.
  Type '({ size, color, strokeWidth, className, style, ...rest }: CompatProps) => Element' is not assignable to type 'FunctionComponent<SVGProps<SVGSVGElement>>'.
    Types of parameters '__0' and 'props' are incompatible.
      Type 'SVGProps<SVGSVGElement>' is not assignable to type 'CompatProps'.
        Types of property 'strokeWidth' are incompatible.
          Type 'string | number | undefined' is not assignable to type 'number | undefined'.
            Type 'string' is not assignable to type 'number'.
src/app/(dashboard)/growth/leads/detail/page.tsx(336,15): error TS2322: Type '({ size, color, strokeWidth, className, style, ...rest }: CompatProps) => Element' is not assignable to type 'LucideIcon | undefined'.
  Type '({ size, color, strokeWidth, className, style, ...rest }: CompatProps) => Element' is not assignable to type 'FunctionComponent<SVGProps<SVGSVGElement>>'.
    Types of parameters '__0' and 'props' are incompatible.
      Type 'SVGProps<SVGSVGElement>' is not assignable to type 'CompatProps'.
        Types of property 'strokeWidth' are incompatible.
          Type 'string | number | undefined' is not assignable to type 'number | undefined'.
            Type 'string' is not assignable to type 'number'.
src/app/(dashboard)/growth/leads/detail/page.tsx(515,13): error TS2322: Type '({ size, color, strokeWidth, className, style, ...rest }: CompatProps) => Element' is not assignable to type 'LucideIcon | undefined'.
  Type '({ size, color, strokeWidth, className, style, ...rest }: CompatProps) => Element' is not assignable to type 'FunctionComponent<SVGProps<SVGSVGElement>>'.
    Types of parameters '__0' and 'props' are incompatible.
      Type 'SVGProps<SVGSVGElement>' is not assignable to type 'CompatProps'.
        Types of property 'strokeWidth' are incompatible.
          Type 'string | number | undefined' is not assignable to type 'number | undefined'.
            Type 'string' is not assignable to type 'number'.
src/app/(dashboard)/growth/rpa-workbench.tsx(215,13): error TS2322: Type '({ size, color, strokeWidth, className, style, ...rest }: CompatProps) => Element' is not assignable to type 'LucideIcon'.
  Type '({ size, color, strokeWidth, className, style, ...rest }: CompatProps) => Element' is not assignable to type 'FunctionComponent<SVGProps<SVGSVGElement>>'.
    Types of parameters '__0' and 'props' are incompatible.
      Type 'SVGProps<SVGSVGElement>' is not assignable to type 'CompatProps'.
        Types of property 'strokeWidth' are incompatible.
          Type 'string | number | undefined' is not assignable to type 'number | undefined'.
            Type 'string' is not assignable to type 'number'.
src/app/(dashboard)/growth/rpa-workbench.tsx(279,13): error TS2322: Type '({ size, color, strokeWidth, className, style, ...rest }: CompatProps) => Element' is not assignable to type 'LucideIcon'.
  Type '({ size, color, strokeWidth, className, style, ...rest }: CompatProps) => Element' is not assignable to type 'FunctionComponent<SVGProps<SVGSVGElement>>'.
    Types of parameters '__0' and 'props' are incompatible.
      Type 'SVGProps<SVGSVGElement>' is not assignable to type 'CompatProps'.
        Types of property 'strokeWidth' are incompatible.
          Type 'string | number | undefined' is not assignable to type 'number | undefined'.
            Type 'string' is not assignable to type 'number'.
src/app/(dashboard)/home-center.tsx(48,7): error TS2322: Type '({ size, color, strokeWidth, className, style, ...rest }: CompatProps) => Element' is not assignable to type 'LucideIcon'.
  Type '({ size, color, strokeWidth, className, style, ...rest }: CompatProps) => Element' is not assignable to type 'FunctionComponent<SVGProps<SVGSVGElement>>'.
    Types of parameters '__0' and 'props' are incompatible.
      Type 'SVGProps<SVGSVGElement>' is not assignable to type 'CompatProps'.
        Types of property 'strokeWidth' are incompatible.
          Type 'string | number | undefined' is not assignable to type 'number | undefined'.
            Type 'string' is not assignable to type 'number'.
src/app/(dashboard)/home-center.tsx(76,11): error TS2322: Type '({ size, color, strokeWidth, className, style, ...rest }: CompatProps) => Element' is not assignable to type 'LucideIcon | undefined'.
  Type '({ size, color, strokeWidth, className, style, ...rest }: CompatProps) => Element' is not assignable to type 'FunctionComponent<SVGProps<SVGSVGElement>>'.
    Types of parameters '__0' and 'props' are incompatible.
      Type 'SVGProps<SVGSVGElement>' is not assignable to type 'CompatProps'.
        Types of property 'strokeWidth' are incompatible.
          Type 'string | number | undefined' is not assignable to type 'number | undefined'.
            Type 'string' is not assignable to type 'number'.
src/app/(dashboard)/home-center.tsx(86,11): error TS2322: Type '({ size, color, strokeWidth, className, style, ...rest }: CompatProps) => Element' is not assignable to type 'LucideIcon | undefined'.
  Type '({ size, color, strokeWidth, className, style, ...rest }: CompatProps) => Element' is not assignable to type 'FunctionComponent<SVGProps<SVGSVGElement>>'.
    Types of parameters '__0' and 'props' are incompatible.
      Type 'SVGProps<SVGSVGElement>' is not assignable to type 'CompatProps'.
        Types of property 'strokeWidth' are incompatible.
          Type 'string | number | undefined' is not assignable to type 'number | undefined'.
            Type 'string' is not assignable to type 'number'.
src/app/(dashboard)/home-center.tsx(93,11): error TS2322: Type '({ size, color, strokeWidth, className, style, ...rest }: CompatProps) => Element' is not assignable to type 'LucideIcon | undefined'.
  Type '({ size, color, strokeWidth, className, style, ...rest }: CompatProps) => Element' is not assignable to type 'FunctionComponent<SVGProps<SVGSVGElement>>'.
    Types of parameters '__0' and 'props' are incompatible.
      Type 'SVGProps<SVGSVGElement>' is not assignable to type 'CompatProps'.
        Types of property 'strokeWidth' are incompatible.
          Type 'string | number | undefined' is not assignable to type 'number | undefined'.
            Type 'string' is not assignable to type 'number'.
src/app/(dashboard)/home-center.tsx(100,11): error TS2322: Type '({ size, color, strokeWidth, className, style, ...rest }: CompatProps) => Element' is not assignable to type 'LucideIcon | undefined'.
  Type '({ size, color, strokeWidth, className, style, ...rest }: CompatProps) => Element' is not assignable to type 'FunctionComponent<SVGProps<SVGSVGElement>>'.
    Types of parameters '__0' and 'props' are incompatible.
      Type 'SVGProps<SVGSVGElement>' is not assignable to type 'CompatProps'.
        Types of property 'strokeWidth' are incompatible.
          Type 'string | number | undefined' is not assignable to type 'number | undefined'.
            Type 'string' is not assignable to type 'number'.
src/app/(dashboard)/home-center.tsx(105,42): error TS2322: Type '({ size, color, strokeWidth, className, style, ...rest }: CompatProps) => Element' is not assignable to type 'LucideIcon | undefined'.
  Type '({ size, color, strokeWidth, className, style, ...rest }: CompatProps) => Element' is not assignable to type 'FunctionComponent<SVGProps<SVGSVGElement>>'.
    Types of parameters '__0' and 'props' are incompatible.
      Type 'SVGProps<SVGSVGElement>' is not assignable to type 'CompatProps'.
        Types of property 'strokeWidth' are incompatible.
          Type 'string | number | undefined' is not assignable to type 'number | undefined'.
            Type 'string' is not assignable to type 'number'.
src/app/(dashboard)/home-center.tsx(106,41): error TS2322: Type '({ size, color, strokeWidth, className, style, ...rest }: CompatProps) => Element' is not assignable to type 'LucideIcon | undefined'.
  Type '({ size, color, strokeWidth, className, style, ...rest }: CompatProps) => Element' is not assignable to type 'FunctionComponent<SVGProps<SVGSVGElement>>'.
    Types of parameters '__0' and 'props' are incompatible.
      Type 'SVGProps<SVGSVGElement>' is not assignable to type 'CompatProps'.
        Types of property 'strokeWidth' are incompatible.
          Type 'string | number | undefined' is not assignable to type 'number | undefined'.
            Type 'string' is not assignable to type 'number'.
src/app/(dashboard)/home-center.tsx(107,42): error TS2322: Type '({ size, color, strokeWidth, className, style, ...rest }: CompatProps) => Element' is not assignable to type 'LucideIcon | undefined'.
  Type '({ size, color, strokeWidth, className, style, ...rest }: CompatProps) => Element' is not assignable to type 'FunctionComponent<SVGProps<SVGSVGElement>>'.
    Types of parameters '__0' and 'props' are incompatible.
      Type 'SVGProps<SVGSVGElement>' is not assignable to type 'CompatProps'.
        Types of property 'strokeWidth' are incompatible.
          Type 'string | number | undefined' is not assignable to type 'number | undefined'.
            Type 'string' is not assignable to type 'number'.
src/app/(dashboard)/home-center.tsx(108,38): error TS2322: Type '({ size, color, strokeWidth, className, style, ...rest }: CompatProps) => Element' is not assignable to type 'LucideIcon | undefined'.
  Type '({ size, color, strokeWidth, className, style, ...rest }: CompatProps) => Element' is not assignable to type 'FunctionComponent<SVGProps<SVGSVGElement>>'.
    Types of parameters '__0' and 'props' are incompatible.
      Type 'SVGProps<SVGSVGElement>' is not assignable to type 'CompatProps'.
        Types of property 'strokeWidth' are incompatible.
          Type 'string | number | undefined' is not assignable to type 'number | undefined'.
            Type 'string' is not assignable to type 'number'.
src/app/(dashboard)/intelligence/_components/inbox-processing.tsx(228,13): error TS2322: Type '({ size, color, strokeWidth, className, style, ...rest }: CompatProps) => Element' is not assignable to type 'LucideIcon'.
  Type '({ size, color, strokeWidth, className, style, ...rest }: CompatProps) => Element' is not assignable to type 'FunctionComponent<SVGProps<SVGSVGElement>>'.
    Types of parameters '__0' and 'props' are incompatible.
      Type 'SVGProps<SVGSVGElement>' is not assignable to type 'CompatProps'.
        Types of property 'strokeWidth' are incompatible.
          Type 'string | number | undefined' is not assignable to type 'number | undefined'.
            Type 'string' is not assignable to type 'number'.
src/app/(dashboard)/intelligence/_components/inbox-processing.tsx(263,21): error TS2322: Type '({ size, color, strokeWidth, className, style, ...rest }: CompatProps) => Element' is not assignable to type 'LucideIcon | undefined'.
  Type '({ size, color, strokeWidth, className, style, ...rest }: CompatProps) => Element' is not assignable to type 'FunctionComponent<SVGProps<SVGSVGElement>>'.
    Types of parameters '__0' and 'props' are incompatible.
      Type 'SVGProps<SVGSVGElement>' is not assignable to type 'CompatProps'.
        Types of property 'strokeWidth' are incompatible.
          Type 'string | number | undefined' is not assignable to type 'number | undefined'.
            Type 'string' is not assignable to type 'number'.
src/app/(dashboard)/intelligence/_components/inbox-processing.tsx(270,21): error TS2322: Type '({ size, color, strokeWidth, className, style, ...rest }: CompatProps) => Element' is not assignable to type 'LucideIcon | undefined'.
  Type '({ size, color, strokeWidth, className, style, ...rest }: CompatProps) => Element' is not assignable to type 'FunctionComponent<SVGProps<SVGSVGElement>>'.
    Types of parameters '__0' and 'props' are incompatible.
      Type 'SVGProps<SVGSVGElement>' is not assignable to type 'CompatProps'.
        Types of property 'strokeWidth' are incompatible.
          Type 'string | number | undefined' is not assignable to type 'number | undefined'.
            Type 'string' is not assignable to type 'number'.
src/app/(dashboard)/intelligence/_components/inbox-processing.tsx(294,24): error TS2322: Type '({ size, color, strokeWidth, className, style, ...rest }: CompatProps) => Element' is not assignable to type 'LucideIcon | undefined'.
  Type '({ size, color, strokeWidth, className, style, ...rest }: CompatProps) => Element' is not assignable to type 'FunctionComponent<SVGProps<SVGSVGElement>>'.
    Types of parameters '__0' and 'props' are incompatible.
      Type 'SVGProps<SVGSVGElement>' is not assignable to type 'CompatProps'.
        Types of property 'strokeWidth' are incompatible.
          Type 'string | number | undefined' is not assignable to type 'number | undefined'.
            Type 'string' is not assignable to type 'number'.
src/app/(dashboard)/intelligence/_components/industry-intelligence-workbench.tsx(408,7): error TS2322: Type '({ size, color, strokeWidth, className, style, ...rest }: CompatProps) => Element' is not assignable to type 'LucideIcon'.
  Type '({ size, color, strokeWidth, className, style, ...rest }: CompatProps) => Element' is not assignable to type 'FunctionComponent<SVGProps<SVGSVGElement>>'.
    Types of parameters '__0' and 'props' are incompatible.
      Type 'SVGProps<SVGSVGElement>' is not assignable to type 'CompatProps'.
        Types of property 'strokeWidth' are incompatible.
          Type 'string | number | undefined' is not assignable to type 'number | undefined'.
            Type 'string' is not assignable to type 'number'.
src/app/(dashboard)/intelligence/_components/industry-intelligence-workbench.tsx(417,7): error TS2322: Type '({ size, color, strokeWidth, className, style, ...rest }: CompatProps) => Element' is not assignable to type 'LucideIcon'.
  Type '({ size, color, strokeWidth, className, style, ...rest }: CompatProps) => Element' is not assignable to type 'FunctionComponent<SVGProps<SVGSVGElement>>'.
    Types of parameters '__0' and 'props' are incompatible.
      Type 'SVGProps<SVGSVGElement>' is not assignable to type 'CompatProps'.
        Types of property 'strokeWidth' are incompatible.
          Type 'string | number | undefined' is not assignable to type 'number | undefined'.
            Type 'string' is not assignable to type 'number'.
src/app/(dashboard)/intelligence/_components/industry-intelligence-workbench.tsx(426,7): error TS2322: Type '({ size, color, strokeWidth, className, style, ...rest }: CompatProps) => Element' is not assignable to type 'LucideIcon'.
  Type '({ size, color, strokeWidth, className, style, ...rest }: CompatProps) => Element' is not assignable to type 'FunctionComponent<SVGProps<SVGSVGElement>>'.
    Types of parameters '__0' and 'props' are incompatible.
      Type 'SVGProps<SVGSVGElement>' is not assignable to type 'CompatProps'.
        Types of property 'strokeWidth' are incompatible.
          Type 'string | number | undefined' is not assignable to type 'number | undefined'.
            Type 'string' is not assignable to type 'number'.
src/app/(dashboard)/intelligence/_components/industry-intelligence-workbench.tsx(439,9): error TS2322: Type '({ size, color, strokeWidth, className, style, ...rest }: CompatProps) => Element' is not assignable to type 'LucideIcon'.
  Type '({ size, color, strokeWidth, className, style, ...rest }: CompatProps) => Element' is not assignable to type 'FunctionComponent<SVGProps<SVGSVGElement>>'.
    Types of parameters '__0' and 'props' are incompatible.
      Type 'SVGProps<SVGSVGElement>' is not assignable to type 'CompatProps'.
        Types of property 'strokeWidth' are incompatible.
          Type 'string | number | undefined' is not assignable to type 'number | undefined'.
            Type 'string' is not assignable to type 'number'.
src/app/(dashboard)/intelligence/_components/industry-intelligence-workbench.tsx(448,9): error TS2322: Type '({ size, color, strokeWidth, className, style, ...rest }: CompatProps) => Element' is not assignable to type 'LucideIcon'.
  Type '({ size, color, strokeWidth, className, style, ...rest }: CompatProps) => Element' is not assignable to type 'FunctionComponent<SVGProps<SVGSVGElement>>'.
    Types of parameters '__0' and 'props' are incompatible.
      Type 'SVGProps<SVGSVGElement>' is not assignable to type 'CompatProps'.
        Types of property 'strokeWidth' are incompatible.
          Type 'string | number | undefined' is not assignable to type 'number | undefined'.
            Type 'string' is not assignable to type 'number'.
src/app/(dashboard)/intelligence/_components/industry-intelligence-workbench.tsx(463,9): error TS2322: Type '({ size, color, strokeWidth, className, style, ...rest }: CompatProps) => Element' is not assignable to type 'LucideIcon'.
  Type '({ size, color, strokeWidth, className, style, ...rest }: CompatProps) => Element' is not assignable to type 'FunctionComponent<SVGProps<SVGSVGElement>>'.
    Types of parameters '__0' and 'props' are incompatible.
      Type 'SVGProps<SVGSVGElement>' is not assignable to type 'CompatProps'.
        Types of property 'strokeWidth' are incompatible.
          Type 'string | number | undefined' is not assignable to type 'number | undefined'.
            Type 'string' is not assignable to type 'number'.
src/app/(dashboard)/intelligence/_components/industry-intelligence-workbench.tsx(479,9): error TS2322: Type '({ size, color, strokeWidth, className, style, ...rest }: CompatProps) => Element' is not assignable to type 'LucideIcon'.
  Type '({ size, color, strokeWidth, className, style, ...rest }: CompatProps) => Element' is not assignable to type 'FunctionComponent<SVGProps<SVGSVGElement>>'.
    Types of parameters '__0' and 'props' are incompatible.
      Type 'SVGProps<SVGSVGElement>' is not assignable to type 'CompatProps'.
        Types of property 'strokeWidth' are incompatible.
          Type 'string | number | undefined' is not assignable to type 'number | undefined'.
            Type 'string' is not assignable to type 'number'.
src/app/(dashboard)/intelligence/_components/industry-intelligence-workbench.tsx(940,19): error TS2322: Type '({ size, color, strokeWidth, className, style, ...rest }: CompatProps) => Element' is not assignable to type 'LucideIcon | undefined'.
  Type '({ size, color, strokeWidth, className, style, ...rest }: CompatProps) => Element' is not assignable to type 'FunctionComponent<SVGProps<SVGSVGElement>>'.
    Types of parameters '__0' and 'props' are incompatible.
      Type 'SVGProps<SVGSVGElement>' is not assignable to type 'CompatProps'.
        Types of property 'strokeWidth' are incompatible.
          Type 'string | number | undefined' is not assignable to type 'number | undefined'.
            Type 'string' is not assignable to type 'number'.
src/app/(dashboard)/intelligence/_components/industry-intelligence-workbench.tsx(1168,17): error TS2322: Type '({ size, color, strokeWidth, className, style, ...rest }: CompatProps) => Element' is not assignable to type 'LucideIcon | undefined'.
  Type '({ size, color, strokeWidth, className, style, ...rest }: CompatProps) => Element' is not assignable to type 'FunctionComponent<SVGProps<SVGSVGElement>>'.
    Types of parameters '__0' and 'props' are incompatible.
      Type 'SVGProps<SVGSVGElement>' is not assignable to type 'CompatProps'.
        Types of property 'strokeWidth' are incompatible.
          Type 'string | number | undefined' is not assignable to type 'number | undefined'.
            Type 'string' is not assignable to type 'number'.
src/app/(dashboard)/intelligence/_components/intelligence-collaboration-workbench.tsx(354,9): error TS2322: Type '({ label: string; value: string; detail: string; tone: "neutral" | "accent"; icon: ({ size, color, strokeWidth, className, style, ...rest }: CompatProps) => Element; } | { label: string; value: string; detail: string; tone: "success" | "warning"; icon: ({ size, color, strokeWidth, className, style, ...rest }: Compat...' is not assignable to type 'MetricCard[]'.
  Type '{ label: string; value: string; detail: string; tone: "neutral" | "accent"; icon: ({ size, color, strokeWidth, className, style, ...rest }: CompatProps) => Element; } | { label: string; value: string; detail: string; tone: "success" | "warning"; icon: ({ size, color, strokeWidth, className, style, ...rest }: CompatP...' is not assignable to type 'MetricCard'.
    Type '{ label: string; value: string; detail: string; tone: "neutral" | "accent"; icon: ({ size, color, strokeWidth, className, style, ...rest }: CompatProps) => JSX.Element; }' is not assignable to type 'MetricCard'.
      Types of property 'icon' are incompatible.
        Type '({ size, color, strokeWidth, className, style, ...rest }: CompatProps) => Element' is not assignable to type 'LucideIcon'.
          Type '({ size, color, strokeWidth, className, style, ...rest }: CompatProps) => Element' is not assignable to type 'FunctionComponent<SVGProps<SVGSVGElement>>'.
            Types of parameters '__0' and 'props' are incompatible.
              Type 'SVGProps<SVGSVGElement>' is not assignable to type 'CompatProps'.
                Types of property 'strokeWidth' are incompatible.
                  Type 'string | number | undefined' is not assignable to type 'number | undefined'.
                    Type 'string' is not assignable to type 'number'.
src/app/(dashboard)/intelligence/_components/intelligence-collaboration-workbench.tsx(614,23): error TS2322: Type '({ size, color, strokeWidth, className, style, ...rest }: CompatProps) => Element' is not assignable to type 'LucideIcon | undefined'.
  Type '({ size, color, strokeWidth, className, style, ...rest }: CompatProps) => Element' is not assignable to type 'FunctionComponent<SVGProps<SVGSVGElement>>'.
    Types of parameters '__0' and 'props' are incompatible.
      Type 'SVGProps<SVGSVGElement>' is not assignable to type 'CompatProps'.
        Types of property 'strokeWidth' are incompatible.
          Type 'string | number | undefined' is not assignable to type 'number | undefined'.
            Type 'string' is not assignable to type 'number'.
src/app/(dashboard)/intelligence/_components/intelligence-collaboration-workbench.tsx(758,17): error TS2322: Type '({ size, color, strokeWidth, className, style, ...rest }: CompatProps) => Element' is not assignable to type 'LucideIcon | undefined'.
  Type '({ size, color, strokeWidth, className, style, ...rest }: CompatProps) => Element' is not assignable to type 'FunctionComponent<SVGProps<SVGSVGElement>>'.
    Types of parameters '__0' and 'props' are incompatible.
      Type 'SVGProps<SVGSVGElement>' is not assignable to type 'CompatProps'.
        Types of property 'strokeWidth' are incompatible.
          Type 'string | number | undefined' is not assignable to type 'number | undefined'.
            Type 'string' is not assignable to type 'number'.
src/app/(dashboard)/intelligence/_components/intelligence-command-center.tsx(105,5): error TS2322: Type '({ size, color, strokeWidth, className, style, ...rest }: CompatProps) => Element' is not assignable to type 'LucideIcon'.
  Type '({ size, color, strokeWidth, className, style, ...rest }: CompatProps) => Element' is not assignable to type 'FunctionComponent<SVGProps<SVGSVGElement>>'.
    Types of parameters '__0' and 'props' are incompatible.
      Type 'SVGProps<SVGSVGElement>' is not assignable to type 'CompatProps'.
        Types of property 'strokeWidth' are incompatible.
          Type 'string | number | undefined' is not assignable to type 'number | undefined'.
            Type 'string' is not assignable to type 'number'.
src/app/(dashboard)/intelligence/_components/intelligence-command-center.tsx(111,5): error TS2322: Type '({ size, color, strokeWidth, className, style, ...rest }: CompatProps) => Element' is not assignable to type 'LucideIcon'.
  Type '({ size, color, strokeWidth, className, style, ...rest }: CompatProps) => Element' is not assignable to type 'FunctionComponent<SVGProps<SVGSVGElement>>'.
    Types of parameters '__0' and 'props' are incompatible.
      Type 'SVGProps<SVGSVGElement>' is not assignable to type 'CompatProps'.
        Types of property 'strokeWidth' are incompatible.
          Type 'string | number | undefined' is not assignable to type 'number | undefined'.
            Type 'string' is not assignable to type 'number'.
src/app/(dashboard)/intelligence/_components/intelligence-command-center.tsx(117,5): error TS2322: Type '({ size, color, strokeWidth, className, style, ...rest }: CompatProps) => Element' is not assignable to type 'LucideIcon'.
  Type '({ size, color, strokeWidth, className, style, ...rest }: CompatProps) => Element' is not assignable to type 'FunctionComponent<SVGProps<SVGSVGElement>>'.
    Types of parameters '__0' and 'props' are incompatible.
      Type 'SVGProps<SVGSVGElement>' is not assignable to type 'CompatProps'.
        Types of property 'strokeWidth' are incompatible.
          Type 'string | number | undefined' is not assignable to type 'number | undefined'.
            Type 'string' is not assignable to type 'number'.
src/app/(dashboard)/intelligence/_components/intelligence-command-center.tsx(123,5): error TS2322: Type '({ size, color, strokeWidth, className, style, ...rest }: CompatProps) => Element' is not assignable to type 'LucideIcon'.
  Type '({ size, color, strokeWidth, className, style, ...rest }: CompatProps) => Element' is not assignable to type 'FunctionComponent<SVGProps<SVGSVGElement>>'.
    Types of parameters '__0' and 'props' are incompatible.
      Type 'SVGProps<SVGSVGElement>' is not assignable to type 'CompatProps'.
        Types of property 'strokeWidth' are incompatible.
          Type 'string | number | undefined' is not assignable to type 'number | undefined'.
            Type 'string' is not assignable to type 'number'.
src/app/(dashboard)/intelligence/_components/intelligence-command-center.tsx(129,5): error TS2322: Type '({ size, color, strokeWidth, className, style, ...rest }: CompatProps) => Element' is not assignable to type 'LucideIcon'.
  Type '({ size, color, strokeWidth, className, style, ...rest }: CompatProps) => Element' is not assignable to type 'FunctionComponent<SVGProps<SVGSVGElement>>'.
    Types of parameters '__0' and 'props' are incompatible.
      Type 'SVGProps<SVGSVGElement>' is not assignable to type 'CompatProps'.
        Types of property 'strokeWidth' are incompatible.
          Type 'string | number | undefined' is not assignable to type 'number | undefined'.
            Type 'string' is not assignable to type 'number'.
src/app/(dashboard)/intelligence/_components/intelligence-command-center.tsx(486,5): error TS2322: Type '{ label: string; target: string; href: string; reason: string; risk: "medium" | "low"; icon: ({ size, color, strokeWidth, className, style, ...rest }: CompatProps) => Element; }[] | ({ label: string; target: string; href: string; reason: string; risk: "high"; icon: ({ size, color, strokeWidth, className, style, ...r...' is not assignable to type 'DispatchAction[]'.
  Type '{ label: string; target: string; href: string; reason: string; risk: "medium" | "low"; icon: ({ size, color, strokeWidth, className, style, ...rest }: CompatProps) => Element; }[]' is not assignable to type 'DispatchAction[]'.
    Type '{ label: string; target: string; href: string; reason: string; risk: "medium" | "low"; icon: ({ size, color, strokeWidth, className, style, ...rest }: CompatProps) => JSX.Element; }' is not assignable to type 'DispatchAction'.
      Types of property 'icon' are incompatible.
        Type '({ size, color, strokeWidth, className, style, ...rest }: CompatProps) => Element' is not assignable to type 'LucideIcon'.
          Type '({ size, color, strokeWidth, className, style, ...rest }: CompatProps) => Element' is not assignable to type 'FunctionComponent<SVGProps<SVGSVGElement>>'.
            Types of parameters '__0' and 'props' are incompatible.
              Type 'SVGProps<SVGSVGElement>' is not assignable to type 'CompatProps'.
                Types of property 'strokeWidth' are incompatible.
                  Type 'string | number | undefined' is not assignable to type 'number | undefined'.
                    Type 'string' is not assignable to type 'number'.
src/app/(dashboard)/intelligence/_components/intelligence-dispatch-records-page.tsx(62,5): error TS2322: Type '({ size, color, strokeWidth, className, style, ...rest }: CompatProps) => Element' is not assignable to type 'LucideIcon'.
  Type '({ size, color, strokeWidth, className, style, ...rest }: CompatProps) => Element' is not assignable to type 'FunctionComponent<SVGProps<SVGSVGElement>>'.
    Types of parameters '__0' and 'props' are incompatible.
      Type 'SVGProps<SVGSVGElement>' is not assignable to type 'CompatProps'.
        Types of property 'strokeWidth' are incompatible.
          Type 'string | number | undefined' is not assignable to type 'number | undefined'.
            Type 'string' is not assignable to type 'number'.
src/app/(dashboard)/intelligence/_components/intelligence-dispatch-records-page.tsx(76,5): error TS2322: Type '({ size, color, strokeWidth, className, style, ...rest }: CompatProps) => Element' is not assignable to type 'LucideIcon'.
  Type '({ size, color, strokeWidth, className, style, ...rest }: CompatProps) => Element' is not assignable to type 'FunctionComponent<SVGProps<SVGSVGElement>>'.
    Types of parameters '__0' and 'props' are incompatible.
      Type 'SVGProps<SVGSVGElement>' is not assignable to type 'CompatProps'.
        Types of property 'strokeWidth' are incompatible.
          Type 'string | number | undefined' is not assignable to type 'number | undefined'.
            Type 'string' is not assignable to type 'number'.
src/app/(dashboard)/intelligence/_components/intelligence-dispatch-records-page.tsx(90,5): error TS2322: Type '({ size, color, strokeWidth, className, style, ...rest }: CompatProps) => Element' is not assignable to type 'LucideIcon'.
  Type '({ size, color, strokeWidth, className, style, ...rest }: CompatProps) => Element' is not assignable to type 'FunctionComponent<SVGProps<SVGSVGElement>>'.
    Types of parameters '__0' and 'props' are incompatible.
      Type 'SVGProps<SVGSVGElement>' is not assignable to type 'CompatProps'.
        Types of property 'strokeWidth' are incompatible.
          Type 'string | number | undefined' is not assignable to type 'number | undefined'.
            Type 'string' is not assignable to type 'number'.
src/app/(dashboard)/intelligence/_components/intelligence-dispatch-records-page.tsx(104,5): error TS2322: Type '({ size, color, strokeWidth, className, style, ...rest }: CompatProps) => Element' is not assignable to type 'LucideIcon'.
  Type '({ size, color, strokeWidth, className, style, ...rest }: CompatProps) => Element' is not assignable to type 'FunctionComponent<SVGProps<SVGSVGElement>>'.
    Types of parameters '__0' and 'props' are incompatible.
      Type 'SVGProps<SVGSVGElement>' is not assignable to type 'CompatProps'.
        Types of property 'strokeWidth' are incompatible.
          Type 'string | number | undefined' is not assignable to type 'number | undefined'.
            Type 'string' is not assignable to type 'number'.
src/app/(dashboard)/intelligence/_components/intelligence-dispatch-records-page.tsx(190,9): error TS2322: Type '({ size, color, strokeWidth, className, style, ...rest }: CompatProps) => Element' is not assignable to type 'LucideIcon'.
  Type '({ size, color, strokeWidth, className, style, ...rest }: CompatProps) => Element' is not assignable to type 'FunctionComponent<SVGProps<SVGSVGElement>>'.
    Types of parameters '__0' and 'props' are incompatible.
      Type 'SVGProps<SVGSVGElement>' is not assignable to type 'CompatProps'.
        Types of property 'strokeWidth' are incompatible.
          Type 'string | number | undefined' is not assignable to type 'number | undefined'.
            Type 'string' is not assignable to type 'number'.
src/app/(dashboard)/intelligence/_components/intelligence-dispatch-records-page.tsx(197,9): error TS2322: Type '({ size, color, strokeWidth, className, style, ...rest }: CompatProps) => Element' is not assignable to type 'LucideIcon'.
  Type '({ size, color, strokeWidth, className, style, ...rest }: CompatProps) => Element' is not assignable to type 'FunctionComponent<SVGProps<SVGSVGElement>>'.
    Types of parameters '__0' and 'props' are incompatible.
      Type 'SVGProps<SVGSVGElement>' is not assignable to type 'CompatProps'.
        Types of property 'strokeWidth' are incompatible.
          Type 'string | number | undefined' is not assignable to type 'number | undefined'.
            Type 'string' is not assignable to type 'number'.
src/app/(dashboard)/intelligence/_components/intelligence-dispatch-records-page.tsx(211,9): error TS2322: Type '({ size, color, strokeWidth, className, style, ...rest }: CompatProps) => Element' is not assignable to type 'LucideIcon'.
  Type '({ size, color, strokeWidth, className, style, ...rest }: CompatProps) => Element' is not assignable to type 'FunctionComponent<SVGProps<SVGSVGElement>>'.
    Types of parameters '__0' and 'props' are incompatible.
      Type 'SVGProps<SVGSVGElement>' is not assignable to type 'CompatProps'.
        Types of property 'strokeWidth' are incompatible.
          Type 'string | number | undefined' is not assignable to type 'number | undefined'.
            Type 'string' is not assignable to type 'number'.
src/app/(dashboard)/intelligence/_components/intelligence-dispatch-records-page.tsx(218,9): error TS2322: Type '({ size, color, strokeWidth, className, style, ...rest }: CompatProps) => Element' is not assignable to type 'LucideIcon'.
  Type '({ size, color, strokeWidth, className, style, ...rest }: CompatProps) => Element' is not assignable to type 'FunctionComponent<SVGProps<SVGSVGElement>>'.
    Types of parameters '__0' and 'props' are incompatible.
      Type 'SVGProps<SVGSVGElement>' is not assignable to type 'CompatProps'.
        Types of property 'strokeWidth' are incompatible.
          Type 'string | number | undefined' is not assignable to type 'number | undefined'.
            Type 'string' is not assignable to type 'number'.
src/app/(dashboard)/intelligence/_components/intelligence-dispatch-records-page.tsx(229,9): error TS2322: Type '({ size, color, strokeWidth, className, style, ...rest }: CompatProps) => Element' is not assignable to type 'LucideIcon'.
  Type '({ size, color, strokeWidth, className, style, ...rest }: CompatProps) => Element' is not assignable to type 'FunctionComponent<SVGProps<SVGSVGElement>>'.
    Types of parameters '__0' and 'props' are incompatible.
      Type 'SVGProps<SVGSVGElement>' is not assignable to type 'CompatProps'.
        Types of property 'strokeWidth' are incompatible.
          Type 'string | number | undefined' is not assignable to type 'number | undefined'.
            Type 'string' is not assignable to type 'number'.
src/app/(dashboard)/intelligence/_components/intelligence-dispatch-records-page.tsx(236,9): error TS2322: Type '({ size, color, strokeWidth, className, style, ...rest }: CompatProps) => Element' is not assignable to type 'LucideIcon'.
  Type '({ size, color, strokeWidth, className, style, ...rest }: CompatProps) => Element' is not assignable to type 'FunctionComponent<SVGProps<SVGSVGElement>>'.
    Types of parameters '__0' and 'props' are incompatible.
      Type 'SVGProps<SVGSVGElement>' is not assignable to type 'CompatProps'.
        Types of property 'strokeWidth' are incompatible.
          Type 'string | number | undefined' is not assignable to type 'number | undefined'.
            Type 'string' is not assignable to type 'number'.
src/app/(dashboard)/intelligence/_components/intelligence-dispatch-records-page.tsx(246,7): error TS2322: Type '({ size, color, strokeWidth, className, style, ...rest }: CompatProps) => Element' is not assignable to type 'LucideIcon'.
  Type '({ size, color, strokeWidth, className, style, ...rest }: CompatProps) => Element' is not assignable to type 'FunctionComponent<SVGProps<SVGSVGElement>>'.
    Types of parameters '__0' and 'props' are incompatible.
      Type 'SVGProps<SVGSVGElement>' is not assignable to type 'CompatProps'.
        Types of property 'strokeWidth' are incompatible.
          Type 'string | number | undefined' is not assignable to type 'number | undefined'.
            Type 'string' is not assignable to type 'number'.
src/app/(dashboard)/intelligence/_components/intelligence-dispatch-records-page.tsx(254,7): error TS2322: Type '({ size, color, strokeWidth, className, style, ...rest }: CompatProps) => Element' is not assignable to type 'LucideIcon'.
  Type '({ size, color, strokeWidth, className, style, ...rest }: CompatProps) => Element' is not assignable to type 'FunctionComponent<SVGProps<SVGSVGElement>>'.
    Types of parameters '__0' and 'props' are incompatible.
      Type 'SVGProps<SVGSVGElement>' is not assignable to type 'CompatProps'.
        Types of property 'strokeWidth' are incompatible.
          Type 'string | number | undefined' is not assignable to type 'number | undefined'.
            Type 'string' is not assignable to type 'number'.
src/app/(dashboard)/intelligence/_components/intelligence-inbox-workbench.tsx(275,9): error TS2322: Type '({ size, color, strokeWidth, className, style, ...rest }: CompatProps) => Element' is not assignable to type 'LucideIcon'.
  Type '({ size, color, strokeWidth, className, style, ...rest }: CompatProps) => Element' is not assignable to type 'FunctionComponent<SVGProps<SVGSVGElement>>'.
    Types of parameters '__0' and 'props' are incompatible.
      Type 'SVGProps<SVGSVGElement>' is not assignable to type 'CompatProps'.
        Types of property 'strokeWidth' are incompatible.
          Type 'string | number | undefined' is not assignable to type 'number | undefined'.
            Type 'string' is not assignable to type 'number'.
src/app/(dashboard)/intelligence/_components/intelligence-inbox-workbench.tsx(285,9): error TS2322: Type '({ size, color, strokeWidth, className, style, ...rest }: CompatProps) => Element' is not assignable to type 'LucideIcon'.
  Type '({ size, color, strokeWidth, className, style, ...rest }: CompatProps) => Element' is not assignable to type 'FunctionComponent<SVGProps<SVGSVGElement>>'.
    Types of parameters '__0' and 'props' are incompatible.
      Type 'SVGProps<SVGSVGElement>' is not assignable to type 'CompatProps'.
        Types of property 'strokeWidth' are incompatible.
          Type 'string | number | undefined' is not assignable to type 'number | undefined'.
            Type 'string' is not assignable to type 'number'.
src/app/(dashboard)/intelligence/_components/intelligence-inbox-workbench.tsx(333,7): error TS2322: Type '({ size, color, strokeWidth, className, style, ...rest }: CompatProps) => Element' is not assignable to type 'LucideIcon'.
  Type '({ size, color, strokeWidth, className, style, ...rest }: CompatProps) => Element' is not assignable to type 'FunctionComponent<SVGProps<SVGSVGElement>>'.
    Types of parameters '__0' and 'props' are incompatible.
      Type 'SVGProps<SVGSVGElement>' is not assignable to type 'CompatProps'.
        Types of property 'strokeWidth' are incompatible.
          Type 'string | number | undefined' is not assignable to type 'number | undefined'.
            Type 'string' is not assignable to type 'number'.
src/app/(dashboard)/intelligence/_components/intelligence-inbox-workbench.tsx(343,7): error TS2322: Type '({ size, color, strokeWidth, className, style, ...rest }: CompatProps) => Element' is not assignable to type 'LucideIcon'.
  Type '({ size, color, strokeWidth, className, style, ...rest }: CompatProps) => Element' is not assignable to type 'FunctionComponent<SVGProps<SVGSVGElement>>'.
    Types of parameters '__0' and 'props' are incompatible.
      Type 'SVGProps<SVGSVGElement>' is not assignable to type 'CompatProps'.
        Types of property 'strokeWidth' are incompatible.
          Type 'string | number | undefined' is not assignable to type 'number | undefined'.
            Type 'string' is not assignable to type 'number'.
src/app/(dashboard)/intelligence/_components/intelligence-inbox-workbench.tsx(346,5): error TS2322: Type '{ actionId: string; label: string; target: string; href: string; reason: string; risk: "low"; icon: ({ size, color, strokeWidth, className, style, ...rest }: CompatProps) => Element; kind: "link"; } | { actionId: string; label: string; ... 5 more ...; kind: "link"; }' is not assignable to type 'InboxAction'.
  Type '{ actionId: string; label: string; target: string; href: string; reason: string; risk: "low"; icon: ({ size, color, strokeWidth, className, style, ...rest }: CompatProps) => JSX.Element; kind: "link"; }' is not assignable to type 'InboxAction'.
    Types of property 'icon' are incompatible.
      Type '({ size, color, strokeWidth, className, style, ...rest }: CompatProps) => Element' is not assignable to type 'LucideIcon'.
        Type '({ size, color, strokeWidth, className, style, ...rest }: CompatProps) => Element' is not assignable to type 'FunctionComponent<SVGProps<SVGSVGElement>>'.
          Types of parameters '__0' and 'props' are incompatible.
            Type 'SVGProps<SVGSVGElement>' is not assignable to type 'CompatProps'.
              Types of property 'strokeWidth' are incompatible.
                Type 'string | number | undefined' is not assignable to type 'number | undefined'.
                  Type 'string' is not assignable to type 'number'.
src/app/(dashboard)/intelligence/_components/intelligence-inbox-workbench.tsx(714,15): error TS2322: Type '({ size, color, strokeWidth, className, style, ...rest }: CompatProps) => Element' is not assignable to type 'LucideIcon'.
  Type '({ size, color, strokeWidth, className, style, ...rest }: CompatProps) => Element' is not assignable to type 'FunctionComponent<SVGProps<SVGSVGElement>>'.
    Types of parameters '__0' and 'props' are incompatible.
      Type 'SVGProps<SVGSVGElement>' is not assignable to type 'CompatProps'.
        Types of property 'strokeWidth' are incompatible.
          Type 'string | number | undefined' is not assignable to type 'number | undefined'.
            Type 'string' is not assignable to type 'number'.
src/app/(dashboard)/intelligence/_components/intelligence-inbox-workbench.tsx(722,15): error TS2322: Type '({ size, color, strokeWidth, className, style, ...rest }: CompatProps) => Element' is not assignable to type 'LucideIcon'.
  Type '({ size, color, strokeWidth, className, style, ...rest }: CompatProps) => Element' is not assignable to type 'FunctionComponent<SVGProps<SVGSVGElement>>'.
    Types of parameters '__0' and 'props' are incompatible.
      Type 'SVGProps<SVGSVGElement>' is not assignable to type 'CompatProps'.
        Types of property 'strokeWidth' are incompatible.
          Type 'string | number | undefined' is not assignable to type 'number | undefined'.
            Type 'string' is not assignable to type 'number'.
src/app/(dashboard)/intelligence/_components/intelligence-inbox-workbench.tsx(886,15): error TS2322: Type '({ size, color, strokeWidth, className, style, ...rest }: CompatProps) => Element' is not assignable to type 'LucideIcon'.
  Type '({ size, color, strokeWidth, className, style, ...rest }: CompatProps) => Element' is not assignable to type 'FunctionComponent<SVGProps<SVGSVGElement>>'.
    Types of parameters '__0' and 'props' are incompatible.
      Type 'SVGProps<SVGSVGElement>' is not assignable to type 'CompatProps'.
        Types of property 'strokeWidth' are incompatible.
          Type 'string | number | undefined' is not assignable to type 'number | undefined'.
            Type 'string' is not assignable to type 'number'.
src/app/(dashboard)/intelligence/_components/intelligence-inbox-workbench.tsx(953,17): error TS2322: Type '({ size, color, strokeWidth, className, style, ...rest }: CompatProps) => Element' is not assignable to type 'LucideIcon'.
  Type '({ size, color, strokeWidth, className, style, ...rest }: CompatProps) => Element' is not assignable to type 'FunctionComponent<SVGProps<SVGSVGElement>>'.
    Types of parameters '__0' and 'props' are incompatible.
      Type 'SVGProps<SVGSVGElement>' is not assignable to type 'CompatProps'.
        Types of property 'strokeWidth' are incompatible.
          Type 'string | number | undefined' is not assignable to type 'number | undefined'.
            Type 'string' is not assignable to type 'number'.
src/app/(dashboard)/intelligence/_components/intelligence-inbox-workbench.tsx(994,17): error TS2322: Type '({ size, color, strokeWidth, className, style, ...rest }: CompatProps) => Element' is not assignable to type 'LucideIcon'.
  Type '({ size, color, strokeWidth, className, style, ...rest }: CompatProps) => Element' is not assignable to type 'FunctionComponent<SVGProps<SVGSVGElement>>'.
    Types of parameters '__0' and 'props' are incompatible.
      Type 'SVGProps<SVGSVGElement>' is not assignable to type 'CompatProps'.
        Types of property 'strokeWidth' are incompatible.
          Type 'string | number | undefined' is not assignable to type 'number | undefined'.
            Type 'string' is not assignable to type 'number'.
src/app/(dashboard)/intelligence/_components/intelligence-monitors-workbench.tsx(119,5): error TS2322: Type '({ size, color, strokeWidth, className, style, ...rest }: CompatProps) => Element' is not assignable to type 'LucideIcon'.
  Type '({ size, color, strokeWidth, className, style, ...rest }: CompatProps) => Element' is not assignable to type 'FunctionComponent<SVGProps<SVGSVGElement>>'.
    Types of parameters '__0' and 'props' are incompatible.
      Type 'SVGProps<SVGSVGElement>' is not assignable to type 'CompatProps'.
        Types of property 'strokeWidth' are incompatible.
          Type 'string | number | undefined' is not assignable to type 'number | undefined'.
            Type 'string' is not assignable to type 'number'.
src/app/(dashboard)/intelligence/_components/intelligence-monitors-workbench.tsx(125,5): error TS2322: Type '({ size, color, strokeWidth, className, style, ...rest }: CompatProps) => Element' is not assignable to type 'LucideIcon'.
  Type '({ size, color, strokeWidth, className, style, ...rest }: CompatProps) => Element' is not assignable to type 'FunctionComponent<SVGProps<SVGSVGElement>>'.
    Types of parameters '__0' and 'props' are incompatible.
      Type 'SVGProps<SVGSVGElement>' is not assignable to type 'CompatProps'.
        Types of property 'strokeWidth' are incompatible.
          Type 'string | number | undefined' is not assignable to type 'number | undefined'.
            Type 'string' is not assignable to type 'number'.
src/app/(dashboard)/intelligence/_components/intelligence-monitors-workbench.tsx(131,5): error TS2322: Type '({ size, color, strokeWidth, className, style, ...rest }: CompatProps) => Element' is not assignable to type 'LucideIcon'.
  Type '({ size, color, strokeWidth, className, style, ...rest }: CompatProps) => Element' is not assignable to type 'FunctionComponent<SVGProps<SVGSVGElement>>'.
    Types of parameters '__0' and 'props' are incompatible.
      Type 'SVGProps<SVGSVGElement>' is not assignable to type 'CompatProps'.
        Types of property 'strokeWidth' are incompatible.
          Type 'string | number | undefined' is not assignable to type 'number | undefined'.
            Type 'string' is not assignable to type 'number'.
src/app/(dashboard)/intelligence/_components/intelligence-monitors-workbench.tsx(137,5): error TS2322: Type '({ size, color, strokeWidth, className, style, ...rest }: CompatProps) => Element' is not assignable to type 'LucideIcon'.
  Type '({ size, color, strokeWidth, className, style, ...rest }: CompatProps) => Element' is not assignable to type 'FunctionComponent<SVGProps<SVGSVGElement>>'.
    Types of parameters '__0' and 'props' are incompatible.
      Type 'SVGProps<SVGSVGElement>' is not assignable to type 'CompatProps'.
        Types of property 'strokeWidth' are incompatible.
          Type 'string | number | undefined' is not assignable to type 'number | undefined'.
            Type 'string' is not assignable to type 'number'.
src/app/(dashboard)/intelligence/_components/intelligence-monitors-workbench.tsx(775,17): error TS2322: Type '({ size, color, strokeWidth, className, style, ...rest }: CompatProps) => Element' is not assignable to type 'LucideIcon | undefined'.
  Type '({ size, color, strokeWidth, className, style, ...rest }: CompatProps) => Element' is not assignable to type 'FunctionComponent<SVGProps<SVGSVGElement>>'.
    Types of parameters '__0' and 'props' are incompatible.
      Type 'SVGProps<SVGSVGElement>' is not assignable to type 'CompatProps'.
        Types of property 'strokeWidth' are incompatible.
          Type 'string | number | undefined' is not assignable to type 'number | undefined'.
            Type 'string' is not assignable to type 'number'.
src/app/(dashboard)/intelligence/_components/intelligence-monitors-workbench.tsx(1062,17): error TS2322: Type '({ size, color, strokeWidth, className, style, ...rest }: CompatProps) => Element' is not assignable to type 'LucideIcon | undefined'.
  Type '({ size, color, strokeWidth, className, style, ...rest }: CompatProps) => Element' is not assignable to type 'FunctionComponent<SVGProps<SVGSVGElement>>'.
    Types of parameters '__0' and 'props' are incompatible.
      Type 'SVGProps<SVGSVGElement>' is not assignable to type 'CompatProps'.
        Types of property 'strokeWidth' are incompatible.
          Type 'string | number | undefined' is not assignable to type 'number | undefined'.
            Type 'string' is not assignable to type 'number'.
src/app/(dashboard)/intelligence/_components/intelligence-operations-page.tsx(111,5): error TS2322: Type '({ size, color, strokeWidth, className, style, ...rest }: CompatProps) => Element' is not assignable to type 'LucideIcon'.
  Type '({ size, color, strokeWidth, className, style, ...rest }: CompatProps) => Element' is not assignable to type 'FunctionComponent<SVGProps<SVGSVGElement>>'.
    Types of parameters '__0' and 'props' are incompatible.
      Type 'SVGProps<SVGSVGElement>' is not assignable to type 'CompatProps'.
        Types of property 'strokeWidth' are incompatible.
          Type 'string | number | undefined' is not assignable to type 'number | undefined'.
            Type 'string' is not assignable to type 'number'.
src/app/(dashboard)/intelligence/_components/intelligence-operations-page.tsx(121,9): error TS2322: Type '({ size, color, strokeWidth, className, style, ...rest }: CompatProps) => Element' is not assignable to type 'LucideIcon'.
  Type '({ size, color, strokeWidth, className, style, ...rest }: CompatProps) => Element' is not assignable to type 'FunctionComponent<SVGProps<SVGSVGElement>>'.
    Types of parameters '__0' and 'props' are incompatible.
      Type 'SVGProps<SVGSVGElement>' is not assignable to type 'CompatProps'.
        Types of property 'strokeWidth' are incompatible.
          Type 'string | number | undefined' is not assignable to type 'number | undefined'.
            Type 'string' is not assignable to type 'number'.
src/app/(dashboard)/intelligence/_components/intelligence-operations-page.tsx(127,9): error TS2322: Type '({ size, color, strokeWidth, className, style, ...rest }: CompatProps) => Element' is not assignable to type 'LucideIcon'.
  Type '({ size, color, strokeWidth, className, style, ...rest }: CompatProps) => Element' is not assignable to type 'FunctionComponent<SVGProps<SVGSVGElement>>'.
    Types of parameters '__0' and 'props' are incompatible.
      Type 'SVGProps<SVGSVGElement>' is not assignable to type 'CompatProps'.
        Types of property 'strokeWidth' are incompatible.
          Type 'string | number | undefined' is not assignable to type 'number | undefined'.
            Type 'string' is not assignable to type 'number'.
src/app/(dashboard)/intelligence/_components/intelligence-operations-page.tsx(133,9): error TS2322: Type '({ size, color, strokeWidth, className, style, ...rest }: CompatProps) => Element' is not assignable to type 'LucideIcon'.
  Type '({ size, color, strokeWidth, className, style, ...rest }: CompatProps) => Element' is not assignable to type 'FunctionComponent<SVGProps<SVGSVGElement>>'.
    Types of parameters '__0' and 'props' are incompatible.
      Type 'SVGProps<SVGSVGElement>' is not assignable to type 'CompatProps'.
        Types of property 'strokeWidth' are incompatible.
          Type 'string | number | undefined' is not assignable to type 'number | undefined'.
            Type 'string' is not assignable to type 'number'.
src/app/(dashboard)/intelligence/_components/intelligence-operations-page.tsx(227,5): error TS2322: Type '({ size, color, strokeWidth, className, style, ...rest }: CompatProps) => Element' is not assignable to type 'LucideIcon'.
  Type '({ size, color, strokeWidth, className, style, ...rest }: CompatProps) => Element' is not assignable to type 'FunctionComponent<SVGProps<SVGSVGElement>>'.
    Types of parameters '__0' and 'props' are incompatible.
      Type 'SVGProps<SVGSVGElement>' is not assignable to type 'CompatProps'.
        Types of property 'strokeWidth' are incompatible.
          Type 'string | number | undefined' is not assignable to type 'number | undefined'.
            Type 'string' is not assignable to type 'number'.
src/app/(dashboard)/intelligence/_components/intelligence-operations-page.tsx(237,9): error TS2322: Type '({ size, color, strokeWidth, className, style, ...rest }: CompatProps) => Element' is not assignable to type 'LucideIcon'.
  Type '({ size, color, strokeWidth, className, style, ...rest }: CompatProps) => Element' is not assignable to type 'FunctionComponent<SVGProps<SVGSVGElement>>'.
    Types of parameters '__0' and 'props' are incompatible.
      Type 'SVGProps<SVGSVGElement>' is not assignable to type 'CompatProps'.
        Types of property 'strokeWidth' are incompatible.
          Type 'string | number | undefined' is not assignable to type 'number | undefined'.
            Type 'string' is not assignable to type 'number'.
src/app/(dashboard)/intelligence/_components/intelligence-operations-page.tsx(243,9): error TS2322: Type '({ size, color, strokeWidth, className, style, ...rest }: CompatProps) => Element' is not assignable to type 'LucideIcon'.
  Type '({ size, color, strokeWidth, className, style, ...rest }: CompatProps) => Element' is not assignable to type 'FunctionComponent<SVGProps<SVGSVGElement>>'.
    Types of parameters '__0' and 'props' are incompatible.
      Type 'SVGProps<SVGSVGElement>' is not assignable to type 'CompatProps'.
        Types of property 'strokeWidth' are incompatible.
          Type 'string | number | undefined' is not assignable to type 'number | undefined'.
            Type 'string' is not assignable to type 'number'.
src/app/(dashboard)/intelligence/_components/intelligence-operations-page.tsx(249,9): error TS2322: Type '({ size, color, strokeWidth, className, style, ...rest }: CompatProps) => Element' is not assignable to type 'LucideIcon'.
  Type '({ size, color, strokeWidth, className, style, ...rest }: CompatProps) => Element' is not assignable to type 'FunctionComponent<SVGProps<SVGSVGElement>>'.
    Types of parameters '__0' and 'props' are incompatible.
      Type 'SVGProps<SVGSVGElement>' is not assignable to type 'CompatProps'.
        Types of property 'strokeWidth' are incompatible.
          Type 'string | number | undefined' is not assignable to type 'number | undefined'.
            Type 'string' is not assignable to type 'number'.
src/app/(dashboard)/intelligence/_components/intelligence-operations-page.tsx(342,5): error TS2322: Type '({ size, color, strokeWidth, className, style, ...rest }: CompatProps) => Element' is not assignable to type 'LucideIcon'.
  Type '({ size, color, strokeWidth, className, style, ...rest }: CompatProps) => Element' is not assignable to type 'FunctionComponent<SVGProps<SVGSVGElement>>'.
    Types of parameters '__0' and 'props' are incompatible.
      Type 'SVGProps<SVGSVGElement>' is not assignable to type 'CompatProps'.
        Types of property 'strokeWidth' are incompatible.
          Type 'string | number | undefined' is not assignable to type 'number | undefined'.
            Type 'string' is not assignable to type 'number'.
src/app/(dashboard)/intelligence/_components/intelligence-operations-page.tsx(352,9): error TS2322: Type '({ size, color, strokeWidth, className, style, ...rest }: CompatProps) => Element' is not assignable to type 'LucideIcon'.
  Type '({ size, color, strokeWidth, className, style, ...rest }: CompatProps) => Element' is not assignable to type 'FunctionComponent<SVGProps<SVGSVGElement>>'.
    Types of parameters '__0' and 'props' are incompatible.
      Type 'SVGProps<SVGSVGElement>' is not assignable to type 'CompatProps'.
        Types of property 'strokeWidth' are incompatible.
          Type 'string | number | undefined' is not assignable to type 'number | undefined'.
            Type 'string' is not assignable to type 'number'.
src/app/(dashboard)/intelligence/_components/intelligence-operations-page.tsx(358,9): error TS2322: Type '({ size, color, strokeWidth, className, style, ...rest }: CompatProps) => Element' is not assignable to type 'LucideIcon'.
  Type '({ size, color, strokeWidth, className, style, ...rest }: CompatProps) => Element' is not assignable to type 'FunctionComponent<SVGProps<SVGSVGElement>>'.
    Types of parameters '__0' and 'props' are incompatible.
      Type 'SVGProps<SVGSVGElement>' is not assignable to type 'CompatProps'.
        Types of property 'strokeWidth' are incompatible.
          Type 'string | number | undefined' is not assignable to type 'number | undefined'.
            Type 'string' is not assignable to type 'number'.
src/app/(dashboard)/intelligence/_components/intelligence-operations-page.tsx(364,9): error TS2322: Type '({ size, color, strokeWidth, className, style, ...rest }: CompatProps) => Element' is not assignable to type 'LucideIcon'.
  Type '({ size, color, strokeWidth, className, style, ...rest }: CompatProps) => Element' is not assignable to type 'FunctionComponent<SVGProps<SVGSVGElement>>'.
    Types of parameters '__0' and 'props' are incompatible.
      Type 'SVGProps<SVGSVGElement>' is not assignable to type 'CompatProps'.
        Types of property 'strokeWidth' are incompatible.
          Type 'string | number | undefined' is not assignable to type 'number | undefined'.
            Type 'string' is not assignable to type 'number'.
src/app/(dashboard)/intelligence/_components/intelligence-operations-page.tsx(452,5): error TS2322: Type '({ size, color, strokeWidth, className, style, ...rest }: CompatProps) => Element' is not assignable to type 'LucideIcon'.
  Type '({ size, color, strokeWidth, className, style, ...rest }: CompatProps) => Element' is not assignable to type 'FunctionComponent<SVGProps<SVGSVGElement>>'.
    Types of parameters '__0' and 'props' are incompatible.
      Type 'SVGProps<SVGSVGElement>' is not assignable to type 'CompatProps'.
        Types of property 'strokeWidth' are incompatible.
          Type 'string | number | undefined' is not assignable to type 'number | undefined'.
            Type 'string' is not assignable to type 'number'.
src/app/(dashboard)/intelligence/_components/intelligence-operations-page.tsx(462,9): error TS2322: Type '({ size, color, strokeWidth, className, style, ...rest }: CompatProps) => Element' is not assignable to type 'LucideIcon'.
  Type '({ size, color, strokeWidth, className, style, ...rest }: CompatProps) => Element' is not assignable to type 'FunctionComponent<SVGProps<SVGSVGElement>>'.
    Types of parameters '__0' and 'props' are incompatible.
      Type 'SVGProps<SVGSVGElement>' is not assignable to type 'CompatProps'.
        Types of property 'strokeWidth' are incompatible.
          Type 'string | number | undefined' is not assignable to type 'number | undefined'.
            Type 'string' is not assignable to type 'number'.
src/app/(dashboard)/intelligence/_components/intelligence-operations-page.tsx(468,9): error TS2322: Type '({ size, color, strokeWidth, className, style, ...rest }: CompatProps) => Element' is not assignable to type 'LucideIcon'.
  Type '({ size, color, strokeWidth, className, style, ...rest }: CompatProps) => Element' is not assignable to type 'FunctionComponent<SVGProps<SVGSVGElement>>'.
    Types of parameters '__0' and 'props' are incompatible.
      Type 'SVGProps<SVGSVGElement>' is not assignable to type 'CompatProps'.
        Types of property 'strokeWidth' are incompatible.
          Type 'string | number | undefined' is not assignable to type 'number | undefined'.
            Type 'string' is not assignable to type 'number'.
src/app/(dashboard)/intelligence/_components/intelligence-operations-page.tsx(474,9): error TS2322: Type '({ size, color, strokeWidth, className, style, ...rest }: CompatProps) => Element' is not assignable to type 'LucideIcon'.
  Type '({ size, color, strokeWidth, className, style, ...rest }: CompatProps) => Element' is not assignable to type 'FunctionComponent<SVGProps<SVGSVGElement>>'.
    Types of parameters '__0' and 'props' are incompatible.
      Type 'SVGProps<SVGSVGElement>' is not assignable to type 'CompatProps'.
        Types of property 'strokeWidth' are incompatible.
          Type 'string | number | undefined' is not assignable to type 'number | undefined'.
            Type 'string' is not assignable to type 'number'.
src/app/(dashboard)/intelligence/_components/intelligence-operations-page.tsx(567,5): error TS2322: Type '({ size, color, strokeWidth, className, style, ...rest }: CompatProps) => Element' is not assignable to type 'LucideIcon'.
  Type '({ size, color, strokeWidth, className, style, ...rest }: CompatProps) => Element' is not assignable to type 'FunctionComponent<SVGProps<SVGSVGElement>>'.
    Types of parameters '__0' and 'props' are incompatible.
      Type 'SVGProps<SVGSVGElement>' is not assignable to type 'CompatProps'.
        Types of property 'strokeWidth' are incompatible.
          Type 'string | number | undefined' is not assignable to type 'number | undefined'.
            Type 'string' is not assignable to type 'number'.
src/app/(dashboard)/intelligence/_components/intelligence-operations-page.tsx(577,9): error TS2322: Type '({ size, color, strokeWidth, className, style, ...rest }: CompatProps) => Element' is not assignable to type 'LucideIcon'.
  Type '({ size, color, strokeWidth, className, style, ...rest }: CompatProps) => Element' is not assignable to type 'FunctionComponent<SVGProps<SVGSVGElement>>'.
    Types of parameters '__0' and 'props' are incompatible.
      Type 'SVGProps<SVGSVGElement>' is not assignable to type 'CompatProps'.
        Types of property 'strokeWidth' are incompatible.
          Type 'string | number | undefined' is not assignable to type 'number | undefined'.
            Type 'string' is not assignable to type 'number'.
src/app/(dashboard)/intelligence/_components/intelligence-operations-page.tsx(583,9): error TS2322: Type '({ size, color, strokeWidth, className, style, ...rest }: CompatProps) => Element' is not assignable to type 'LucideIcon'.
  Type '({ size, color, strokeWidth, className, style, ...rest }: CompatProps) => Element' is not assignable to type 'FunctionComponent<SVGProps<SVGSVGElement>>'.
    Types of parameters '__0' and 'props' are incompatible.
      Type 'SVGProps<SVGSVGElement>' is not assignable to type 'CompatProps'.
        Types of property 'strokeWidth' are incompatible.
          Type 'string | number | undefined' is not assignable to type 'number | undefined'.
            Type 'string' is not assignable to type 'number'.
src/app/(dashboard)/intelligence/_components/intelligence-operations-page.tsx(589,9): error TS2322: Type '({ size, color, strokeWidth, className, style, ...rest }: CompatProps) => Element' is not assignable to type 'LucideIcon'.
  Type '({ size, color, strokeWidth, className, style, ...rest }: CompatProps) => Element' is not assignable to type 'FunctionComponent<SVGProps<SVGSVGElement>>'.
    Types of parameters '__0' and 'props' are incompatible.
      Type 'SVGProps<SVGSVGElement>' is not assignable to type 'CompatProps'.
        Types of property 'strokeWidth' are incompatible.
          Type 'string | number | undefined' is not assignable to type 'number | undefined'.
            Type 'string' is not assignable to type 'number'.
src/app/(dashboard)/intelligence/_components/intelligence-operations-page.tsx(682,5): error TS2322: Type '({ size, color, strokeWidth, className, style, ...rest }: CompatProps) => Element' is not assignable to type 'LucideIcon'.
  Type '({ size, color, strokeWidth, className, style, ...rest }: CompatProps) => Element' is not assignable to type 'FunctionComponent<SVGProps<SVGSVGElement>>'.
    Types of parameters '__0' and 'props' are incompatible.
      Type 'SVGProps<SVGSVGElement>' is not assignable to type 'CompatProps'.
        Types of property 'strokeWidth' are incompatible.
          Type 'string | number | undefined' is not assignable to type 'number | undefined'.
            Type 'string' is not assignable to type 'number'.
src/app/(dashboard)/intelligence/_components/intelligence-operations-page.tsx(692,9): error TS2322: Type '({ size, color, strokeWidth, className, style, ...rest }: CompatProps) => Element' is not assignable to type 'LucideIcon'.
  Type '({ size, color, strokeWidth, className, style, ...rest }: CompatProps) => Element' is not assignable to type 'FunctionComponent<SVGProps<SVGSVGElement>>'.
    Types of parameters '__0' and 'props' are incompatible.
      Type 'SVGProps<SVGSVGElement>' is not assignable to type 'CompatProps'.
        Types of property 'strokeWidth' are incompatible.
          Type 'string | number | undefined' is not assignable to type 'number | undefined'.
            Type 'string' is not assignable to type 'number'.
src/app/(dashboard)/intelligence/_components/intelligence-operations-page.tsx(698,9): error TS2322: Type '({ size, color, strokeWidth, className, style, ...rest }: CompatProps) => Element' is not assignable to type 'LucideIcon'.
  Type '({ size, color, strokeWidth, className, style, ...rest }: CompatProps) => Element' is not assignable to type 'FunctionComponent<SVGProps<SVGSVGElement>>'.
    Types of parameters '__0' and 'props' are incompatible.
      Type 'SVGProps<SVGSVGElement>' is not assignable to type 'CompatProps'.
        Types of property 'strokeWidth' are incompatible.
          Type 'string | number | undefined' is not assignable to type 'number | undefined'.
            Type 'string' is not assignable to type 'number'.
src/app/(dashboard)/intelligence/_components/intelligence-operations-page.tsx(704,9): error TS2322: Type '({ size, color, strokeWidth, className, style, ...rest }: CompatProps) => Element' is not assignable to type 'LucideIcon'.
  Type '({ size, color, strokeWidth, className, style, ...rest }: CompatProps) => Element' is not assignable to type 'FunctionComponent<SVGProps<SVGSVGElement>>'.
    Types of parameters '__0' and 'props' are incompatible.
      Type 'SVGProps<SVGSVGElement>' is not assignable to type 'CompatProps'.
        Types of property 'strokeWidth' are incompatible.
          Type 'string | number | undefined' is not assignable to type 'number | undefined'.
            Type 'string' is not assignable to type 'number'.
src/app/(dashboard)/intelligence/_components/intelligence-reports-workbench.tsx(63,5): error TS2322: Type '({ size, color, strokeWidth, className, style, ...rest }: CompatProps) => Element' is not assignable to type 'LucideIcon'.
  Type '({ size, color, strokeWidth, className, style, ...rest }: CompatProps) => Element' is not assignable to type 'FunctionComponent<SVGProps<SVGSVGElement>>'.
    Types of parameters '__0' and 'props' are incompatible.
      Type 'SVGProps<SVGSVGElement>' is not assignable to type 'CompatProps'.
        Types of property 'strokeWidth' are incompatible.
          Type 'string | number | undefined' is not assignable to type 'number | undefined'.
            Type 'string' is not assignable to type 'number'.
src/app/(dashboard)/intelligence/_components/intelligence-reports-workbench.tsx(72,5): error TS2322: Type '({ size, color, strokeWidth, className, style, ...rest }: CompatProps) => Element' is not assignable to type 'LucideIcon'.
  Type '({ size, color, strokeWidth, className, style, ...rest }: CompatProps) => Element' is not assignable to type 'FunctionComponent<SVGProps<SVGSVGElement>>'.
    Types of parameters '__0' and 'props' are incompatible.
      Type 'SVGProps<SVGSVGElement>' is not assignable to type 'CompatProps'.
        Types of property 'strokeWidth' are incompatible.
          Type 'string | number | undefined' is not assignable to type 'number | undefined'.
            Type 'string' is not assignable to type 'number'.
src/app/(dashboard)/intelligence/_components/intelligence-reports-workbench.tsx(81,5): error TS2322: Type '({ size, color, strokeWidth, className, style, ...rest }: CompatProps) => Element' is not assignable to type 'LucideIcon'.
  Type '({ size, color, strokeWidth, className, style, ...rest }: CompatProps) => Element' is not assignable to type 'FunctionComponent<SVGProps<SVGSVGElement>>'.
    Types of parameters '__0' and 'props' are incompatible.
      Type 'SVGProps<SVGSVGElement>' is not assignable to type 'CompatProps'.
        Types of property 'strokeWidth' are incompatible.
          Type 'string | number | undefined' is not assignable to type 'number | undefined'.
            Type 'string' is not assignable to type 'number'.
src/app/(dashboard)/intelligence/_components/intelligence-reports-workbench.tsx(90,5): error TS2322: Type '({ size, color, strokeWidth, className, style, ...rest }: CompatProps) => Element' is not assignable to type 'LucideIcon'.
  Type '({ size, color, strokeWidth, className, style, ...rest }: CompatProps) => Element' is not assignable to type 'FunctionComponent<SVGProps<SVGSVGElement>>'.
    Types of parameters '__0' and 'props' are incompatible.
      Type 'SVGProps<SVGSVGElement>' is not assignable to type 'CompatProps'.
        Types of property 'strokeWidth' are incompatible.
          Type 'string | number | undefined' is not assignable to type 'number | undefined'.
            Type 'string' is not assignable to type 'number'.
src/app/(dashboard)/intelligence/_components/intelligence-reports-workbench.tsx(1025,17): error TS2322: Type '({ size, color, strokeWidth, className, style, ...rest }: CompatProps) => Element' is not assignable to type 'LucideIcon | undefined'.
  Type '({ size, color, strokeWidth, className, style, ...rest }: CompatProps) => Element' is not assignable to type 'FunctionComponent<SVGProps<SVGSVGElement>>'.
    Types of parameters '__0' and 'props' are incompatible.
      Type 'SVGProps<SVGSVGElement>' is not assignable to type 'CompatProps'.
        Types of property 'strokeWidth' are incompatible.
          Type 'string | number | undefined' is not assignable to type 'number | undefined'.
            Type 'string' is not assignable to type 'number'.
src/app/(dashboard)/intelligence/_components/intelligence-tool-result-context.tsx(65,41): error TS2322: Type '({ size, color, strokeWidth, className, style, ...rest }: CompatProps) => Element' is not assignable to type 'LucideIcon'.
  Type '({ size, color, strokeWidth, className, style, ...rest }: CompatProps) => Element' is not assignable to type 'FunctionComponent<SVGProps<SVGSVGElement>>'.
    Types of parameters '__0' and 'props' are incompatible.
      Type 'SVGProps<SVGSVGElement>' is not assignable to type 'CompatProps'.
        Types of property 'strokeWidth' are incompatible.
          Type 'string | number | undefined' is not assignable to type 'number | undefined'.
            Type 'string' is not assignable to type 'number'.
src/app/(dashboard)/intelligence/_components/intelligence-tool-result-context.tsx(66,55): error TS2322: Type '({ size, color, strokeWidth, className, style, ...rest }: CompatProps) => Element' is not assignable to type 'LucideIcon'.
  Type '({ size, color, strokeWidth, className, style, ...rest }: CompatProps) => Element' is not assignable to type 'FunctionComponent<SVGProps<SVGSVGElement>>'.
    Types of parameters '__0' and 'props' are incompatible.
      Type 'SVGProps<SVGSVGElement>' is not assignable to type 'CompatProps'.
        Types of property 'strokeWidth' are incompatible.
          Type 'string | number | undefined' is not assignable to type 'number | undefined'.
            Type 'string' is not assignable to type 'number'.
src/app/(dashboard)/intelligence/_components/intelligence-tool-result-context.tsx(67,56): error TS2322: Type '({ size, color, strokeWidth, className, style, ...rest }: CompatProps) => Element' is not assignable to type 'LucideIcon'.
  Type '({ size, color, strokeWidth, className, style, ...rest }: CompatProps) => Element' is not assignable to type 'FunctionComponent<SVGProps<SVGSVGElement>>'.
    Types of parameters '__0' and 'props' are incompatible.
      Type 'SVGProps<SVGSVGElement>' is not assignable to type 'CompatProps'.
        Types of property 'strokeWidth' are incompatible.
          Type 'string | number | undefined' is not assignable to type 'number | undefined'.
            Type 'string' is not assignable to type 'number'.
src/app/(dashboard)/intelligence/_components/intelligence-tool-result-context.tsx(99,71): error TS2322: Type '({ size, color, strokeWidth, className, style, ...rest }: CompatProps) => Element' is not assignable to type 'LucideIcon'.
  Type '({ size, color, strokeWidth, className, style, ...rest }: CompatProps) => Element' is not assignable to type 'FunctionComponent<SVGProps<SVGSVGElement>>'.
    Types of parameters '__0' and 'props' are incompatible.
      Type 'SVGProps<SVGSVGElement>' is not assignable to type 'CompatProps'.
        Types of property 'strokeWidth' are incompatible.
          Type 'string | number | undefined' is not assignable to type 'number | undefined'.
            Type 'string' is not assignable to type 'number'.
src/app/(dashboard)/intelligence/_components/intelligence-tool-result-context.tsx(100,77): error TS2322: Type '({ size, color, strokeWidth, className, style, ...rest }: CompatProps) => Element' is not assignable to type 'LucideIcon'.
  Type '({ size, color, strokeWidth, className, style, ...rest }: CompatProps) => Element' is not assignable to type 'FunctionComponent<SVGProps<SVGSVGElement>>'.
    Types of parameters '__0' and 'props' are incompatible.
      Type 'SVGProps<SVGSVGElement>' is not assignable to type 'CompatProps'.
        Types of property 'strokeWidth' are incompatible.
          Type 'string | number | undefined' is not assignable to type 'number | undefined'.
            Type 'string' is not assignable to type 'number'.
src/app/(dashboard)/intelligence/_components/intelligence-tool-result-context.tsx(101,55): error TS2322: Type '({ size, color, strokeWidth, className, style, ...rest }: CompatProps) => Element' is not assignable to type 'LucideIcon'.
  Type '({ size, color, strokeWidth, className, style, ...rest }: CompatProps) => Element' is not assignable to type 'FunctionComponent<SVGProps<SVGSVGElement>>'.
    Types of parameters '__0' and 'props' are incompatible.
      Type 'SVGProps<SVGSVGElement>' is not assignable to type 'CompatProps'.
        Types of property 'strokeWidth' are incompatible.
          Type 'string | number | undefined' is not assignable to type 'number | undefined'.
            Type 'string' is not assignable to type 'number'.
src/app/(dashboard)/intelligence/_components/intelligence-tool-result-context.tsx(133,59): error TS2322: Type '({ size, color, strokeWidth, className, style, ...rest }: CompatProps) => Element' is not assignable to type 'LucideIcon'.
  Type '({ size, color, strokeWidth, className, style, ...rest }: CompatProps) => Element' is not assignable to type 'FunctionComponent<SVGProps<SVGSVGElement>>'.
    Types of parameters '__0' and 'props' are incompatible.
      Type 'SVGProps<SVGSVGElement>' is not assignable to type 'CompatProps'.
        Types of property 'strokeWidth' are incompatible.
          Type 'string | number | undefined' is not assignable to type 'number | undefined'.
            Type 'string' is not assignable to type 'number'.
src/app/(dashboard)/intelligence/_components/intelligence-tool-result-context.tsx(134,55): error TS2322: Type '({ size, color, strokeWidth, className, style, ...rest }: CompatProps) => Element' is not assignable to type 'LucideIcon'.
  Type '({ size, color, strokeWidth, className, style, ...rest }: CompatProps) => Element' is not assignable to type 'FunctionComponent<SVGProps<SVGSVGElement>>'.
    Types of parameters '__0' and 'props' are incompatible.
      Type 'SVGProps<SVGSVGElement>' is not assignable to type 'CompatProps'.
        Types of property 'strokeWidth' are incompatible.
          Type 'string | number | undefined' is not assignable to type 'number | undefined'.
            Type 'string' is not assignable to type 'number'.
src/app/(dashboard)/intelligence/_components/intelligence-tool-result-context.tsx(135,41): error TS2322: Type '({ size, color, strokeWidth, className, style, ...rest }: CompatProps) => Element' is not assignable to type 'LucideIcon'.
  Type '({ size, color, strokeWidth, className, style, ...rest }: CompatProps) => Element' is not assignable to type 'FunctionComponent<SVGProps<SVGSVGElement>>'.
    Types of parameters '__0' and 'props' are incompatible.
      Type 'SVGProps<SVGSVGElement>' is not assignable to type 'CompatProps'.
        Types of property 'strokeWidth' are incompatible.
          Type 'string | number | undefined' is not assignable to type 'number | undefined'.
            Type 'string' is not assignable to type 'number'.
src/app/(dashboard)/intelligence/_components/intelligence-tool-result-context.tsx(167,71): error TS2322: Type '({ size, color, strokeWidth, className, style, ...rest }: CompatProps) => Element' is not assignable to type 'LucideIcon'.
  Type '({ size, color, strokeWidth, className, style, ...rest }: CompatProps) => Element' is not assignable to type 'FunctionComponent<SVGProps<SVGSVGElement>>'.
    Types of parameters '__0' and 'props' are incompatible.
      Type 'SVGProps<SVGSVGElement>' is not assignable to type 'CompatProps'.
        Types of property 'strokeWidth' are incompatible.
          Type 'string | number | undefined' is not assignable to type 'number | undefined'.
            Type 'string' is not assignable to type 'number'.
src/app/(dashboard)/intelligence/_components/intelligence-tool-result-context.tsx(168,41): error TS2322: Type '({ size, color, strokeWidth, className, style, ...rest }: CompatProps) => Element' is not assignable to type 'LucideIcon'.
  Type '({ size, color, strokeWidth, className, style, ...rest }: CompatProps) => Element' is not assignable to type 'FunctionComponent<SVGProps<SVGSVGElement>>'.
    Types of parameters '__0' and 'props' are incompatible.
      Type 'SVGProps<SVGSVGElement>' is not assignable to type 'CompatProps'.
        Types of property 'strokeWidth' are incompatible.
          Type 'string | number | undefined' is not assignable to type 'number | undefined'.
            Type 'string' is not assignable to type 'number'.
src/app/(dashboard)/intelligence/_components/intelligence-tool-result-context.tsx(169,79): error TS2322: Type '({ size, color, strokeWidth, className, style, ...rest }: CompatProps) => Element' is not assignable to type 'LucideIcon'.
  Type '({ size, color, strokeWidth, className, style, ...rest }: CompatProps) => Element' is not assignable to type 'FunctionComponent<SVGProps<SVGSVGElement>>'.
    Types of parameters '__0' and 'props' are incompatible.
      Type 'SVGProps<SVGSVGElement>' is not assignable to type 'CompatProps'.
        Types of property 'strokeWidth' are incompatible.
          Type 'string | number | undefined' is not assignable to type 'number | undefined'.
            Type 'string' is not assignable to type 'number'.
src/app/(dashboard)/intelligence/_components/intelligence-tool-result-context.tsx(201,77): error TS2322: Type '({ size, color, strokeWidth, className, style, ...rest }: CompatProps) => Element' is not assignable to type 'LucideIcon'.
  Type '({ size, color, strokeWidth, className, style, ...rest }: CompatProps) => Element' is not assignable to type 'FunctionComponent<SVGProps<SVGSVGElement>>'.
    Types of parameters '__0' and 'props' are incompatible.
      Type 'SVGProps<SVGSVGElement>' is not assignable to type 'CompatProps'.
        Types of property 'strokeWidth' are incompatible.
          Type 'string | number | undefined' is not assignable to type 'number | undefined'.
            Type 'string' is not assignable to type 'number'.
src/app/(dashboard)/intelligence/_components/intelligence-tool-result-context.tsx(202,45): error TS2322: Type '({ size, color, strokeWidth, className, style, ...rest }: CompatProps) => Element' is not assignable to type 'LucideIcon'.
  Type '({ size, color, strokeWidth, className, style, ...rest }: CompatProps) => Element' is not assignable to type 'FunctionComponent<SVGProps<SVGSVGElement>>'.
    Types of parameters '__0' and 'props' are incompatible.
      Type 'SVGProps<SVGSVGElement>' is not assignable to type 'CompatProps'.
        Types of property 'strokeWidth' are incompatible.
          Type 'string | number | undefined' is not assignable to type 'number | undefined'.
            Type 'string' is not assignable to type 'number'.
src/app/(dashboard)/intelligence/_components/intelligence-tool-result-context.tsx(203,55): error TS2322: Type '({ size, color, strokeWidth, className, style, ...rest }: CompatProps) => Element' is not assignable to type 'LucideIcon'.
  Type '({ size, color, strokeWidth, className, style, ...rest }: CompatProps) => Element' is not assignable to type 'FunctionComponent<SVGProps<SVGSVGElement>>'.
    Types of parameters '__0' and 'props' are incompatible.
      Type 'SVGProps<SVGSVGElement>' is not assignable to type 'CompatProps'.
        Types of property 'strokeWidth' are incompatible.
          Type 'string | number | undefined' is not assignable to type 'number | undefined'.
            Type 'string' is not assignable to type 'number'.
src/app/(dashboard)/intelligence/_components/intelligence-tool-result-context.tsx(235,56): error TS2322: Type '({ size, color, strokeWidth, className, style, ...rest }: CompatProps) => Element' is not assignable to type 'LucideIcon'.
  Type '({ size, color, strokeWidth, className, style, ...rest }: CompatProps) => Element' is not assignable to type 'FunctionComponent<SVGProps<SVGSVGElement>>'.
    Types of parameters '__0' and 'props' are incompatible.
      Type 'SVGProps<SVGSVGElement>' is not assignable to type 'CompatProps'.
        Types of property 'strokeWidth' are incompatible.
          Type 'string | number | undefined' is not assignable to type 'number | undefined'.
            Type 'string' is not assignable to type 'number'.
src/app/(dashboard)/intelligence/_components/intelligence-tool-result-context.tsx(236,73): error TS2322: Type '({ size, color, strokeWidth, className, style, ...rest }: CompatProps) => Element' is not assignable to type 'LucideIcon'.
  Type '({ size, color, strokeWidth, className, style, ...rest }: CompatProps) => Element' is not assignable to type 'FunctionComponent<SVGProps<SVGSVGElement>>'.
    Types of parameters '__0' and 'props' are incompatible.
      Type 'SVGProps<SVGSVGElement>' is not assignable to type 'CompatProps'.
        Types of property 'strokeWidth' are incompatible.
          Type 'string | number | undefined' is not assignable to type 'number | undefined'.
            Type 'string' is not assignable to type 'number'.
src/app/(dashboard)/intelligence/_components/intelligence-tool-result-context.tsx(237,55): error TS2322: Type '({ size, color, strokeWidth, className, style, ...rest }: CompatProps) => Element' is not assignable to type 'LucideIcon'.
  Type '({ size, color, strokeWidth, className, style, ...rest }: CompatProps) => Element' is not assignable to type 'FunctionComponent<SVGProps<SVGSVGElement>>'.
    Types of parameters '__0' and 'props' are incompatible.
      Type 'SVGProps<SVGSVGElement>' is not assignable to type 'CompatProps'.
        Types of property 'strokeWidth' are incompatible.
          Type 'string | number | undefined' is not assignable to type 'number | undefined'.
            Type 'string' is not assignable to type 'number'.
src/app/(dashboard)/intelligence/_components/intelligence-tool-result-context.tsx(269,59): error TS2322: Type '({ size, color, strokeWidth, className, style, ...rest }: CompatProps) => Element' is not assignable to type 'LucideIcon'.
  Type '({ size, color, strokeWidth, className, style, ...rest }: CompatProps) => Element' is not assignable to type 'FunctionComponent<SVGProps<SVGSVGElement>>'.
    Types of parameters '__0' and 'props' are incompatible.
      Type 'SVGProps<SVGSVGElement>' is not assignable to type 'CompatProps'.
        Types of property 'strokeWidth' are incompatible.
          Type 'string | number | undefined' is not assignable to type 'number | undefined'.
            Type 'string' is not assignable to type 'number'.
src/app/(dashboard)/intelligence/_components/intelligence-tool-result-context.tsx(270,53): error TS2322: Type '({ size, color, strokeWidth, className, style, ...rest }: CompatProps) => Element' is not assignable to type 'LucideIcon'.
  Type '({ size, color, strokeWidth, className, style, ...rest }: CompatProps) => Element' is not assignable to type 'FunctionComponent<SVGProps<SVGSVGElement>>'.
    Types of parameters '__0' and 'props' are incompatible.
      Type 'SVGProps<SVGSVGElement>' is not assignable to type 'CompatProps'.
        Types of property 'strokeWidth' are incompatible.
          Type 'string | number | undefined' is not assignable to type 'number | undefined'.
            Type 'string' is not assignable to type 'number'.
src/app/(dashboard)/intelligence/_components/intelligence-tool-result-context.tsx(271,55): error TS2322: Type '({ size, color, strokeWidth, className, style, ...rest }: CompatProps) => Element' is not assignable to type 'LucideIcon'.
  Type '({ size, color, strokeWidth, className, style, ...rest }: CompatProps) => Element' is not assignable to type 'FunctionComponent<SVGProps<SVGSVGElement>>'.
    Types of parameters '__0' and 'props' are incompatible.
      Type 'SVGProps<SVGSVGElement>' is not assignable to type 'CompatProps'.
        Types of property 'strokeWidth' are incompatible.
          Type 'string | number | undefined' is not assignable to type 'number | undefined'.
            Type 'string' is not assignable to type 'number'.
src/app/(dashboard)/intelligence/_components/monitor-form.tsx(266,15): error TS2322: Type '({ size, color, strokeWidth, className, style, ...rest }: CompatProps) => Element' is not assignable to type 'LucideIcon'.
  Type '({ size, color, strokeWidth, className, style, ...rest }: CompatProps) => Element' is not assignable to type 'FunctionComponent<SVGProps<SVGSVGElement>>'.
    Types of parameters '__0' and 'props' are incompatible.
      Type 'SVGProps<SVGSVGElement>' is not assignable to type 'CompatProps'.
        Types of property 'strokeWidth' are incompatible.
          Type 'string | number | undefined' is not assignable to type 'number | undefined'.
            Type 'string' is not assignable to type 'number'.
src/app/(dashboard)/intelligence/_components/monitor-form.tsx(355,24): error TS2322: Type '({ size, color, strokeWidth, className, style, ...rest }: CompatProps) => Element' is not assignable to type 'LucideIcon | undefined'.
  Type '({ size, color, strokeWidth, className, style, ...rest }: CompatProps) => Element' is not assignable to type 'FunctionComponent<SVGProps<SVGSVGElement>>'.
    Types of parameters '__0' and 'props' are incompatible.
      Type 'SVGProps<SVGSVGElement>' is not assignable to type 'CompatProps'.
        Types of property 'strokeWidth' are incompatible.
          Type 'string | number | undefined' is not assignable to type 'number | undefined'.
            Type 'string' is not assignable to type 'number'.
src/app/(dashboard)/intelligence/_components/monitor-form.tsx(359,11): error TS2322: Type '({ size, color, strokeWidth, className, style, ...rest }: CompatProps) => Element' is not assignable to type 'LucideIcon | undefined'.
  Type '({ size, color, strokeWidth, className, style, ...rest }: CompatProps) => Element' is not assignable to type 'FunctionComponent<SVGProps<SVGSVGElement>>'.
    Types of parameters '__0' and 'props' are incompatible.
      Type 'SVGProps<SVGSVGElement>' is not assignable to type 'CompatProps'.
        Types of property 'strokeWidth' are incompatible.
          Type 'string | number | undefined' is not assignable to type 'number | undefined'.
            Type 'string' is not assignable to type 'number'.
src/app/(dashboard)/intelligence/_components/monitors-center.tsx(322,15): error TS2322: Type '({ size, color, strokeWidth, className, style, ...rest }: CompatProps) => Element' is not assignable to type 'LucideIcon | undefined'.
  Type '({ size, color, strokeWidth, className, style, ...rest }: CompatProps) => Element' is not assignable to type 'FunctionComponent<SVGProps<SVGSVGElement>>'.
    Types of parameters '__0' and 'props' are incompatible.
      Type 'SVGProps<SVGSVGElement>' is not assignable to type 'CompatProps'.
        Types of property 'strokeWidth' are incompatible.
          Type 'string | number | undefined' is not assignable to type 'number | undefined'.
            Type 'string' is not assignable to type 'number'.
src/app/(dashboard)/intelligence/_components/monitors-center.tsx(349,28): error TS2322: Type '({ size, color, strokeWidth, className, style, ...rest }: CompatProps) => Element' is not assignable to type 'LucideIcon | undefined'.
  Type '({ size, color, strokeWidth, className, style, ...rest }: CompatProps) => Element' is not assignable to type 'FunctionComponent<SVGProps<SVGSVGElement>>'.
    Types of parameters '__0' and 'props' are incompatible.
      Type 'SVGProps<SVGSVGElement>' is not assignable to type 'CompatProps'.
        Types of property 'strokeWidth' are incompatible.
          Type 'string | number | undefined' is not assignable to type 'number | undefined'.
            Type 'string' is not assignable to type 'number'.
src/app/(dashboard)/intelligence/_components/monitors-center.tsx(360,13): error TS2322: Type '({ size, color, strokeWidth, className, style, ...rest }: CompatProps) => Element' is not assignable to type 'LucideIcon'.
  Type '({ size, color, strokeWidth, className, style, ...rest }: CompatProps) => Element' is not assignable to type 'FunctionComponent<SVGProps<SVGSVGElement>>'.
    Types of parameters '__0' and 'props' are incompatible.
      Type 'SVGProps<SVGSVGElement>' is not assignable to type 'CompatProps'.
        Types of property 'strokeWidth' are incompatible.
          Type 'string | number | undefined' is not assignable to type 'number | undefined'.
            Type 'string' is not assignable to type 'number'.
src/app/(dashboard)/intelligence/_components/monitors-center.tsx(364,32): error TS2322: Type '({ size, color, strokeWidth, className, style, ...rest }: CompatProps) => Element' is not assignable to type 'LucideIcon | undefined'.
  Type '({ size, color, strokeWidth, className, style, ...rest }: CompatProps) => Element' is not assignable to type 'FunctionComponent<SVGProps<SVGSVGElement>>'.
    Types of parameters '__0' and 'props' are incompatible.
      Type 'SVGProps<SVGSVGElement>' is not assignable to type 'CompatProps'.
        Types of property 'strokeWidth' are incompatible.
          Type 'string | number | undefined' is not assignable to type 'number | undefined'.
            Type 'string' is not assignable to type 'number'.
src/app/(dashboard)/intelligence/_components/monitors-center.tsx(421,25): error TS2322: Type '({ size, color, strokeWidth, className, style, ...rest }: CompatProps) => Element' is not assignable to type 'LucideIcon | undefined'.
  Type '({ size, color, strokeWidth, className, style, ...rest }: CompatProps) => Element' is not assignable to type 'FunctionComponent<SVGProps<SVGSVGElement>>'.
    Types of parameters '__0' and 'props' are incompatible.
      Type 'SVGProps<SVGSVGElement>' is not assignable to type 'CompatProps'.
        Types of property 'strokeWidth' are incompatible.
          Type 'string | number | undefined' is not assignable to type 'number | undefined'.
            Type 'string' is not assignable to type 'number'.
src/app/(dashboard)/intelligence/_components/monitors-center.tsx(429,25): error TS2322: Type '({ size, color, strokeWidth, className, style, ...rest }: CompatProps) => Element' is not assignable to type 'LucideIcon | undefined'.
  Type '({ size, color, strokeWidth, className, style, ...rest }: CompatProps) => Element' is not assignable to type 'FunctionComponent<SVGProps<SVGSVGElement>>'.
    Types of parameters '__0' and 'props' are incompatible.
      Type 'SVGProps<SVGSVGElement>' is not assignable to type 'CompatProps'.
        Types of property 'strokeWidth' are incompatible.
          Type 'string | number | undefined' is not assignable to type 'number | undefined'.
            Type 'string' is not assignable to type 'number'.
src/app/(dashboard)/intelligence/_components/monitors-center.tsx(497,24): error TS2322: Type '({ size, color, strokeWidth, className, style, ...rest }: CompatProps) => Element' is not assignable to type 'LucideIcon | undefined'.
  Type '({ size, color, strokeWidth, className, style, ...rest }: CompatProps) => Element' is not assignable to type 'FunctionComponent<SVGProps<SVGSVGElement>>'.
    Types of parameters '__0' and 'props' are incompatible.
      Type 'SVGProps<SVGSVGElement>' is not assignable to type 'CompatProps'.
        Types of property 'strokeWidth' are incompatible.
          Type 'string | number | undefined' is not assignable to type 'number | undefined'.
            Type 'string' is not assignable to type 'number'.
src/app/(dashboard)/intelligence/_components/redfox-connection-client.tsx(81,5): error TS2322: Type '({ size, color, strokeWidth, className, style, ...rest }: CompatProps) => Element' is not assignable to type 'LucideIcon'.
  Type '({ size, color, strokeWidth, className, style, ...rest }: CompatProps) => Element' is not assignable to type 'FunctionComponent<SVGProps<SVGSVGElement>>'.
    Types of parameters '__0' and 'props' are incompatible.
      Type 'SVGProps<SVGSVGElement>' is not assignable to type 'CompatProps'.
        Types of property 'strokeWidth' are incompatible.
          Type 'string | number | undefined' is not assignable to type 'number | undefined'.
            Type 'string' is not assignable to type 'number'.
src/app/(dashboard)/intelligence/_components/redfox-connection-client.tsx(88,5): error TS2322: Type '({ size, color, strokeWidth, className, style, ...rest }: CompatProps) => Element' is not assignable to type 'LucideIcon'.
  Type '({ size, color, strokeWidth, className, style, ...rest }: CompatProps) => Element' is not assignable to type 'FunctionComponent<SVGProps<SVGSVGElement>>'.
    Types of parameters '__0' and 'props' are incompatible.
      Type 'SVGProps<SVGSVGElement>' is not assignable to type 'CompatProps'.
        Types of property 'strokeWidth' are incompatible.
          Type 'string | number | undefined' is not assignable to type 'number | undefined'.
            Type 'string' is not assignable to type 'number'.
src/app/(dashboard)/intelligence/_components/redfox-connection-client.tsx(94,5): error TS2322: Type '({ size, color, strokeWidth, className, style, ...rest }: CompatProps) => Element' is not assignable to type 'LucideIcon'.
  Type '({ size, color, strokeWidth, className, style, ...rest }: CompatProps) => Element' is not assignable to type 'FunctionComponent<SVGProps<SVGSVGElement>>'.
    Types of parameters '__0' and 'props' are incompatible.
      Type 'SVGProps<SVGSVGElement>' is not assignable to type 'CompatProps'.
        Types of property 'strokeWidth' are incompatible.
          Type 'string | number | undefined' is not assignable to type 'number | undefined'.
            Type 'string' is not assignable to type 'number'.
src/app/(dashboard)/intelligence/_components/redfox-connection-client.tsx(100,5): error TS2322: Type '({ size, color, strokeWidth, className, style, ...rest }: CompatProps) => Element' is not assignable to type 'LucideIcon'.
  Type '({ size, color, strokeWidth, className, style, ...rest }: CompatProps) => Element' is not assignable to type 'FunctionComponent<SVGProps<SVGSVGElement>>'.
    Types of parameters '__0' and 'props' are incompatible.
      Type 'SVGProps<SVGSVGElement>' is not assignable to type 'CompatProps'.
        Types of property 'strokeWidth' are incompatible.
          Type 'string | number | undefined' is not assignable to type 'number | undefined'.
            Type 'string' is not assignable to type 'number'.
src/app/(dashboard)/intelligence/_components/redfox-connection-client.tsx(350,9): error TS2322: Type '({ size, color, strokeWidth, className, style, ...rest }: CompatProps) => Element' is not assignable to type 'LucideIcon'.
  Type '({ size, color, strokeWidth, className, style, ...rest }: CompatProps) => Element' is not assignable to type 'FunctionComponent<SVGProps<SVGSVGElement>>'.
    Types of parameters '__0' and 'props' are incompatible.
      Type 'SVGProps<SVGSVGElement>' is not assignable to type 'CompatProps'.
        Types of property 'strokeWidth' are incompatible.
          Type 'string | number | undefined' is not assignable to type 'number | undefined'.
            Type 'string' is not assignable to type 'number'.
src/app/(dashboard)/intelligence/_components/redfox-connection-client.tsx(365,9): error TS2322: Type '({ size, color, strokeWidth, className, style, ...rest }: CompatProps) => Element' is not assignable to type 'LucideIcon'.
  Type '({ size, color, strokeWidth, className, style, ...rest }: CompatProps) => Element' is not assignable to type 'FunctionComponent<SVGProps<SVGSVGElement>>'.
    Types of parameters '__0' and 'props' are incompatible.
      Type 'SVGProps<SVGSVGElement>' is not assignable to type 'CompatProps'.
        Types of property 'strokeWidth' are incompatible.
          Type 'string | number | undefined' is not assignable to type 'number | undefined'.
            Type 'string' is not assignable to type 'number'.
src/app/(dashboard)/intelligence/_components/redfox-connection-client.tsx(372,9): error TS2322: Type '({ size, color, strokeWidth, className, style, ...rest }: CompatProps) => Element' is not assignable to type 'LucideIcon'.
  Type '({ size, color, strokeWidth, className, style, ...rest }: CompatProps) => Element' is not assignable to type 'FunctionComponent<SVGProps<SVGSVGElement>>'.
    Types of parameters '__0' and 'props' are incompatible.
      Type 'SVGProps<SVGSVGElement>' is not assignable to type 'CompatProps'.
        Types of property 'strokeWidth' are incompatible.
          Type 'string | number | undefined' is not assignable to type 'number | undefined'.
            Type 'string' is not assignable to type 'number'.
src/app/(dashboard)/intelligence/_components/redfox-connection-client.tsx(379,9): error TS2322: Type '({ size, color, strokeWidth, className, style, ...rest }: CompatProps) => Element' is not assignable to type 'LucideIcon'.
  Type '({ size, color, strokeWidth, className, style, ...rest }: CompatProps) => Element' is not assignable to type 'FunctionComponent<SVGProps<SVGSVGElement>>'.
    Types of parameters '__0' and 'props' are incompatible.
      Type 'SVGProps<SVGSVGElement>' is not assignable to type 'CompatProps'.
        Types of property 'strokeWidth' are incompatible.
          Type 'string | number | undefined' is not assignable to type 'number | undefined'.
            Type 'string' is not assignable to type 'number'.
src/app/(dashboard)/intelligence/_components/redfox-costs-client.tsx(213,9): error TS2322: Type '({ size, color, strokeWidth, className, style, ...rest }: CompatProps) => Element' is not assignable to type 'LucideIcon'.
  Type '({ size, color, strokeWidth, className, style, ...rest }: CompatProps) => Element' is not assignable to type 'FunctionComponent<SVGProps<SVGSVGElement>>'.
    Types of parameters '__0' and 'props' are incompatible.
      Type 'SVGProps<SVGSVGElement>' is not assignable to type 'CompatProps'.
        Types of property 'strokeWidth' are incompatible.
          Type 'string | number | undefined' is not assignable to type 'number | undefined'.
            Type 'string' is not assignable to type 'number'.
src/app/(dashboard)/intelligence/_components/redfox-costs-client.tsx(221,9): error TS2322: Type '({ size, color, strokeWidth, className, style, ...rest }: CompatProps) => Element' is not assignable to type 'LucideIcon'.
  Type '({ size, color, strokeWidth, className, style, ...rest }: CompatProps) => Element' is not assignable to type 'FunctionComponent<SVGProps<SVGSVGElement>>'.
    Types of parameters '__0' and 'props' are incompatible.
      Type 'SVGProps<SVGSVGElement>' is not assignable to type 'CompatProps'.
        Types of property 'strokeWidth' are incompatible.
          Type 'string | number | undefined' is not assignable to type 'number | undefined'.
            Type 'string' is not assignable to type 'number'.
src/app/(dashboard)/intelligence/_components/redfox-costs-client.tsx(230,9): error TS2322: Type '({ size, color, strokeWidth, className, style, ...rest }: CompatProps) => Element' is not assignable to type 'LucideIcon'.
  Type '({ size, color, strokeWidth, className, style, ...rest }: CompatProps) => Element' is not assignable to type 'FunctionComponent<SVGProps<SVGSVGElement>>'.
    Types of parameters '__0' and 'props' are incompatible.
      Type 'SVGProps<SVGSVGElement>' is not assignable to type 'CompatProps'.
        Types of property 'strokeWidth' are incompatible.
          Type 'string | number | undefined' is not assignable to type 'number | undefined'.
            Type 'string' is not assignable to type 'number'.
src/app/(dashboard)/intelligence/_components/redfox-costs-client.tsx(240,9): error TS2322: Type '({ size, color, strokeWidth, className, style, ...rest }: CompatProps) => Element' is not assignable to type 'LucideIcon'.
  Type '({ size, color, strokeWidth, className, style, ...rest }: CompatProps) => Element' is not assignable to type 'FunctionComponent<SVGProps<SVGSVGElement>>'.
    Types of parameters '__0' and 'props' are incompatible.
      Type 'SVGProps<SVGSVGElement>' is not assignable to type 'CompatProps'.
        Types of property 'strokeWidth' are incompatible.
          Type 'string | number | undefined' is not assignable to type 'number | undefined'.
            Type 'string' is not assignable to type 'number'.
src/app/(dashboard)/intelligence/_components/redfox-costs-client.tsx(461,17): error TS2322: Type '({ size, color, strokeWidth, className, style, ...rest }: CompatProps) => Element' is not assignable to type 'LucideIcon | undefined'.
  Type '({ size, color, strokeWidth, className, style, ...rest }: CompatProps) => Element' is not assignable to type 'FunctionComponent<SVGProps<SVGSVGElement>>'.
    Types of parameters '__0' and 'props' are incompatible.
      Type 'SVGProps<SVGSVGElement>' is not assignable to type 'CompatProps'.
        Types of property 'strokeWidth' are incompatible.
          Type 'string | number | undefined' is not assignable to type 'number | undefined'.
            Type 'string' is not assignable to type 'number'.
src/app/(dashboard)/intelligence/_components/redfox-costs-client.tsx(562,19): error TS2322: Type '({ size, color, strokeWidth, className, style, ...rest }: CompatProps) => Element' is not assignable to type 'LucideIcon | undefined'.
  Type '({ size, color, strokeWidth, className, style, ...rest }: CompatProps) => Element' is not assignable to type 'FunctionComponent<SVGProps<SVGSVGElement>>'.
    Types of parameters '__0' and 'props' are incompatible.
      Type 'SVGProps<SVGSVGElement>' is not assignable to type 'CompatProps'.
        Types of property 'strokeWidth' are incompatible.
          Type 'string | number | undefined' is not assignable to type 'number | undefined'.
            Type 'string' is not assignable to type 'number'.
src/app/(dashboard)/intelligence/_components/redfox-costs-client.tsx(641,17): error TS2322: Type '({ size, color, strokeWidth, className, style, ...rest }: CompatProps) => Element' is not assignable to type 'LucideIcon | undefined'.
  Type '({ size, color, strokeWidth, className, style, ...rest }: CompatProps) => Element' is not assignable to type 'FunctionComponent<SVGProps<SVGSVGElement>>'.
    Types of parameters '__0' and 'props' are incompatible.
      Type 'SVGProps<SVGSVGElement>' is not assignable to type 'CompatProps'.
        Types of property 'strokeWidth' are incompatible.
          Type 'string | number | undefined' is not assignable to type 'number | undefined'.
            Type 'string' is not assignable to type 'number'.
src/app/(dashboard)/intelligence/_components/redfox-skills-client.tsx(75,5): error TS2322: Type '({ size, color, strokeWidth, className, style, ...rest }: CompatProps) => Element' is not assignable to type 'LucideIcon'.
  Type '({ size, color, strokeWidth, className, style, ...rest }: CompatProps) => Element' is not assignable to type 'FunctionComponent<SVGProps<SVGSVGElement>>'.
    Types of parameters '__0' and 'props' are incompatible.
      Type 'SVGProps<SVGSVGElement>' is not assignable to type 'CompatProps'.
        Types of property 'strokeWidth' are incompatible.
          Type 'string | number | undefined' is not assignable to type 'number | undefined'.
            Type 'string' is not assignable to type 'number'.
src/app/(dashboard)/intelligence/_components/redfox-skills-client.tsx(84,5): error TS2322: Type '({ size, color, strokeWidth, className, style, ...rest }: CompatProps) => Element' is not assignable to type 'LucideIcon'.
  Type '({ size, color, strokeWidth, className, style, ...rest }: CompatProps) => Element' is not assignable to type 'FunctionComponent<SVGProps<SVGSVGElement>>'.
    Types of parameters '__0' and 'props' are incompatible.
      Type 'SVGProps<SVGSVGElement>' is not assignable to type 'CompatProps'.
        Types of property 'strokeWidth' are incompatible.
          Type 'string | number | undefined' is not assignable to type 'number | undefined'.
            Type 'string' is not assignable to type 'number'.
src/app/(dashboard)/intelligence/_components/redfox-skills-client.tsx(93,5): error TS2322: Type '({ size, color, strokeWidth, className, style, ...rest }: CompatProps) => Element' is not assignable to type 'LucideIcon'.
  Type '({ size, color, strokeWidth, className, style, ...rest }: CompatProps) => Element' is not assignable to type 'FunctionComponent<SVGProps<SVGSVGElement>>'.
    Types of parameters '__0' and 'props' are incompatible.
      Type 'SVGProps<SVGSVGElement>' is not assignable to type 'CompatProps'.
        Types of property 'strokeWidth' are incompatible.
          Type 'string | number | undefined' is not assignable to type 'number | undefined'.
            Type 'string' is not assignable to type 'number'.
src/app/(dashboard)/intelligence/_components/redfox-skills-client.tsx(102,5): error TS2322: Type '({ size, color, strokeWidth, className, style, ...rest }: CompatProps) => Element' is not assignable to type 'LucideIcon'.
  Type '({ size, color, strokeWidth, className, style, ...rest }: CompatProps) => Element' is not assignable to type 'FunctionComponent<SVGProps<SVGSVGElement>>'.
    Types of parameters '__0' and 'props' are incompatible.
      Type 'SVGProps<SVGSVGElement>' is not assignable to type 'CompatProps'.
        Types of property 'strokeWidth' are incompatible.
          Type 'string | number | undefined' is not assignable to type 'number | undefined'.
            Type 'string' is not assignable to type 'number'.
src/app/(dashboard)/intelligence/_components/redfox-skills-client.tsx(111,5): error TS2322: Type '({ size, color, strokeWidth, className, style, ...rest }: CompatProps) => Element' is not assignable to type 'LucideIcon'.
  Type '({ size, color, strokeWidth, className, style, ...rest }: CompatProps) => Element' is not assignable to type 'FunctionComponent<SVGProps<SVGSVGElement>>'.
    Types of parameters '__0' and 'props' are incompatible.
      Type 'SVGProps<SVGSVGElement>' is not assignable to type 'CompatProps'.
        Types of property 'strokeWidth' are incompatible.
          Type 'string | number | undefined' is not assignable to type 'number | undefined'.
            Type 'string' is not assignable to type 'number'.
src/app/(dashboard)/intelligence/_components/redfox-skills-client.tsx(120,5): error TS2322: Type '({ size, color, strokeWidth, className, style, ...rest }: CompatProps) => Element' is not assignable to type 'LucideIcon'.
  Type '({ size, color, strokeWidth, className, style, ...rest }: CompatProps) => Element' is not assignable to type 'FunctionComponent<SVGProps<SVGSVGElement>>'.
    Types of parameters '__0' and 'props' are incompatible.
      Type 'SVGProps<SVGSVGElement>' is not assignable to type 'CompatProps'.
        Types of property 'strokeWidth' are incompatible.
          Type 'string | number | undefined' is not assignable to type 'number | undefined'.
            Type 'string' is not assignable to type 'number'.
src/app/(dashboard)/intelligence/_components/redfox-skills-client.tsx(129,5): error TS2322: Type '({ size, color, strokeWidth, className, style, ...rest }: CompatProps) => Element' is not assignable to type 'LucideIcon'.
  Type '({ size, color, strokeWidth, className, style, ...rest }: CompatProps) => Element' is not assignable to type 'FunctionComponent<SVGProps<SVGSVGElement>>'.
    Types of parameters '__0' and 'props' are incompatible.
      Type 'SVGProps<SVGSVGElement>' is not assignable to type 'CompatProps'.
        Types of property 'strokeWidth' are incompatible.
          Type 'string | number | undefined' is not assignable to type 'number | undefined'.
            Type 'string' is not assignable to type 'number'.
src/app/(dashboard)/intelligence/_components/redfox-skills-client.tsx(138,5): error TS2322: Type '({ size, color, strokeWidth, className, style, ...rest }: CompatProps) => Element' is not assignable to type 'LucideIcon'.
  Type '({ size, color, strokeWidth, className, style, ...rest }: CompatProps) => Element' is not assignable to type 'FunctionComponent<SVGProps<SVGSVGElement>>'.
    Types of parameters '__0' and 'props' are incompatible.
      Type 'SVGProps<SVGSVGElement>' is not assignable to type 'CompatProps'.
        Types of property 'strokeWidth' are incompatible.
          Type 'string | number | undefined' is not assignable to type 'number | undefined'.
            Type 'string' is not assignable to type 'number'.
src/app/(dashboard)/intelligence/_components/redfox-skills-client.tsx(147,5): error TS2322: Type '({ size, color, strokeWidth, className, style, ...rest }: CompatProps) => Element' is not assignable to type 'LucideIcon'.
  Type '({ size, color, strokeWidth, className, style, ...rest }: CompatProps) => Element' is not assignable to type 'FunctionComponent<SVGProps<SVGSVGElement>>'.
    Types of parameters '__0' and 'props' are incompatible.
      Type 'SVGProps<SVGSVGElement>' is not assignable to type 'CompatProps'.
        Types of property 'strokeWidth' are incompatible.
          Type 'string | number | undefined' is not assignable to type 'number | undefined'.
            Type 'string' is not assignable to type 'number'.
src/app/(dashboard)/intelligence/_components/redfox-skills-client.tsx(156,5): error TS2322: Type '({ size, color, strokeWidth, className, style, ...rest }: CompatProps) => Element' is not assignable to type 'LucideIcon'.
  Type '({ size, color, strokeWidth, className, style, ...rest }: CompatProps) => Element' is not assignable to type 'FunctionComponent<SVGProps<SVGSVGElement>>'.
    Types of parameters '__0' and 'props' are incompatible.
      Type 'SVGProps<SVGSVGElement>' is not assignable to type 'CompatProps'.
        Types of property 'strokeWidth' are incompatible.
          Type 'string | number | undefined' is not assignable to type 'number | undefined'.
            Type 'string' is not assignable to type 'number'.
src/app/(dashboard)/intelligence/_components/redfox-skills-client.tsx(734,19): error TS2322: Type '({ size, color, strokeWidth, className, style, ...rest }: CompatProps) => Element' is not assignable to type 'LucideIcon | undefined'.
  Type '({ size, color, strokeWidth, className, style, ...rest }: CompatProps) => Element' is not assignable to type 'FunctionComponent<SVGProps<SVGSVGElement>>'.
    Types of parameters '__0' and 'props' are incompatible.
      Type 'SVGProps<SVGSVGElement>' is not assignable to type 'CompatProps'.
        Types of property 'strokeWidth' are incompatible.
          Type 'string | number | undefined' is not assignable to type 'number | undefined'.
            Type 'string' is not assignable to type 'number'.
src/app/(dashboard)/intelligence/_components/redfox-skills-client.tsx(1004,17): error TS2322: Type '({ size, color, strokeWidth, className, style, ...rest }: CompatProps) => Element' is not assignable to type 'LucideIcon | undefined'.
  Type '({ size, color, strokeWidth, className, style, ...rest }: CompatProps) => Element' is not assignable to type 'FunctionComponent<SVGProps<SVGSVGElement>>'.
    Types of parameters '__0' and 'props' are incompatible.
      Type 'SVGProps<SVGSVGElement>' is not assignable to type 'CompatProps'.
        Types of property 'strokeWidth' are incompatible.
          Type 'string | number | undefined' is not assignable to type 'number | undefined'.
            Type 'string' is not assignable to type 'number'.
src/app/(dashboard)/intelligence/_components/report-generator.tsx(409,19): error TS2322: Type '({ size, color, strokeWidth, className, style, ...rest }: CompatProps) => Element' is not assignable to type 'LucideIcon'.
  Type '({ size, color, strokeWidth, className, style, ...rest }: CompatProps) => Element' is not assignable to type 'FunctionComponent<SVGProps<SVGSVGElement>>'.
    Types of parameters '__0' and 'props' are incompatible.
      Type 'SVGProps<SVGSVGElement>' is not assignable to type 'CompatProps'.
        Types of property 'strokeWidth' are incompatible.
          Type 'string | number | undefined' is not assignable to type 'number | undefined'.
            Type 'string' is not assignable to type 'number'.
src/app/(dashboard)/intelligence/_components/report-generator.tsx(455,28): error TS2322: Type '({ size, color, strokeWidth, className, style, ...rest }: CompatProps) => Element' is not assignable to type 'LucideIcon | undefined'.
  Type '({ size, color, strokeWidth, className, style, ...rest }: CompatProps) => Element' is not assignable to type 'FunctionComponent<SVGProps<SVGSVGElement>>'.
    Types of parameters '__0' and 'props' are incompatible.
      Type 'SVGProps<SVGSVGElement>' is not assignable to type 'CompatProps'.
        Types of property 'strokeWidth' are incompatible.
          Type 'string | number | undefined' is not assignable to type 'number | undefined'.
            Type 'string' is not assignable to type 'number'.
src/app/(dashboard)/intelligence/_components/report-generator.tsx(459,15): error TS2322: Type '({ size, color, strokeWidth, className, style, ...rest }: CompatProps) => Element' is not assignable to type 'LucideIcon | undefined'.
  Type '({ size, color, strokeWidth, className, style, ...rest }: CompatProps) => Element' is not assignable to type 'FunctionComponent<SVGProps<SVGSVGElement>>'.
    Types of parameters '__0' and 'props' are incompatible.
      Type 'SVGProps<SVGSVGElement>' is not assignable to type 'CompatProps'.
        Types of property 'strokeWidth' are incompatible.
          Type 'string | number | undefined' is not assignable to type 'number | undefined'.
            Type 'string' is not assignable to type 'number'.
src/app/(dashboard)/intelligence/_components/search-intelligence-workbench-v2.tsx(100,5): error TS2322: Type '({ size, color, strokeWidth, className, style, ...rest }: CompatProps) => Element' is not assignable to type 'LucideIcon'.
  Type '({ size, color, strokeWidth, className, style, ...rest }: CompatProps) => Element' is not assignable to type 'FunctionComponent<SVGProps<SVGSVGElement>>'.
    Types of parameters '__0' and 'props' are incompatible.
      Type 'SVGProps<SVGSVGElement>' is not assignable to type 'CompatProps'.
        Types of property 'strokeWidth' are incompatible.
          Type 'string | number | undefined' is not assignable to type 'number | undefined'.
            Type 'string' is not assignable to type 'number'.
src/app/(dashboard)/intelligence/_components/search-intelligence-workbench-v2.tsx(101,5): error TS2322: Type '({ size, color, strokeWidth, className, style, ...rest }: CompatProps) => Element' is not assignable to type 'LucideIcon'.
  Type '({ size, color, strokeWidth, className, style, ...rest }: CompatProps) => Element' is not assignable to type 'FunctionComponent<SVGProps<SVGSVGElement>>'.
    Types of parameters '__0' and 'props' are incompatible.
      Type 'SVGProps<SVGSVGElement>' is not assignable to type 'CompatProps'.
        Types of property 'strokeWidth' are incompatible.
          Type 'string | number | undefined' is not assignable to type 'number | undefined'.
            Type 'string' is not assignable to type 'number'.
src/app/(dashboard)/intelligence/_components/search-intelligence-workbench-v2.tsx(102,5): error TS2322: Type '({ size, color, strokeWidth, className, style, ...rest }: CompatProps) => Element' is not assignable to type 'LucideIcon'.
  Type '({ size, color, strokeWidth, className, style, ...rest }: CompatProps) => Element' is not assignable to type 'FunctionComponent<SVGProps<SVGSVGElement>>'.
    Types of parameters '__0' and 'props' are incompatible.
      Type 'SVGProps<SVGSVGElement>' is not assignable to type 'CompatProps'.
        Types of property 'strokeWidth' are incompatible.
          Type 'string | number | undefined' is not assignable to type 'number | undefined'.
            Type 'string' is not assignable to type 'number'.
src/app/(dashboard)/intelligence/_components/search-intelligence-workbench-v2.tsx(103,5): error TS2322: Type '({ size, color, strokeWidth, className, style, ...rest }: CompatProps) => Element' is not assignable to type 'LucideIcon'.
  Type '({ size, color, strokeWidth, className, style, ...rest }: CompatProps) => Element' is not assignable to type 'FunctionComponent<SVGProps<SVGSVGElement>>'.
    Types of parameters '__0' and 'props' are incompatible.
      Type 'SVGProps<SVGSVGElement>' is not assignable to type 'CompatProps'.
        Types of property 'strokeWidth' are incompatible.
          Type 'string | number | undefined' is not assignable to type 'number | undefined'.
            Type 'string' is not assignable to type 'number'.
src/app/(dashboard)/intelligence/_components/search-intelligence-workbench-v2.tsx(104,5): error TS2322: Type '({ size, color, strokeWidth, className, style, ...rest }: CompatProps) => Element' is not assignable to type 'LucideIcon'.
  Type '({ size, color, strokeWidth, className, style, ...rest }: CompatProps) => Element' is not assignable to type 'FunctionComponent<SVGProps<SVGSVGElement>>'.
    Types of parameters '__0' and 'props' are incompatible.
      Type 'SVGProps<SVGSVGElement>' is not assignable to type 'CompatProps'.
        Types of property 'strokeWidth' are incompatible.
          Type 'string | number | undefined' is not assignable to type 'number | undefined'.
            Type 'string' is not assignable to type 'number'.
src/app/(dashboard)/intelligence/_components/search-intelligence-workbench-v2.tsx(279,5): error TS2322: Type '{ label: string; href: string; icon: ({ size, color, strokeWidth, className, style, ...rest }: CompatProps) => Element; }[]' is not assignable to type '{ label: string; href: string; icon: LucideIcon; }[]'.
  Type '{ label: string; href: string; icon: ({ size, color, strokeWidth, className, style, ...rest }: CompatProps) => JSX.Element; }' is not assignable to type '{ label: string; href: string; icon: LucideIcon; }'.
    Types of property 'icon' are incompatible.
      Type '({ size, color, strokeWidth, className, style, ...rest }: CompatProps) => Element' is not assignable to type 'LucideIcon'.
        Type '({ size, color, strokeWidth, className, style, ...rest }: CompatProps) => Element' is not assignable to type 'FunctionComponent<SVGProps<SVGSVGElement>>'.
          Types of parameters '__0' and 'props' are incompatible.
            Type 'SVGProps<SVGSVGElement>' is not assignable to type 'CompatProps'.
              Types of property 'strokeWidth' are incompatible.
                Type 'string | number | undefined' is not assignable to type 'number | undefined'.
                  Type 'string' is not assignable to type 'number'.
src/app/(dashboard)/intelligence/_components/search-intelligence-workbench.tsx(157,5): error TS2322: Type '({ size, color, strokeWidth, className, style, ...rest }: CompatProps) => Element' is not assignable to type 'LucideIcon'.
  Type '({ size, color, strokeWidth, className, style, ...rest }: CompatProps) => Element' is not assignable to type 'FunctionComponent<SVGProps<SVGSVGElement>>'.
    Types of parameters '__0' and 'props' are incompatible.
      Type 'SVGProps<SVGSVGElement>' is not assignable to type 'CompatProps'.
        Types of property 'strokeWidth' are incompatible.
          Type 'string | number | undefined' is not assignable to type 'number | undefined'.
            Type 'string' is not assignable to type 'number'.
src/app/(dashboard)/intelligence/_components/search-intelligence-workbench.tsx(158,5): error TS2322: Type '({ size, color, strokeWidth, className, style, ...rest }: CompatProps) => Element' is not assignable to type 'LucideIcon'.
  Type '({ size, color, strokeWidth, className, style, ...rest }: CompatProps) => Element' is not assignable to type 'FunctionComponent<SVGProps<SVGSVGElement>>'.
    Types of parameters '__0' and 'props' are incompatible.
      Type 'SVGProps<SVGSVGElement>' is not assignable to type 'CompatProps'.
        Types of property 'strokeWidth' are incompatible.
          Type 'string | number | undefined' is not assignable to type 'number | undefined'.
            Type 'string' is not assignable to type 'number'.
src/app/(dashboard)/intelligence/_components/search-intelligence-workbench.tsx(159,5): error TS2322: Type '({ size, color, strokeWidth, className, style, ...rest }: CompatProps) => Element' is not assignable to type 'LucideIcon'.
  Type '({ size, color, strokeWidth, className, style, ...rest }: CompatProps) => Element' is not assignable to type 'FunctionComponent<SVGProps<SVGSVGElement>>'.
    Types of parameters '__0' and 'props' are incompatible.
      Type 'SVGProps<SVGSVGElement>' is not assignable to type 'CompatProps'.
        Types of property 'strokeWidth' are incompatible.
          Type 'string | number | undefined' is not assignable to type 'number | undefined'.
            Type 'string' is not assignable to type 'number'.
src/app/(dashboard)/intelligence/_components/search-intelligence-workbench.tsx(160,5): error TS2322: Type '({ size, color, strokeWidth, className, style, ...rest }: CompatProps) => Element' is not assignable to type 'LucideIcon'.
  Type '({ size, color, strokeWidth, className, style, ...rest }: CompatProps) => Element' is not assignable to type 'FunctionComponent<SVGProps<SVGSVGElement>>'.
    Types of parameters '__0' and 'props' are incompatible.
      Type 'SVGProps<SVGSVGElement>' is not assignable to type 'CompatProps'.
        Types of property 'strokeWidth' are incompatible.
          Type 'string | number | undefined' is not assignable to type 'number | undefined'.
            Type 'string' is not assignable to type 'number'.
src/app/(dashboard)/intelligence/_components/search-intelligence-workbench.tsx(161,5): error TS2322: Type '({ size, color, strokeWidth, className, style, ...rest }: CompatProps) => Element' is not assignable to type 'LucideIcon'.
  Type '({ size, color, strokeWidth, className, style, ...rest }: CompatProps) => Element' is not assignable to type 'FunctionComponent<SVGProps<SVGSVGElement>>'.
    Types of parameters '__0' and 'props' are incompatible.
      Type 'SVGProps<SVGSVGElement>' is not assignable to type 'CompatProps'.
        Types of property 'strokeWidth' are incompatible.
          Type 'string | number | undefined' is not assignable to type 'number | undefined'.
            Type 'string' is not assignable to type 'number'.
src/app/(dashboard)/intelligence/_components/search-intelligence-workbench.tsx(182,42): error TS2322: Type '({ size, color, strokeWidth, className, style, ...rest }: CompatProps) => Element' is not assignable to type 'LucideIcon'.
  Type '({ size, color, strokeWidth, className, style, ...rest }: CompatProps) => Element' is not assignable to type 'FunctionComponent<SVGProps<SVGSVGElement>>'.
    Types of parameters '__0' and 'props' are incompatible.
      Type 'SVGProps<SVGSVGElement>' is not assignable to type 'CompatProps'.
        Types of property 'strokeWidth' are incompatible.
          Type 'string | number | undefined' is not assignable to type 'number | undefined'.
            Type 'string' is not assignable to type 'number'.
src/app/(dashboard)/intelligence/_components/search-intelligence-workbench.tsx(183,53): error TS2322: Type '({ size, color, strokeWidth, className, style, ...rest }: CompatProps) => Element' is not assignable to type 'LucideIcon'.
  Type '({ size, color, strokeWidth, className, style, ...rest }: CompatProps) => Element' is not assignable to type 'FunctionComponent<SVGProps<SVGSVGElement>>'.
    Types of parameters '__0' and 'props' are incompatible.
      Type 'SVGProps<SVGSVGElement>' is not assignable to type 'CompatProps'.
        Types of property 'strokeWidth' are incompatible.
          Type 'string | number | undefined' is not assignable to type 'number | undefined'.
            Type 'string' is not assignable to type 'number'.
src/app/(dashboard)/intelligence/_components/search-intelligence-workbench.tsx(184,53): error TS2322: Type '({ size, color, strokeWidth, className, style, ...rest }: CompatProps) => Element' is not assignable to type 'LucideIcon'.
  Type '({ size, color, strokeWidth, className, style, ...rest }: CompatProps) => Element' is not assignable to type 'FunctionComponent<SVGProps<SVGSVGElement>>'.
    Types of parameters '__0' and 'props' are incompatible.
      Type 'SVGProps<SVGSVGElement>' is not assignable to type 'CompatProps'.
        Types of property 'strokeWidth' are incompatible.
          Type 'string | number | undefined' is not assignable to type 'number | undefined'.
            Type 'string' is not assignable to type 'number'.
src/app/(dashboard)/intelligence/_components/search-intelligence-workbench.tsx(206,9): error TS2322: Type '({ size, color, strokeWidth, className, style, ...rest }: CompatProps) => Element' is not assignable to type 'LucideIcon'.
  Type '({ size, color, strokeWidth, className, style, ...rest }: CompatProps) => Element' is not assignable to type 'FunctionComponent<SVGProps<SVGSVGElement>>'.
    Types of parameters '__0' and 'props' are incompatible.
      Type 'SVGProps<SVGSVGElement>' is not assignable to type 'CompatProps'.
        Types of property 'strokeWidth' are incompatible.
          Type 'string | number | undefined' is not assignable to type 'number | undefined'.
            Type 'string' is not assignable to type 'number'.
src/app/(dashboard)/intelligence/_components/search-intelligence-workbench.tsx(208,52): error TS2322: Type '({ size, color, strokeWidth, className, style, ...rest }: CompatProps) => Element' is not assignable to type 'LucideIcon'.
  Type '({ size, color, strokeWidth, className, style, ...rest }: CompatProps) => Element' is not assignable to type 'FunctionComponent<SVGProps<SVGSVGElement>>'.
    Types of parameters '__0' and 'props' are incompatible.
      Type 'SVGProps<SVGSVGElement>' is not assignable to type 'CompatProps'.
        Types of property 'strokeWidth' are incompatible.
          Type 'string | number | undefined' is not assignable to type 'number | undefined'.
            Type 'string' is not assignable to type 'number'.
src/app/(dashboard)/intelligence/_components/search-intelligence-workbench.tsx(209,56): error TS2322: Type '({ size, color, strokeWidth, className, style, ...rest }: CompatProps) => Element' is not assignable to type 'LucideIcon'.
  Type '({ size, color, strokeWidth, className, style, ...rest }: CompatProps) => Element' is not assignable to type 'FunctionComponent<SVGProps<SVGSVGElement>>'.
    Types of parameters '__0' and 'props' are incompatible.
      Type 'SVGProps<SVGSVGElement>' is not assignable to type 'CompatProps'.
        Types of property 'strokeWidth' are incompatible.
          Type 'string | number | undefined' is not assignable to type 'number | undefined'.
            Type 'string' is not assignable to type 'number'.
src/app/(dashboard)/intelligence/_components/search-intelligence-workbench.tsx(229,42): error TS2322: Type '({ size, color, strokeWidth, className, style, ...rest }: CompatProps) => Element' is not assignable to type 'LucideIcon'.
  Type '({ size, color, strokeWidth, className, style, ...rest }: CompatProps) => Element' is not assignable to type 'FunctionComponent<SVGProps<SVGSVGElement>>'.
    Types of parameters '__0' and 'props' are incompatible.
      Type 'SVGProps<SVGSVGElement>' is not assignable to type 'CompatProps'.
        Types of property 'strokeWidth' are incompatible.
          Type 'string | number | undefined' is not assignable to type 'number | undefined'.
            Type 'string' is not assignable to type 'number'.
src/app/(dashboard)/intelligence/_components/search-intelligence-workbench.tsx(230,55): error TS2322: Type '({ size, color, strokeWidth, className, style, ...rest }: CompatProps) => Element' is not assignable to type 'LucideIcon'.
  Type '({ size, color, strokeWidth, className, style, ...rest }: CompatProps) => Element' is not assignable to type 'FunctionComponent<SVGProps<SVGSVGElement>>'.
    Types of parameters '__0' and 'props' are incompatible.
      Type 'SVGProps<SVGSVGElement>' is not assignable to type 'CompatProps'.
        Types of property 'strokeWidth' are incompatible.
          Type 'string | number | undefined' is not assignable to type 'number | undefined'.
            Type 'string' is not assignable to type 'number'.
src/app/(dashboard)/intelligence/_components/search-intelligence-workbench.tsx(231,41): error TS2322: Type '({ size, color, strokeWidth, className, style, ...rest }: CompatProps) => Element' is not assignable to type 'LucideIcon'.
  Type '({ size, color, strokeWidth, className, style, ...rest }: CompatProps) => Element' is not assignable to type 'FunctionComponent<SVGProps<SVGSVGElement>>'.
    Types of parameters '__0' and 'props' are incompatible.
      Type 'SVGProps<SVGSVGElement>' is not assignable to type 'CompatProps'.
        Types of property 'strokeWidth' are incompatible.
          Type 'string | number | undefined' is not assignable to type 'number | undefined'.
            Type 'string' is not assignable to type 'number'.
src/app/(dashboard)/intelligence/_components/search-intelligence-workbench.tsx(257,9): error TS2322: Type '({ size, color, strokeWidth, className, style, ...rest }: CompatProps) => Element' is not assignable to type 'LucideIcon'.
  Type '({ size, color, strokeWidth, className, style, ...rest }: CompatProps) => Element' is not assignable to type 'FunctionComponent<SVGProps<SVGSVGElement>>'.
    Types of parameters '__0' and 'props' are incompatible.
      Type 'SVGProps<SVGSVGElement>' is not assignable to type 'CompatProps'.
        Types of property 'strokeWidth' are incompatible.
          Type 'string | number | undefined' is not assignable to type 'number | undefined'.
            Type 'string' is not assignable to type 'number'.
src/app/(dashboard)/intelligence/_components/search-intelligence-workbench.tsx(259,53): error TS2322: Type '({ size, color, strokeWidth, className, style, ...rest }: CompatProps) => Element' is not assignable to type 'LucideIcon'.
  Type '({ size, color, strokeWidth, className, style, ...rest }: CompatProps) => Element' is not assignable to type 'FunctionComponent<SVGProps<SVGSVGElement>>'.
    Types of parameters '__0' and 'props' are incompatible.
      Type 'SVGProps<SVGSVGElement>' is not assignable to type 'CompatProps'.
        Types of property 'strokeWidth' are incompatible.
          Type 'string | number | undefined' is not assignable to type 'number | undefined'.
            Type 'string' is not assignable to type 'number'.
src/app/(dashboard)/intelligence/_components/search-intelligence-workbench.tsx(260,56): error TS2322: Type '({ size, color, strokeWidth, className, style, ...rest }: CompatProps) => Element' is not assignable to type 'LucideIcon'.
  Type '({ size, color, strokeWidth, className, style, ...rest }: CompatProps) => Element' is not assignable to type 'FunctionComponent<SVGProps<SVGSVGElement>>'.
    Types of parameters '__0' and 'props' are incompatible.
      Type 'SVGProps<SVGSVGElement>' is not assignable to type 'CompatProps'.
        Types of property 'strokeWidth' are incompatible.
          Type 'string | number | undefined' is not assignable to type 'number | undefined'.
            Type 'string' is not assignable to type 'number'.
src/app/(dashboard)/intelligence/_components/search-intelligence-workbench.tsx(280,42): error TS2322: Type '({ size, color, strokeWidth, className, style, ...rest }: CompatProps) => Element' is not assignable to type 'LucideIcon'.
  Type '({ size, color, strokeWidth, className, style, ...rest }: CompatProps) => Element' is not assignable to type 'FunctionComponent<SVGProps<SVGSVGElement>>'.
    Types of parameters '__0' and 'props' are incompatible.
      Type 'SVGProps<SVGSVGElement>' is not assignable to type 'CompatProps'.
        Types of property 'strokeWidth' are incompatible.
          Type 'string | number | undefined' is not assignable to type 'number | undefined'.
            Type 'string' is not assignable to type 'number'.
src/app/(dashboard)/intelligence/_components/search-intelligence-workbench.tsx(281,55): error TS2322: Type '({ size, color, strokeWidth, className, style, ...rest }: CompatProps) => Element' is not assignable to type 'LucideIcon'.
  Type '({ size, color, strokeWidth, className, style, ...rest }: CompatProps) => Element' is not assignable to type 'FunctionComponent<SVGProps<SVGSVGElement>>'.
    Types of parameters '__0' and 'props' are incompatible.
      Type 'SVGProps<SVGSVGElement>' is not assignable to type 'CompatProps'.
        Types of property 'strokeWidth' are incompatible.
          Type 'string | number | undefined' is not assignable to type 'number | undefined'.
            Type 'string' is not assignable to type 'number'.
src/app/(dashboard)/intelligence/_components/search-intelligence-workbench.tsx(282,56): error TS2322: Type '({ size, color, strokeWidth, className, style, ...rest }: CompatProps) => Element' is not assignable to type 'LucideIcon'.
  Type '({ size, color, strokeWidth, className, style, ...rest }: CompatProps) => Element' is not assignable to type 'FunctionComponent<SVGProps<SVGSVGElement>>'.
    Types of parameters '__0' and 'props' are incompatible.
      Type 'SVGProps<SVGSVGElement>' is not assignable to type 'CompatProps'.
        Types of property 'strokeWidth' are incompatible.
          Type 'string | number | undefined' is not assignable to type 'number | undefined'.
            Type 'string' is not assignable to type 'number'.
src/app/(dashboard)/intelligence/_components/search-intelligence-workbench.tsx(301,56): error TS2322: Type '({ size, color, strokeWidth, className, style, ...rest }: CompatProps) => Element' is not assignable to type 'LucideIcon'.
  Type '({ size, color, strokeWidth, className, style, ...rest }: CompatProps) => Element' is not assignable to type 'FunctionComponent<SVGProps<SVGSVGElement>>'.
    Types of parameters '__0' and 'props' are incompatible.
      Type 'SVGProps<SVGSVGElement>' is not assignable to type 'CompatProps'.
        Types of property 'strokeWidth' are incompatible.
          Type 'string | number | undefined' is not assignable to type 'number | undefined'.
            Type 'string' is not assignable to type 'number'.
src/app/(dashboard)/intelligence/_components/search-intelligence-workbench.tsx(302,57): error TS2322: Type '({ size, color, strokeWidth, className, style, ...rest }: CompatProps) => Element' is not assignable to type 'LucideIcon'.
  Type '({ size, color, strokeWidth, className, style, ...rest }: CompatProps) => Element' is not assignable to type 'FunctionComponent<SVGProps<SVGSVGElement>>'.
    Types of parameters '__0' and 'props' are incompatible.
      Type 'SVGProps<SVGSVGElement>' is not assignable to type 'CompatProps'.
        Types of property 'strokeWidth' are incompatible.
          Type 'string | number | undefined' is not assignable to type 'number | undefined'.
            Type 'string' is not assignable to type 'number'.
src/app/(dashboard)/intelligence/_components/search-intelligence-workbench.tsx(303,41): error TS2322: Type '({ size, color, strokeWidth, className, style, ...rest }: CompatProps) => Element' is not assignable to type 'LucideIcon'.
  Type '({ size, color, strokeWidth, className, style, ...rest }: CompatProps) => Element' is not assignable to type 'FunctionComponent<SVGProps<SVGSVGElement>>'.
    Types of parameters '__0' and 'props' are incompatible.
      Type 'SVGProps<SVGSVGElement>' is not assignable to type 'CompatProps'.
        Types of property 'strokeWidth' are incompatible.
          Type 'string | number | undefined' is not assignable to type 'number | undefined'.
            Type 'string' is not assignable to type 'number'.
src/app/(dashboard)/intelligence/_components/search-intelligence-workbench.tsx(322,53): error TS2322: Type '({ size, color, strokeWidth, className, style, ...rest }: CompatProps) => Element' is not assignable to type 'LucideIcon'.
  Type '({ size, color, strokeWidth, className, style, ...rest }: CompatProps) => Element' is not assignable to type 'FunctionComponent<SVGProps<SVGSVGElement>>'.
    Types of parameters '__0' and 'props' are incompatible.
      Type 'SVGProps<SVGSVGElement>' is not assignable to type 'CompatProps'.
        Types of property 'strokeWidth' are incompatible.
          Type 'string | number | undefined' is not assignable to type 'number | undefined'.
            Type 'string' is not assignable to type 'number'.
src/app/(dashboard)/intelligence/_components/search-intelligence-workbench.tsx(323,53): error TS2322: Type '({ size, color, strokeWidth, className, style, ...rest }: CompatProps) => Element' is not assignable to type 'LucideIcon'.
  Type '({ size, color, strokeWidth, className, style, ...rest }: CompatProps) => Element' is not assignable to type 'FunctionComponent<SVGProps<SVGSVGElement>>'.
    Types of parameters '__0' and 'props' are incompatible.
      Type 'SVGProps<SVGSVGElement>' is not assignable to type 'CompatProps'.
        Types of property 'strokeWidth' are incompatible.
          Type 'string | number | undefined' is not assignable to type 'number | undefined'.
            Type 'string' is not assignable to type 'number'.
src/app/(dashboard)/intelligence/_components/search-intelligence-workbench.tsx(324,53): error TS2322: Type '({ size, color, strokeWidth, className, style, ...rest }: CompatProps) => Element' is not assignable to type 'LucideIcon'.
  Type '({ size, color, strokeWidth, className, style, ...rest }: CompatProps) => Element' is not assignable to type 'FunctionComponent<SVGProps<SVGSVGElement>>'.
    Types of parameters '__0' and 'props' are incompatible.
      Type 'SVGProps<SVGSVGElement>' is not assignable to type 'CompatProps'.
        Types of property 'strokeWidth' are incompatible.
          Type 'string | number | undefined' is not assignable to type 'number | undefined'.
            Type 'string' is not assignable to type 'number'.
src/app/(dashboard)/intelligence/_components/search-intelligence-workbench.tsx(492,5): error TS2322: Type '{ label: string; href: string; icon: ({ size, color, strokeWidth, className, style, ...rest }: CompatProps) => Element; }[]' is not assignable to type '{ label: string; href: string; icon: LucideIcon; }[]'.
  Type '{ label: string; href: string; icon: ({ size, color, strokeWidth, className, style, ...rest }: CompatProps) => JSX.Element; }' is not assignable to type '{ label: string; href: string; icon: LucideIcon; }'.
    Types of property 'icon' are incompatible.
      Type '({ size, color, strokeWidth, className, style, ...rest }: CompatProps) => Element' is not assignable to type 'LucideIcon'.
        Type '({ size, color, strokeWidth, className, style, ...rest }: CompatProps) => Element' is not assignable to type 'FunctionComponent<SVGProps<SVGSVGElement>>'.
          Types of parameters '__0' and 'props' are incompatible.
            Type 'SVGProps<SVGSVGElement>' is not assignable to type 'CompatProps'.
              Types of property 'strokeWidth' are incompatible.
                Type 'string | number | undefined' is not assignable to type 'number | undefined'.
                  Type 'string' is not assignable to type 'number'.
src/app/(dashboard)/intelligence/_components/trends-radar-workbench.tsx(74,41): error TS2322: Type '({ size, color, strokeWidth, className, style, ...rest }: CompatProps) => Element' is not assignable to type 'LucideIcon'.
  Type '({ size, color, strokeWidth, className, style, ...rest }: CompatProps) => Element' is not assignable to type 'FunctionComponent<SVGProps<SVGSVGElement>>'.
    Types of parameters '__0' and 'props' are incompatible.
      Type 'SVGProps<SVGSVGElement>' is not assignable to type 'CompatProps'.
        Types of property 'strokeWidth' are incompatible.
          Type 'string | number | undefined' is not assignable to type 'number | undefined'.
            Type 'string' is not assignable to type 'number'.
src/app/(dashboard)/intelligence/_components/trends-radar-workbench.tsx(75,53): error TS2322: Type '({ size, color, strokeWidth, className, style, ...rest }: CompatProps) => Element' is not assignable to type 'LucideIcon'.
  Type '({ size, color, strokeWidth, className, style, ...rest }: CompatProps) => Element' is not assignable to type 'FunctionComponent<SVGProps<SVGSVGElement>>'.
    Types of parameters '__0' and 'props' are incompatible.
      Type 'SVGProps<SVGSVGElement>' is not assignable to type 'CompatProps'.
        Types of property 'strokeWidth' are incompatible.
          Type 'string | number | undefined' is not assignable to type 'number | undefined'.
            Type 'string' is not assignable to type 'number'.
src/app/(dashboard)/intelligence/_components/trends-radar-workbench.tsx(76,56): error TS2322: Type '({ size, color, strokeWidth, className, style, ...rest }: CompatProps) => Element' is not assignable to type 'LucideIcon'.
  Type '({ size, color, strokeWidth, className, style, ...rest }: CompatProps) => Element' is not assignable to type 'FunctionComponent<SVGProps<SVGSVGElement>>'.
    Types of parameters '__0' and 'props' are incompatible.
      Type 'SVGProps<SVGSVGElement>' is not assignable to type 'CompatProps'.
        Types of property 'strokeWidth' are incompatible.
          Type 'string | number | undefined' is not assignable to type 'number | undefined'.
            Type 'string' is not assignable to type 'number'.
src/app/(dashboard)/intelligence/_components/trends-radar-workbench.tsx(99,42): error TS2322: Type '({ size, color, strokeWidth, className, style, ...rest }: CompatProps) => Element' is not assignable to type 'LucideIcon'.
  Type '({ size, color, strokeWidth, className, style, ...rest }: CompatProps) => Element' is not assignable to type 'FunctionComponent<SVGProps<SVGSVGElement>>'.
    Types of parameters '__0' and 'props' are incompatible.
      Type 'SVGProps<SVGSVGElement>' is not assignable to type 'CompatProps'.
        Types of property 'strokeWidth' are incompatible.
          Type 'string | number | undefined' is not assignable to type 'number | undefined'.
            Type 'string' is not assignable to type 'number'.
src/app/(dashboard)/intelligence/_components/trends-radar-workbench.tsx(100,53): error TS2322: Type '({ size, color, strokeWidth, className, style, ...rest }: CompatProps) => Element' is not assignable to type 'LucideIcon'.
  Type '({ size, color, strokeWidth, className, style, ...rest }: CompatProps) => Element' is not assignable to type 'FunctionComponent<SVGProps<SVGSVGElement>>'.
    Types of parameters '__0' and 'props' are incompatible.
      Type 'SVGProps<SVGSVGElement>' is not assignable to type 'CompatProps'.
        Types of property 'strokeWidth' are incompatible.
          Type 'string | number | undefined' is not assignable to type 'number | undefined'.
            Type 'string' is not assignable to type 'number'.
src/app/(dashboard)/intelligence/_components/trends-radar-workbench.tsx(101,41): error TS2322: Type '({ size, color, strokeWidth, className, style, ...rest }: CompatProps) => Element' is not assignable to type 'LucideIcon'.
  Type '({ size, color, strokeWidth, className, style, ...rest }: CompatProps) => Element' is not assignable to type 'FunctionComponent<SVGProps<SVGSVGElement>>'.
    Types of parameters '__0' and 'props' are incompatible.
      Type 'SVGProps<SVGSVGElement>' is not assignable to type 'CompatProps'.
        Types of property 'strokeWidth' are incompatible.
          Type 'string | number | undefined' is not assignable to type 'number | undefined'.
            Type 'string' is not assignable to type 'number'.
src/app/(dashboard)/intelligence/_components/trends-radar-workbench.tsx(123,53): error TS2322: Type '({ size, color, strokeWidth, className, style, ...rest }: CompatProps) => Element' is not assignable to type 'LucideIcon'.
  Type '({ size, color, strokeWidth, className, style, ...rest }: CompatProps) => Element' is not assignable to type 'FunctionComponent<SVGProps<SVGSVGElement>>'.
    Types of parameters '__0' and 'props' are incompatible.
      Type 'SVGProps<SVGSVGElement>' is not assignable to type 'CompatProps'.
        Types of property 'strokeWidth' are incompatible.
          Type 'string | number | undefined' is not assignable to type 'number | undefined'.
            Type 'string' is not assignable to type 'number'.
src/app/(dashboard)/intelligence/_components/trends-radar-workbench.tsx(124,53): error TS2322: Type '({ size, color, strokeWidth, className, style, ...rest }: CompatProps) => Element' is not assignable to type 'LucideIcon'.
  Type '({ size, color, strokeWidth, className, style, ...rest }: CompatProps) => Element' is not assignable to type 'FunctionComponent<SVGProps<SVGSVGElement>>'.
    Types of parameters '__0' and 'props' are incompatible.
      Type 'SVGProps<SVGSVGElement>' is not assignable to type 'CompatProps'.
        Types of property 'strokeWidth' are incompatible.
          Type 'string | number | undefined' is not assignable to type 'number | undefined'.
            Type 'string' is not assignable to type 'number'.
src/app/(dashboard)/intelligence/_components/trends-radar-workbench.tsx(125,53): error TS2322: Type '({ size, color, strokeWidth, className, style, ...rest }: CompatProps) => Element' is not assignable to type 'LucideIcon'.
  Type '({ size, color, strokeWidth, className, style, ...rest }: CompatProps) => Element' is not assignable to type 'FunctionComponent<SVGProps<SVGSVGElement>>'.
    Types of parameters '__0' and 'props' are incompatible.
      Type 'SVGProps<SVGSVGElement>' is not assignable to type 'CompatProps'.
        Types of property 'strokeWidth' are incompatible.
          Type 'string | number | undefined' is not assignable to type 'number | undefined'.
            Type 'string' is not assignable to type 'number'.
src/app/(dashboard)/intelligence/_components/trends-radar-workbench.tsx(143,56): error TS2322: Type '({ size, color, strokeWidth, className, style, ...rest }: CompatProps) => Element' is not assignable to type 'LucideIcon'.
  Type '({ size, color, strokeWidth, className, style, ...rest }: CompatProps) => Element' is not assignable to type 'FunctionComponent<SVGProps<SVGSVGElement>>'.
    Types of parameters '__0' and 'props' are incompatible.
      Type 'SVGProps<SVGSVGElement>' is not assignable to type 'CompatProps'.
        Types of property 'strokeWidth' are incompatible.
          Type 'string | number | undefined' is not assignable to type 'number | undefined'.
            Type 'string' is not assignable to type 'number'.
src/app/(dashboard)/intelligence/_components/trends-radar-workbench.tsx(144,56): error TS2322: Type '({ size, color, strokeWidth, className, style, ...rest }: CompatProps) => Element' is not assignable to type 'LucideIcon'.
  Type '({ size, color, strokeWidth, className, style, ...rest }: CompatProps) => Element' is not assignable to type 'FunctionComponent<SVGProps<SVGSVGElement>>'.
    Types of parameters '__0' and 'props' are incompatible.
      Type 'SVGProps<SVGSVGElement>' is not assignable to type 'CompatProps'.
        Types of property 'strokeWidth' are incompatible.
          Type 'string | number | undefined' is not assignable to type 'number | undefined'.
            Type 'string' is not assignable to type 'number'.
src/app/(dashboard)/intelligence/_components/trends-radar-workbench.tsx(145,52): error TS2322: Type '({ size, color, strokeWidth, className, style, ...rest }: CompatProps) => Element' is not assignable to type 'LucideIcon'.
  Type '({ size, color, strokeWidth, className, style, ...rest }: CompatProps) => Element' is not assignable to type 'FunctionComponent<SVGProps<SVGSVGElement>>'.
    Types of parameters '__0' and 'props' are incompatible.
      Type 'SVGProps<SVGSVGElement>' is not assignable to type 'CompatProps'.
        Types of property 'strokeWidth' are incompatible.
          Type 'string | number | undefined' is not assignable to type 'number | undefined'.
            Type 'string' is not assignable to type 'number'.
src/app/(dashboard)/intelligence/_components/trends-radar-workbench.tsx(577,19): error TS2322: Type '({ size, color, strokeWidth, className, style, ...rest }: CompatProps) => Element' is not assignable to type 'LucideIcon | undefined'.
  Type '({ size, color, strokeWidth, className, style, ...rest }: CompatProps) => Element' is not assignable to type 'FunctionComponent<SVGProps<SVGSVGElement>>'.
    Types of parameters '__0' and 'props' are incompatible.
      Type 'SVGProps<SVGSVGElement>' is not assignable to type 'CompatProps'.
        Types of property 'strokeWidth' are incompatible.
          Type 'string | number | undefined' is not assignable to type 'number | undefined'.
            Type 'string' is not assignable to type 'number'.
src/app/(dashboard)/intelligence/_components/viral-analysis-workbench.tsx(108,9): error TS2322: Type '({ size, color, strokeWidth, className, style, ...rest }: CompatProps) => Element' is not assignable to type 'LucideIcon'.
  Type '({ size, color, strokeWidth, className, style, ...rest }: CompatProps) => Element' is not assignable to type 'FunctionComponent<SVGProps<SVGSVGElement>>'.
    Types of parameters '__0' and 'props' are incompatible.
      Type 'SVGProps<SVGSVGElement>' is not assignable to type 'CompatProps'.
        Types of property 'strokeWidth' are incompatible.
          Type 'string | number | undefined' is not assignable to type 'number | undefined'.
            Type 'string' is not assignable to type 'number'.
src/app/(dashboard)/intelligence/_components/viral-analysis-workbench.tsx(116,9): error TS2322: Type '({ size, color, strokeWidth, className, style, ...rest }: CompatProps) => Element' is not assignable to type 'LucideIcon'.
  Type '({ size, color, strokeWidth, className, style, ...rest }: CompatProps) => Element' is not assignable to type 'FunctionComponent<SVGProps<SVGSVGElement>>'.
    Types of parameters '__0' and 'props' are incompatible.
      Type 'SVGProps<SVGSVGElement>' is not assignable to type 'CompatProps'.
        Types of property 'strokeWidth' are incompatible.
          Type 'string | number | undefined' is not assignable to type 'number | undefined'.
            Type 'string' is not assignable to type 'number'.
src/app/(dashboard)/intelligence/_components/viral-analysis-workbench.tsx(124,9): error TS2322: Type '({ size, color, strokeWidth, className, style, ...rest }: CompatProps) => Element' is not assignable to type 'LucideIcon'.
  Type '({ size, color, strokeWidth, className, style, ...rest }: CompatProps) => Element' is not assignable to type 'FunctionComponent<SVGProps<SVGSVGElement>>'.
    Types of parameters '__0' and 'props' are incompatible.
      Type 'SVGProps<SVGSVGElement>' is not assignable to type 'CompatProps'.
        Types of property 'strokeWidth' are incompatible.
          Type 'string | number | undefined' is not assignable to type 'number | undefined'.
            Type 'string' is not assignable to type 'number'.
src/app/(dashboard)/intelligence/_components/viral-analysis-workbench.tsx(156,9): error TS2322: Type '({ size, color, strokeWidth, className, style, ...rest }: CompatProps) => Element' is not assignable to type 'LucideIcon'.
  Type '({ size, color, strokeWidth, className, style, ...rest }: CompatProps) => Element' is not assignable to type 'FunctionComponent<SVGProps<SVGSVGElement>>'.
    Types of parameters '__0' and 'props' are incompatible.
      Type 'SVGProps<SVGSVGElement>' is not assignable to type 'CompatProps'.
        Types of property 'strokeWidth' are incompatible.
          Type 'string | number | undefined' is not assignable to type 'number | undefined'.
            Type 'string' is not assignable to type 'number'.
src/app/(dashboard)/intelligence/_components/viral-analysis-workbench.tsx(164,9): error TS2322: Type '({ size, color, strokeWidth, className, style, ...rest }: CompatProps) => Element' is not assignable to type 'LucideIcon'.
  Type '({ size, color, strokeWidth, className, style, ...rest }: CompatProps) => Element' is not assignable to type 'FunctionComponent<SVGProps<SVGSVGElement>>'.
    Types of parameters '__0' and 'props' are incompatible.
      Type 'SVGProps<SVGSVGElement>' is not assignable to type 'CompatProps'.
        Types of property 'strokeWidth' are incompatible.
          Type 'string | number | undefined' is not assignable to type 'number | undefined'.
            Type 'string' is not assignable to type 'number'.
src/app/(dashboard)/intelligence/_components/viral-analysis-workbench.tsx(172,9): error TS2322: Type '({ size, color, strokeWidth, className, style, ...rest }: CompatProps) => Element' is not assignable to type 'LucideIcon'.
  Type '({ size, color, strokeWidth, className, style, ...rest }: CompatProps) => Element' is not assignable to type 'FunctionComponent<SVGProps<SVGSVGElement>>'.
    Types of parameters '__0' and 'props' are incompatible.
      Type 'SVGProps<SVGSVGElement>' is not assignable to type 'CompatProps'.
        Types of property 'strokeWidth' are incompatible.
          Type 'string | number | undefined' is not assignable to type 'number | undefined'.
            Type 'string' is not assignable to type 'number'.
src/app/(dashboard)/intelligence/_components/viral-analysis-workbench.tsx(204,9): error TS2322: Type '({ size, color, strokeWidth, className, style, ...rest }: CompatProps) => Element' is not assignable to type 'LucideIcon'.
  Type '({ size, color, strokeWidth, className, style, ...rest }: CompatProps) => Element' is not assignable to type 'FunctionComponent<SVGProps<SVGSVGElement>>'.
    Types of parameters '__0' and 'props' are incompatible.
      Type 'SVGProps<SVGSVGElement>' is not assignable to type 'CompatProps'.
        Types of property 'strokeWidth' are incompatible.
          Type 'string | number | undefined' is not assignable to type 'number | undefined'.
            Type 'string' is not assignable to type 'number'.
src/app/(dashboard)/intelligence/_components/viral-analysis-workbench.tsx(212,9): error TS2322: Type '({ size, color, strokeWidth, className, style, ...rest }: CompatProps) => Element' is not assignable to type 'LucideIcon'.
  Type '({ size, color, strokeWidth, className, style, ...rest }: CompatProps) => Element' is not assignable to type 'FunctionComponent<SVGProps<SVGSVGElement>>'.
    Types of parameters '__0' and 'props' are incompatible.
      Type 'SVGProps<SVGSVGElement>' is not assignable to type 'CompatProps'.
        Types of property 'strokeWidth' are incompatible.
          Type 'string | number | undefined' is not assignable to type 'number | undefined'.
            Type 'string' is not assignable to type 'number'.
src/app/(dashboard)/intelligence/_components/viral-analysis-workbench.tsx(244,9): error TS2322: Type '({ size, color, strokeWidth, className, style, ...rest }: CompatProps) => Element' is not assignable to type 'LucideIcon'.
  Type '({ size, color, strokeWidth, className, style, ...rest }: CompatProps) => Element' is not assignable to type 'FunctionComponent<SVGProps<SVGSVGElement>>'.
    Types of parameters '__0' and 'props' are incompatible.
      Type 'SVGProps<SVGSVGElement>' is not assignable to type 'CompatProps'.
        Types of property 'strokeWidth' are incompatible.
          Type 'string | number | undefined' is not assignable to type 'number | undefined'.
            Type 'string' is not assignable to type 'number'.
src/app/(dashboard)/intelligence/_components/viral-analysis-workbench.tsx(252,9): error TS2322: Type '({ size, color, strokeWidth, className, style, ...rest }: CompatProps) => Element' is not assignable to type 'LucideIcon'.
  Type '({ size, color, strokeWidth, className, style, ...rest }: CompatProps) => Element' is not assignable to type 'FunctionComponent<SVGProps<SVGSVGElement>>'.
    Types of parameters '__0' and 'props' are incompatible.
      Type 'SVGProps<SVGSVGElement>' is not assignable to type 'CompatProps'.
        Types of property 'strokeWidth' are incompatible.
          Type 'string | number | undefined' is not assignable to type 'number | undefined'.
            Type 'string' is not assignable to type 'number'.
src/app/(dashboard)/intelligence/_components/viral-analysis-workbench.tsx(390,13): error TS2322: Type '({ size, color, strokeWidth, className, style, ...rest }: CompatProps) => Element' is not assignable to type 'LucideIcon | undefined'.
  Type '({ size, color, strokeWidth, className, style, ...rest }: CompatProps) => Element' is not assignable to type 'FunctionComponent<SVGProps<SVGSVGElement>>'.
    Types of parameters '__0' and 'props' are incompatible.
      Type 'SVGProps<SVGSVGElement>' is not assignable to type 'CompatProps'.
        Types of property 'strokeWidth' are incompatible.
          Type 'string | number | undefined' is not assignable to type 'number | undefined'.
            Type 'string' is not assignable to type 'number'.
src/app/(dashboard)/intelligence/data.ts(134,5): error TS2322: Type '({ size, color, strokeWidth, className, style, ...rest }: CompatProps) => Element' is not assignable to type 'LucideIcon'.
  Type '({ size, color, strokeWidth, className, style, ...rest }: CompatProps) => Element' is not assignable to type 'FunctionComponent<SVGProps<SVGSVGElement>>'.
    Types of parameters '__0' and 'props' are incompatible.
      Type 'SVGProps<SVGSVGElement>' is not assignable to type 'CompatProps'.
        Types of property 'strokeWidth' are incompatible.
          Type 'string | number | undefined' is not assignable to type 'number | undefined'.
            Type 'string' is not assignable to type 'number'.
src/app/(dashboard)/intelligence/data.ts(213,5): error TS2322: Type '({ size, color, strokeWidth, className, style, ...rest }: CompatProps) => Element' is not assignable to type 'LucideIcon'.
  Type '({ size, color, strokeWidth, className, style, ...rest }: CompatProps) => Element' is not assignable to type 'FunctionComponent<SVGProps<SVGSVGElement>>'.
    Types of parameters '__0' and 'props' are incompatible.
      Type 'SVGProps<SVGSVGElement>' is not assignable to type 'CompatProps'.
        Types of property 'strokeWidth' are incompatible.
          Type 'string | number | undefined' is not assignable to type 'number | undefined'.
            Type 'string' is not assignable to type 'number'.
src/app/(dashboard)/intelligence/data.ts(256,5): error TS2322: Type '({ size, color, strokeWidth, className, style, ...rest }: CompatProps) => Element' is not assignable to type 'LucideIcon'.
  Type '({ size, color, strokeWidth, className, style, ...rest }: CompatProps) => Element' is not assignable to type 'FunctionComponent<SVGProps<SVGSVGElement>>'.
    Types of parameters '__0' and 'props' are incompatible.
      Type 'SVGProps<SVGSVGElement>' is not assignable to type 'CompatProps'.
        Types of property 'strokeWidth' are incompatible.
          Type 'string | number | undefined' is not assignable to type 'number | undefined'.
            Type 'string' is not assignable to type 'number'.
src/app/(dashboard)/intelligence/data.ts(299,5): error TS2322: Type '({ size, color, strokeWidth, className, style, ...rest }: CompatProps) => Element' is not assignable to type 'LucideIcon'.
  Type '({ size, color, strokeWidth, className, style, ...rest }: CompatProps) => Element' is not assignable to type 'FunctionComponent<SVGProps<SVGSVGElement>>'.
    Types of parameters '__0' and 'props' are incompatible.
      Type 'SVGProps<SVGSVGElement>' is not assignable to type 'CompatProps'.
        Types of property 'strokeWidth' are incompatible.
          Type 'string | number | undefined' is not assignable to type 'number | undefined'.
            Type 'string' is not assignable to type 'number'.
src/app/(dashboard)/intelligence/data.ts(342,5): error TS2322: Type '({ size, color, strokeWidth, className, style, ...rest }: CompatProps) => Element' is not assignable to type 'LucideIcon'.
  Type '({ size, color, strokeWidth, className, style, ...rest }: CompatProps) => Element' is not assignable to type 'FunctionComponent<SVGProps<SVGSVGElement>>'.
    Types of parameters '__0' and 'props' are incompatible.
      Type 'SVGProps<SVGSVGElement>' is not assignable to type 'CompatProps'.
        Types of property 'strokeWidth' are incompatible.
          Type 'string | number | undefined' is not assignable to type 'number | undefined'.
            Type 'string' is not assignable to type 'number'.
src/app/(dashboard)/intelligence/data.ts(385,5): error TS2322: Type '({ size, color, strokeWidth, className, style, ...rest }: CompatProps) => Element' is not assignable to type 'LucideIcon'.
  Type '({ size, color, strokeWidth, className, style, ...rest }: CompatProps) => Element' is not assignable to type 'FunctionComponent<SVGProps<SVGSVGElement>>'.
    Types of parameters '__0' and 'props' are incompatible.
      Type 'SVGProps<SVGSVGElement>' is not assignable to type 'CompatProps'.
        Types of property 'strokeWidth' are incompatible.
          Type 'string | number | undefined' is not assignable to type 'number | undefined'.
            Type 'string' is not assignable to type 'number'.
src/app/(dashboard)/intelligence/data.ts(428,5): error TS2322: Type '({ size, color, strokeWidth, className, style, ...rest }: CompatProps) => Element' is not assignable to type 'LucideIcon'.
  Type '({ size, color, strokeWidth, className, style, ...rest }: CompatProps) => Element' is not assignable to type 'FunctionComponent<SVGProps<SVGSVGElement>>'.
    Types of parameters '__0' and 'props' are incompatible.
      Type 'SVGProps<SVGSVGElement>' is not assignable to type 'CompatProps'.
        Types of property 'strokeWidth' are incompatible.
          Type 'string | number | undefined' is not assignable to type 'number | undefined'.
            Type 'string' is not assignable to type 'number'.
src/app/(dashboard)/intelligence/data.ts(480,5): error TS2322: Type '({ size, color, strokeWidth, className, style, ...rest }: CompatProps) => Element' is not assignable to type 'LucideIcon'.
  Type '({ size, color, strokeWidth, className, style, ...rest }: CompatProps) => Element' is not assignable to type 'FunctionComponent<SVGProps<SVGSVGElement>>'.
    Types of parameters '__0' and 'props' are incompatible.
      Type 'SVGProps<SVGSVGElement>' is not assignable to type 'CompatProps'.
        Types of property 'strokeWidth' are incompatible.
          Type 'string | number | undefined' is not assignable to type 'number | undefined'.
            Type 'string' is not assignable to type 'number'.
src/app/(dashboard)/intelligence/data.ts(541,5): error TS2322: Type '({ size, color, strokeWidth, className, style, ...rest }: CompatProps) => Element' is not assignable to type 'LucideIcon'.
  Type '({ size, color, strokeWidth, className, style, ...rest }: CompatProps) => Element' is not assignable to type 'FunctionComponent<SVGProps<SVGSVGElement>>'.
    Types of parameters '__0' and 'props' are incompatible.
      Type 'SVGProps<SVGSVGElement>' is not assignable to type 'CompatProps'.
        Types of property 'strokeWidth' are incompatible.
          Type 'string | number | undefined' is not assignable to type 'number | undefined'.
            Type 'string' is not assignable to type 'number'.
src/app/(dashboard)/intelligence/data.ts(608,5): error TS2322: Type '({ size, color, strokeWidth, className, style, ...rest }: CompatProps) => Element' is not assignable to type 'LucideIcon'.
  Type '({ size, color, strokeWidth, className, style, ...rest }: CompatProps) => Element' is not assignable to type 'FunctionComponent<SVGProps<SVGSVGElement>>'.
    Types of parameters '__0' and 'props' are incompatible.
      Type 'SVGProps<SVGSVGElement>' is not assignable to type 'CompatProps'.
        Types of property 'strokeWidth' are incompatible.
          Type 'string | number | undefined' is not assignable to type 'number | undefined'.
            Type 'string' is not assignable to type 'number'.
src/app/(dashboard)/intelligence/data.ts(672,5): error TS2322: Type '({ size, color, strokeWidth, className, style, ...rest }: CompatProps) => Element' is not assignable to type 'LucideIcon'.
  Type '({ size, color, strokeWidth, className, style, ...rest }: CompatProps) => Element' is not assignable to type 'FunctionComponent<SVGProps<SVGSVGElement>>'.
    Types of parameters '__0' and 'props' are incompatible.
      Type 'SVGProps<SVGSVGElement>' is not assignable to type 'CompatProps'.
        Types of property 'strokeWidth' are incompatible.
          Type 'string | number | undefined' is not assignable to type 'number | undefined'.
            Type 'string' is not assignable to type 'number'.
src/app/(dashboard)/intelligence/data.ts(738,5): error TS2322: Type '({ size, color, strokeWidth, className, style, ...rest }: CompatProps) => Element' is not assignable to type 'LucideIcon'.
  Type '({ size, color, strokeWidth, className, style, ...rest }: CompatProps) => Element' is not assignable to type 'FunctionComponent<SVGProps<SVGSVGElement>>'.
    Types of parameters '__0' and 'props' are incompatible.
      Type 'SVGProps<SVGSVGElement>' is not assignable to type 'CompatProps'.
        Types of property 'strokeWidth' are incompatible.
          Type 'string | number | undefined' is not assignable to type 'number | undefined'.
            Type 'string' is not assignable to type 'number'.
src/app/(dashboard)/intelligence/data.ts(803,5): error TS2322: Type '({ size, color, strokeWidth, className, style, ...rest }: CompatProps) => Element' is not assignable to type 'LucideIcon'.
  Type '({ size, color, strokeWidth, className, style, ...rest }: CompatProps) => Element' is not assignable to type 'FunctionComponent<SVGProps<SVGSVGElement>>'.
    Types of parameters '__0' and 'props' are incompatible.
      Type 'SVGProps<SVGSVGElement>' is not assignable to type 'CompatProps'.
        Types of property 'strokeWidth' are incompatible.
          Type 'string | number | undefined' is not assignable to type 'number | undefined'.
            Type 'string' is not assignable to type 'number'.
src/app/(dashboard)/intelligence/data.ts(868,5): error TS2322: Type '({ size, color, strokeWidth, className, style, ...rest }: CompatProps) => Element' is not assignable to type 'LucideIcon'.
  Type '({ size, color, strokeWidth, className, style, ...rest }: CompatProps) => Element' is not assignable to type 'FunctionComponent<SVGProps<SVGSVGElement>>'.
    Types of parameters '__0' and 'props' are incompatible.
      Type 'SVGProps<SVGSVGElement>' is not assignable to type 'CompatProps'.
        Types of property 'strokeWidth' are incompatible.
          Type 'string | number | undefined' is not assignable to type 'number | undefined'.
            Type 'string' is not assignable to type 'number'.
src/app/(dashboard)/intelligence/data.ts(925,5): error TS2322: Type '({ size, color, strokeWidth, className, style, ...rest }: CompatProps) => Element' is not assignable to type 'LucideIcon'.
  Type '({ size, color, strokeWidth, className, style, ...rest }: CompatProps) => Element' is not assignable to type 'FunctionComponent<SVGProps<SVGSVGElement>>'.
    Types of parameters '__0' and 'props' are incompatible.
      Type 'SVGProps<SVGSVGElement>' is not assignable to type 'CompatProps'.
        Types of property 'strokeWidth' are incompatible.
          Type 'string | number | undefined' is not assignable to type 'number | undefined'.
            Type 'string' is not assignable to type 'number'.
src/app/(dashboard)/intelligence/data.ts(982,5): error TS2322: Type '({ size, color, strokeWidth, className, style, ...rest }: CompatProps) => Element' is not assignable to type 'LucideIcon'.
  Type '({ size, color, strokeWidth, className, style, ...rest }: CompatProps) => Element' is not assignable to type 'FunctionComponent<SVGProps<SVGSVGElement>>'.
    Types of parameters '__0' and 'props' are incompatible.
      Type 'SVGProps<SVGSVGElement>' is not assignable to type 'CompatProps'.
        Types of property 'strokeWidth' are incompatible.
          Type 'string | number | undefined' is not assignable to type 'number | undefined'.
            Type 'string' is not assignable to type 'number'.
src/app/(dashboard)/knowledge-base/knowledge-base-center.tsx(288,26): error TS2322: Type '({ size, color, strokeWidth, className, style, ...rest }: CompatProps) => Element' is not assignable to type 'LucideIcon | undefined'.
  Type '({ size, color, strokeWidth, className, style, ...rest }: CompatProps) => Element' is not assignable to type 'FunctionComponent<SVGProps<SVGSVGElement>>'.
    Types of parameters '__0' and 'props' are incompatible.
      Type 'SVGProps<SVGSVGElement>' is not assignable to type 'CompatProps'.
        Types of property 'strokeWidth' are incompatible.
          Type 'string | number | undefined' is not assignable to type 'number | undefined'.
            Type 'string' is not assignable to type 'number'.
src/app/(dashboard)/knowledge-base/knowledge-base-center.tsx(289,28): error TS2322: Type '({ size, color, strokeWidth, className, style, ...rest }: CompatProps) => Element' is not assignable to type 'LucideIcon | undefined'.
  Type '({ size, color, strokeWidth, className, style, ...rest }: CompatProps) => Element' is not assignable to type 'FunctionComponent<SVGProps<SVGSVGElement>>'.
    Types of parameters '__0' and 'props' are incompatible.
      Type 'SVGProps<SVGSVGElement>' is not assignable to type 'CompatProps'.
        Types of property 'strokeWidth' are incompatible.
          Type 'string | number | undefined' is not assignable to type 'number | undefined'.
            Type 'string' is not assignable to type 'number'.
src/app/(dashboard)/knowledge-base/knowledge-base-center.tsx(313,28): error TS2322: Type '({ size, color, strokeWidth, className, style, ...rest }: CompatProps) => Element' is not assignable to type 'LucideIcon | undefined'.
  Type '({ size, color, strokeWidth, className, style, ...rest }: CompatProps) => Element' is not assignable to type 'FunctionComponent<SVGProps<SVGSVGElement>>'.
    Types of parameters '__0' and 'props' are incompatible.
      Type 'SVGProps<SVGSVGElement>' is not assignable to type 'CompatProps'.
        Types of property 'strokeWidth' are incompatible.
          Type 'string | number | undefined' is not assignable to type 'number | undefined'.
            Type 'string' is not assignable to type 'number'.
src/app/(dashboard)/knowledge-base/knowledge-base-center.tsx(360,13): error TS2322: Type '({ size, color, strokeWidth, className, style, ...rest }: CompatProps) => Element' is not assignable to type 'LucideIcon'.
  Type '({ size, color, strokeWidth, className, style, ...rest }: CompatProps) => Element' is not assignable to type 'FunctionComponent<SVGProps<SVGSVGElement>>'.
    Types of parameters '__0' and 'props' are incompatible.
      Type 'SVGProps<SVGSVGElement>' is not assignable to type 'CompatProps'.
        Types of property 'strokeWidth' are incompatible.
          Type 'string | number | undefined' is not assignable to type 'number | undefined'.
            Type 'string' is not assignable to type 'number'.
src/app/(dashboard)/knowledge-base/knowledge-base-center.tsx(385,23): error TS2322: Type '({ size, color, strokeWidth, className, style, ...rest }: CompatProps) => Element' is not assignable to type 'LucideIcon | undefined'.
  Type '({ size, color, strokeWidth, className, style, ...rest }: CompatProps) => Element' is not assignable to type 'FunctionComponent<SVGProps<SVGSVGElement>>'.
    Types of parameters '__0' and 'props' are incompatible.
      Type 'SVGProps<SVGSVGElement>' is not assignable to type 'CompatProps'.
        Types of property 'strokeWidth' are incompatible.
          Type 'string | number | undefined' is not assignable to type 'number | undefined'.
            Type 'string' is not assignable to type 'number'.
src/app/(dashboard)/knowledge-base/knowledge-base-center.tsx(393,21): error TS2322: Type '({ size, color, strokeWidth, className, style, ...rest }: CompatProps) => Element' is not assignable to type 'LucideIcon | undefined'.
  Type '({ size, color, strokeWidth, className, style, ...rest }: CompatProps) => Element' is not assignable to type 'FunctionComponent<SVGProps<SVGSVGElement>>'.
    Types of parameters '__0' and 'props' are incompatible.
      Type 'SVGProps<SVGSVGElement>' is not assignable to type 'CompatProps'.
        Types of property 'strokeWidth' are incompatible.
          Type 'string | number | undefined' is not assignable to type 'number | undefined'.
            Type 'string' is not assignable to type 'number'.
src/app/(dashboard)/knowledge-base/knowledge-form.tsx(273,13): error TS2322: Type '({ size, color, strokeWidth, className, style, ...rest }: CompatProps) => Element' is not assignable to type 'LucideIcon | undefined'.
  Type '({ size, color, strokeWidth, className, style, ...rest }: CompatProps) => Element' is not assignable to type 'FunctionComponent<SVGProps<SVGSVGElement>>'.
    Types of parameters '__0' and 'props' are incompatible.
      Type 'SVGProps<SVGSVGElement>' is not assignable to type 'CompatProps'.
        Types of property 'strokeWidth' are incompatible.
          Type 'string | number | undefined' is not assignable to type 'number | undefined'.
            Type 'string' is not assignable to type 'number'.
src/app/(dashboard)/knowledge-base/knowledge-form.tsx(308,11): error TS2322: Type '({ size, color, strokeWidth, className, style, ...rest }: CompatProps) => Element' is not assignable to type 'LucideIcon | undefined'.
  Type '({ size, color, strokeWidth, className, style, ...rest }: CompatProps) => Element' is not assignable to type 'FunctionComponent<SVGProps<SVGSVGElement>>'.
    Types of parameters '__0' and 'props' are incompatible.
      Type 'SVGProps<SVGSVGElement>' is not assignable to type 'CompatProps'.
        Types of property 'strokeWidth' are incompatible.
          Type 'string | number | undefined' is not assignable to type 'number | undefined'.
            Type 'string' is not assignable to type 'number'.
src/app/(dashboard)/local-engine/engine-browser-accounts.tsx(129,13): error TS2322: Type '({ size, color, strokeWidth, className, style, ...rest }: CompatProps) => Element' is not assignable to type 'LucideIcon'.
  Type '({ size, color, strokeWidth, className, style, ...rest }: CompatProps) => Element' is not assignable to type 'FunctionComponent<SVGProps<SVGSVGElement>>'.
    Types of parameters '__0' and 'props' are incompatible.
      Type 'SVGProps<SVGSVGElement>' is not assignable to type 'CompatProps'.
        Types of property 'strokeWidth' are incompatible.
          Type 'string | number | undefined' is not assignable to type 'number | undefined'.
            Type 'string' is not assignable to type 'number'.
src/app/(dashboard)/local-engine/engine-browser-accounts.tsx(137,24): error TS2322: Type '({ size, color, strokeWidth, className, style, ...rest }: CompatProps) => Element' is not assignable to type 'LucideIcon | undefined'.
  Type '({ size, color, strokeWidth, className, style, ...rest }: CompatProps) => Element' is not assignable to type 'FunctionComponent<SVGProps<SVGSVGElement>>'.
    Types of parameters '__0' and 'props' are incompatible.
      Type 'SVGProps<SVGSVGElement>' is not assignable to type 'CompatProps'.
        Types of property 'strokeWidth' are incompatible.
          Type 'string | number | undefined' is not assignable to type 'number | undefined'.
            Type 'string' is not assignable to type 'number'.
src/app/(dashboard)/local-engine/engine-browser-accounts.tsx(140,26): error TS2322: Type '({ size, color, strokeWidth, className, style, ...rest }: CompatProps) => Element' is not assignable to type 'LucideIcon | undefined'.
  Type '({ size, color, strokeWidth, className, style, ...rest }: CompatProps) => Element' is not assignable to type 'FunctionComponent<SVGProps<SVGSVGElement>>'.
    Types of parameters '__0' and 'props' are incompatible.
      Type 'SVGProps<SVGSVGElement>' is not assignable to type 'CompatProps'.
        Types of property 'strokeWidth' are incompatible.
          Type 'string | number | undefined' is not assignable to type 'number | undefined'.
            Type 'string' is not assignable to type 'number'.
src/app/(dashboard)/local-engine/engine-desktop-check.tsx(173,24): error TS2322: Type '({ size, color, strokeWidth, className, style, ...rest }: CompatProps) => Element' is not assignable to type 'LucideIcon | undefined'.
  Type '({ size, color, strokeWidth, className, style, ...rest }: CompatProps) => Element' is not assignable to type 'FunctionComponent<SVGProps<SVGSVGElement>>'.
    Types of parameters '__0' and 'props' are incompatible.
      Type 'SVGProps<SVGSVGElement>' is not assignable to type 'CompatProps'.
        Types of property 'strokeWidth' are incompatible.
          Type 'string | number | undefined' is not assignable to type 'number | undefined'.
            Type 'string' is not assignable to type 'number'.
src/app/(dashboard)/local-engine/engine-desktop-check.tsx(176,26): error TS2322: Type '({ size, color, strokeWidth, className, style, ...rest }: CompatProps) => Element' is not assignable to type 'LucideIcon | undefined'.
  Type '({ size, color, strokeWidth, className, style, ...rest }: CompatProps) => Element' is not assignable to type 'FunctionComponent<SVGProps<SVGSVGElement>>'.
    Types of parameters '__0' and 'props' are incompatible.
      Type 'SVGProps<SVGSVGElement>' is not assignable to type 'CompatProps'.
        Types of property 'strokeWidth' are incompatible.
          Type 'string | number | undefined' is not assignable to type 'number | undefined'.
            Type 'string' is not assignable to type 'number'.
src/app/(dashboard)/local-engine/engine-evidence.tsx(256,13): error TS2322: Type '({ size, color, strokeWidth, className, style, ...rest }: CompatProps) => Element' is not assignable to type 'LucideIcon'.
  Type '({ size, color, strokeWidth, className, style, ...rest }: CompatProps) => Element' is not assignable to type 'FunctionComponent<SVGProps<SVGSVGElement>>'.
    Types of parameters '__0' and 'props' are incompatible.
      Type 'SVGProps<SVGSVGElement>' is not assignable to type 'CompatProps'.
        Types of property 'strokeWidth' are incompatible.
          Type 'string | number | undefined' is not assignable to type 'number | undefined'.
            Type 'string' is not assignable to type 'number'.
src/app/(dashboard)/local-engine/engine-evidence.tsx(332,24): error TS2322: Type '({ size, color, strokeWidth, className, style, ...rest }: CompatProps) => Element' is not assignable to type 'LucideIcon | undefined'.
  Type '({ size, color, strokeWidth, className, style, ...rest }: CompatProps) => Element' is not assignable to type 'FunctionComponent<SVGProps<SVGSVGElement>>'.
    Types of parameters '__0' and 'props' are incompatible.
      Type 'SVGProps<SVGSVGElement>' is not assignable to type 'CompatProps'.
        Types of property 'strokeWidth' are incompatible.
          Type 'string | number | undefined' is not assignable to type 'number | undefined'.
            Type 'string' is not assignable to type 'number'.
src/app/(dashboard)/local-engine/engine-evidence.tsx(335,24): error TS2322: Type '({ size, color, strokeWidth, className, style, ...rest }: CompatProps) => Element' is not assignable to type 'LucideIcon | undefined'.
  Type '({ size, color, strokeWidth, className, style, ...rest }: CompatProps) => Element' is not assignable to type 'FunctionComponent<SVGProps<SVGSVGElement>>'.
    Types of parameters '__0' and 'props' are incompatible.
      Type 'SVGProps<SVGSVGElement>' is not assignable to type 'CompatProps'.
        Types of property 'strokeWidth' are incompatible.
          Type 'string | number | undefined' is not assignable to type 'number | undefined'.
            Type 'string' is not assignable to type 'number'.
src/app/(dashboard)/local-engine/engine-files.tsx(181,25): error TS2322: Type '({ size, color, strokeWidth, className, style, ...rest }: CompatProps) => Element' is not assignable to type 'LucideIcon'.
  Type '({ size, color, strokeWidth, className, style, ...rest }: CompatProps) => Element' is not assignable to type 'FunctionComponent<SVGProps<SVGSVGElement>>'.
    Types of parameters '__0' and 'props' are incompatible.
      Type 'SVGProps<SVGSVGElement>' is not assignable to type 'CompatProps'.
        Types of property 'strokeWidth' are incompatible.
          Type 'string | number | undefined' is not assignable to type 'number | undefined'.
            Type 'string' is not assignable to type 'number'.
src/app/(dashboard)/local-engine/engine-files.tsx(224,24): error TS2322: Type '({ size, color, strokeWidth, className, style, ...rest }: CompatProps) => Element' is not assignable to type 'LucideIcon | undefined'.
  Type '({ size, color, strokeWidth, className, style, ...rest }: CompatProps) => Element' is not assignable to type 'FunctionComponent<SVGProps<SVGSVGElement>>'.
    Types of parameters '__0' and 'props' are incompatible.
      Type 'SVGProps<SVGSVGElement>' is not assignable to type 'CompatProps'.
        Types of property 'strokeWidth' are incompatible.
          Type 'string | number | undefined' is not assignable to type 'number | undefined'.
            Type 'string' is not assignable to type 'number'.
src/app/(dashboard)/local-engine/engine-files.tsx(227,26): error TS2322: Type '({ size, color, strokeWidth, className, style, ...rest }: CompatProps) => Element' is not assignable to type 'LucideIcon | undefined'.
  Type '({ size, color, strokeWidth, className, style, ...rest }: CompatProps) => Element' is not assignable to type 'FunctionComponent<SVGProps<SVGSVGElement>>'.
    Types of parameters '__0' and 'props' are incompatible.
      Type 'SVGProps<SVGSVGElement>' is not assignable to type 'CompatProps'.
        Types of property 'strokeWidth' are incompatible.
          Type 'string | number | undefined' is not assignable to type 'number | undefined'.
            Type 'string' is not assignable to type 'number'.
src/app/(dashboard)/local-engine/engine-health-center.tsx(127,11): error TS2322: Type '({ size, color, strokeWidth, className, style, ...rest }: CompatProps) => Element' is not assignable to type 'LucideIcon'.
  Type '({ size, color, strokeWidth, className, style, ...rest }: CompatProps) => Element' is not assignable to type 'FunctionComponent<SVGProps<SVGSVGElement>>'.
    Types of parameters '__0' and 'props' are incompatible.
      Type 'SVGProps<SVGSVGElement>' is not assignable to type 'CompatProps'.
        Types of property 'strokeWidth' are incompatible.
          Type 'string | number | undefined' is not assignable to type 'number | undefined'.
            Type 'string' is not assignable to type 'number'.
src/app/(dashboard)/local-engine/engine-health-center.tsx(139,11): error TS2322: Type '({ size, color, strokeWidth, className, style, ...rest }: CompatProps) => Element' is not assignable to type 'LucideIcon'.
  Type '({ size, color, strokeWidth, className, style, ...rest }: CompatProps) => Element' is not assignable to type 'FunctionComponent<SVGProps<SVGSVGElement>>'.
    Types of parameters '__0' and 'props' are incompatible.
      Type 'SVGProps<SVGSVGElement>' is not assignable to type 'CompatProps'.
        Types of property 'strokeWidth' are incompatible.
          Type 'string | number | undefined' is not assignable to type 'number | undefined'.
            Type 'string' is not assignable to type 'number'.
src/app/(dashboard)/local-engine/engine-health-center.tsx(149,11): error TS2322: Type '({ size, color, strokeWidth, className, style, ...rest }: CompatProps) => Element' is not assignable to type 'LucideIcon'.
  Type '({ size, color, strokeWidth, className, style, ...rest }: CompatProps) => Element' is not assignable to type 'FunctionComponent<SVGProps<SVGSVGElement>>'.
    Types of parameters '__0' and 'props' are incompatible.
      Type 'SVGProps<SVGSVGElement>' is not assignable to type 'CompatProps'.
        Types of property 'strokeWidth' are incompatible.
          Type 'string | number | undefined' is not assignable to type 'number | undefined'.
            Type 'string' is not assignable to type 'number'.
src/app/(dashboard)/local-engine/engine-health-center.tsx(176,7): error TS2322: Type '({ size, color, strokeWidth, className, style, ...rest }: CompatProps) => Element' is not assignable to type 'LucideIcon'.
  Type '({ size, color, strokeWidth, className, style, ...rest }: CompatProps) => Element' is not assignable to type 'FunctionComponent<SVGProps<SVGSVGElement>>'.
    Types of parameters '__0' and 'props' are incompatible.
      Type 'SVGProps<SVGSVGElement>' is not assignable to type 'CompatProps'.
        Types of property 'strokeWidth' are incompatible.
          Type 'string | number | undefined' is not assignable to type 'number | undefined'.
            Type 'string' is not assignable to type 'number'.
src/app/(dashboard)/local-engine/engine-health-center.tsx(183,7): error TS2322: Type '({ size, color, strokeWidth, className, style, ...rest }: CompatProps) => Element' is not assignable to type 'LucideIcon'.
  Type '({ size, color, strokeWidth, className, style, ...rest }: CompatProps) => Element' is not assignable to type 'FunctionComponent<SVGProps<SVGSVGElement>>'.
    Types of parameters '__0' and 'props' are incompatible.
      Type 'SVGProps<SVGSVGElement>' is not assignable to type 'CompatProps'.
        Types of property 'strokeWidth' are incompatible.
          Type 'string | number | undefined' is not assignable to type 'number | undefined'.
            Type 'string' is not assignable to type 'number'.
src/app/(dashboard)/local-engine/engine-health-center.tsx(190,7): error TS2322: Type '({ size, color, strokeWidth, className, style, ...rest }: CompatProps) => Element' is not assignable to type 'LucideIcon'.
  Type '({ size, color, strokeWidth, className, style, ...rest }: CompatProps) => Element' is not assignable to type 'FunctionComponent<SVGProps<SVGSVGElement>>'.
    Types of parameters '__0' and 'props' are incompatible.
      Type 'SVGProps<SVGSVGElement>' is not assignable to type 'CompatProps'.
        Types of property 'strokeWidth' are incompatible.
          Type 'string | number | undefined' is not assignable to type 'number | undefined'.
            Type 'string' is not assignable to type 'number'.
src/app/(dashboard)/local-engine/engine-health-center.tsx(197,7): error TS2322: Type '({ size, color, strokeWidth, className, style, ...rest }: CompatProps) => Element' is not assignable to type 'LucideIcon'.
  Type '({ size, color, strokeWidth, className, style, ...rest }: CompatProps) => Element' is not assignable to type 'FunctionComponent<SVGProps<SVGSVGElement>>'.
    Types of parameters '__0' and 'props' are incompatible.
      Type 'SVGProps<SVGSVGElement>' is not assignable to type 'CompatProps'.
        Types of property 'strokeWidth' are incompatible.
          Type 'string | number | undefined' is not assignable to type 'number | undefined'.
            Type 'string' is not assignable to type 'number'.
src/app/(dashboard)/local-engine/engine-interaction-console.tsx(131,13): error TS2322: Type '({ size, color, strokeWidth, className, style, ...rest }: CompatProps) => Element' is not assignable to type 'LucideIcon'.
  Type '({ size, color, strokeWidth, className, style, ...rest }: CompatProps) => Element' is not assignable to type 'FunctionComponent<SVGProps<SVGSVGElement>>'.
    Types of parameters '__0' and 'props' are incompatible.
      Type 'SVGProps<SVGSVGElement>' is not assignable to type 'CompatProps'.
        Types of property 'strokeWidth' are incompatible.
          Type 'string | number | undefined' is not assignable to type 'number | undefined'.
            Type 'string' is not assignable to type 'number'.
src/app/(dashboard)/local-engine/engine-interaction-console.tsx(183,21): error TS2322: Type '({ size, color, strokeWidth, className, style, ...rest }: CompatProps) => Element' is not assignable to type 'LucideIcon | undefined'.
  Type '({ size, color, strokeWidth, className, style, ...rest }: CompatProps) => Element' is not assignable to type 'FunctionComponent<SVGProps<SVGSVGElement>>'.
    Types of parameters '__0' and 'props' are incompatible.
      Type 'SVGProps<SVGSVGElement>' is not assignable to type 'CompatProps'.
        Types of property 'strokeWidth' are incompatible.
          Type 'string | number | undefined' is not assignable to type 'number | undefined'.
            Type 'string' is not assignable to type 'number'.
src/app/(dashboard)/local-engine/engine-interaction-console.tsx(197,24): error TS2322: Type '({ size, color, strokeWidth, className, style, ...rest }: CompatProps) => Element' is not assignable to type 'LucideIcon | undefined'.
  Type '({ size, color, strokeWidth, className, style, ...rest }: CompatProps) => Element' is not assignable to type 'FunctionComponent<SVGProps<SVGSVGElement>>'.
    Types of parameters '__0' and 'props' are incompatible.
      Type 'SVGProps<SVGSVGElement>' is not assignable to type 'CompatProps'.
        Types of property 'strokeWidth' are incompatible.
          Type 'string | number | undefined' is not assignable to type 'number | undefined'.
            Type 'string' is not assignable to type 'number'.
src/app/(dashboard)/local-engine/engine-interaction-console.tsx(200,24): error TS2322: Type '({ size, color, strokeWidth, className, style, ...rest }: CompatProps) => Element' is not assignable to type 'LucideIcon | undefined'.
  Type '({ size, color, strokeWidth, className, style, ...rest }: CompatProps) => Element' is not assignable to type 'FunctionComponent<SVGProps<SVGSVGElement>>'.
    Types of parameters '__0' and 'props' are incompatible.
      Type 'SVGProps<SVGSVGElement>' is not assignable to type 'CompatProps'.
        Types of property 'strokeWidth' are incompatible.
          Type 'string | number | undefined' is not assignable to type 'number | undefined'.
            Type 'string' is not assignable to type 'number'.
src/app/(dashboard)/local-engine/engine-logs.tsx(178,24): error TS2322: Type '({ size, color, strokeWidth, className, style, ...rest }: CompatProps) => Element' is not assignable to type 'LucideIcon | undefined'.
  Type '({ size, color, strokeWidth, className, style, ...rest }: CompatProps) => Element' is not assignable to type 'FunctionComponent<SVGProps<SVGSVGElement>>'.
    Types of parameters '__0' and 'props' are incompatible.
      Type 'SVGProps<SVGSVGElement>' is not assignable to type 'CompatProps'.
        Types of property 'strokeWidth' are incompatible.
          Type 'string | number | undefined' is not assignable to type 'number | undefined'.
            Type 'string' is not assignable to type 'number'.
src/app/(dashboard)/local-engine/engine-permissions.tsx(223,26): error TS2322: Type '({ size, color, strokeWidth, className, style, ...rest }: CompatProps) => Element' is not assignable to type 'LucideIcon | undefined'.
  Type '({ size, color, strokeWidth, className, style, ...rest }: CompatProps) => Element' is not assignable to type 'FunctionComponent<SVGProps<SVGSVGElement>>'.
    Types of parameters '__0' and 'props' are incompatible.
      Type 'SVGProps<SVGSVGElement>' is not assignable to type 'CompatProps'.
        Types of property 'strokeWidth' are incompatible.
          Type 'string | number | undefined' is not assignable to type 'number | undefined'.
            Type 'string' is not assignable to type 'number'.
src/app/(dashboard)/local-engine/engine-remote.tsx(213,24): error TS2322: Type '({ size, color, strokeWidth, className, style, ...rest }: CompatProps) => Element' is not assignable to type 'LucideIcon | undefined'.
  Type '({ size, color, strokeWidth, className, style, ...rest }: CompatProps) => Element' is not assignable to type 'FunctionComponent<SVGProps<SVGSVGElement>>'.
    Types of parameters '__0' and 'props' are incompatible.
      Type 'SVGProps<SVGSVGElement>' is not assignable to type 'CompatProps'.
        Types of property 'strokeWidth' are incompatible.
          Type 'string | number | undefined' is not assignable to type 'number | undefined'.
            Type 'string' is not assignable to type 'number'.
src/app/(dashboard)/local-engine/engine-remote.tsx(216,24): error TS2322: Type '({ size, color, strokeWidth, className, style, ...rest }: CompatProps) => Element' is not assignable to type 'LucideIcon | undefined'.
  Type '({ size, color, strokeWidth, className, style, ...rest }: CompatProps) => Element' is not assignable to type 'FunctionComponent<SVGProps<SVGSVGElement>>'.
    Types of parameters '__0' and 'props' are incompatible.
      Type 'SVGProps<SVGSVGElement>' is not assignable to type 'CompatProps'.
        Types of property 'strokeWidth' are incompatible.
          Type 'string | number | undefined' is not assignable to type 'number | undefined'.
            Type 'string' is not assignable to type 'number'.
src/app/(dashboard)/local-engine/engine-run-detail.tsx(184,24): error TS2322: Type '({ size, color, strokeWidth, className, style, ...rest }: CompatProps) => Element' is not assignable to type 'LucideIcon | undefined'.
  Type '({ size, color, strokeWidth, className, style, ...rest }: CompatProps) => Element' is not assignable to type 'FunctionComponent<SVGProps<SVGSVGElement>>'.
    Types of parameters '__0' and 'props' are incompatible.
      Type 'SVGProps<SVGSVGElement>' is not assignable to type 'CompatProps'.
        Types of property 'strokeWidth' are incompatible.
          Type 'string | number | undefined' is not assignable to type 'number | undefined'.
            Type 'string' is not assignable to type 'number'.
src/app/(dashboard)/local-engine/engine-run-detail.tsx(187,26): error TS2322: Type '({ size, color, strokeWidth, className, style, ...rest }: CompatProps) => Element' is not assignable to type 'LucideIcon | undefined'.
  Type '({ size, color, strokeWidth, className, style, ...rest }: CompatProps) => Element' is not assignable to type 'FunctionComponent<SVGProps<SVGSVGElement>>'.
    Types of parameters '__0' and 'props' are incompatible.
      Type 'SVGProps<SVGSVGElement>' is not assignable to type 'CompatProps'.
        Types of property 'strokeWidth' are incompatible.
          Type 'string | number | undefined' is not assignable to type 'number | undefined'.
            Type 'string' is not assignable to type 'number'.
src/app/(dashboard)/local-engine/engine-task-records.tsx(313,13): error TS2322: Type '({ size, color, strokeWidth, className, style, ...rest }: CompatProps) => Element' is not assignable to type 'LucideIcon'.
  Type '({ size, color, strokeWidth, className, style, ...rest }: CompatProps) => Element' is not assignable to type 'FunctionComponent<SVGProps<SVGSVGElement>>'.
    Types of parameters '__0' and 'props' are incompatible.
      Type 'SVGProps<SVGSVGElement>' is not assignable to type 'CompatProps'.
        Types of property 'strokeWidth' are incompatible.
          Type 'string | number | undefined' is not assignable to type 'number | undefined'.
            Type 'string' is not assignable to type 'number'.
src/app/(dashboard)/local-engine/engine-task-records.tsx(351,25): error TS2322: Type '({ size, color, strokeWidth, className, style, ...rest }: CompatProps) => Element' is not assignable to type 'LucideIcon | undefined'.
  Type '({ size, color, strokeWidth, className, style, ...rest }: CompatProps) => Element' is not assignable to type 'FunctionComponent<SVGProps<SVGSVGElement>>'.
    Types of parameters '__0' and 'props' are incompatible.
      Type 'SVGProps<SVGSVGElement>' is not assignable to type 'CompatProps'.
        Types of property 'strokeWidth' are incompatible.
          Type 'string | number | undefined' is not assignable to type 'number | undefined'.
            Type 'string' is not assignable to type 'number'.
src/app/(dashboard)/local-engine/engine-task-records.tsx(360,25): error TS2322: Type '({ size, color, strokeWidth, className, style, ...rest }: CompatProps) => Element' is not assignable to type 'LucideIcon | undefined'.
  Type '({ size, color, strokeWidth, className, style, ...rest }: CompatProps) => Element' is not assignable to type 'FunctionComponent<SVGProps<SVGSVGElement>>'.
    Types of parameters '__0' and 'props' are incompatible.
      Type 'SVGProps<SVGSVGElement>' is not assignable to type 'CompatProps'.
        Types of property 'strokeWidth' are incompatible.
          Type 'string | number | undefined' is not assignable to type 'number | undefined'.
            Type 'string' is not assignable to type 'number'.
src/app/(dashboard)/local-engine/engine-task-records.tsx(369,25): error TS2322: Type '({ size, color, strokeWidth, className, style, ...rest }: CompatProps) => Element' is not assignable to type 'LucideIcon | undefined'.
  Type '({ size, color, strokeWidth, className, style, ...rest }: CompatProps) => Element' is not assignable to type 'FunctionComponent<SVGProps<SVGSVGElement>>'.
    Types of parameters '__0' and 'props' are incompatible.
      Type 'SVGProps<SVGSVGElement>' is not assignable to type 'CompatProps'.
        Types of property 'strokeWidth' are incompatible.
          Type 'string | number | undefined' is not assignable to type 'number | undefined'.
            Type 'string' is not assignable to type 'number'.
src/app/(dashboard)/local-engine/engine-task-records.tsx(378,25): error TS2322: Type '({ size, color, strokeWidth, className, style, ...rest }: CompatProps) => Element' is not assignable to type 'LucideIcon | undefined'.
  Type '({ size, color, strokeWidth, className, style, ...rest }: CompatProps) => Element' is not assignable to type 'FunctionComponent<SVGProps<SVGSVGElement>>'.
    Types of parameters '__0' and 'props' are incompatible.
      Type 'SVGProps<SVGSVGElement>' is not assignable to type 'CompatProps'.
        Types of property 'strokeWidth' are incompatible.
          Type 'string | number | undefined' is not assignable to type 'number | undefined'.
            Type 'string' is not assignable to type 'number'.
src/app/(dashboard)/materials/materials-center.tsx(1169,13): error TS2322: Type '({ size, color, strokeWidth, className, style, ...rest }: CompatProps) => Element' is not assignable to type 'LucideIcon | undefined'.
  Type '({ size, color, strokeWidth, className, style, ...rest }: CompatProps) => Element' is not assignable to type 'FunctionComponent<SVGProps<SVGSVGElement>>'.
    Types of parameters '__0' and 'props' are incompatible.
      Type 'SVGProps<SVGSVGElement>' is not assignable to type 'CompatProps'.
        Types of property 'strokeWidth' are incompatible.
          Type 'string | number | undefined' is not assignable to type 'number | undefined'.
            Type 'string' is not assignable to type 'number'.
src/app/(dashboard)/materials/materials-center.tsx(1229,28): error TS2322: Type '({ size, color, strokeWidth, className, style, ...rest }: CompatProps) => Element' is not assignable to type 'LucideIcon | undefined'.
  Type '({ size, color, strokeWidth, className, style, ...rest }: CompatProps) => Element' is not assignable to type 'FunctionComponent<SVGProps<SVGSVGElement>>'.
    Types of parameters '__0' and 'props' are incompatible.
      Type 'SVGProps<SVGSVGElement>' is not assignable to type 'CompatProps'.
        Types of property 'strokeWidth' are incompatible.
          Type 'string | number | undefined' is not assignable to type 'number | undefined'.
            Type 'string' is not assignable to type 'number'.
src/app/(dashboard)/materials/materials-center.tsx(1301,13): error TS2322: Type '({ size, color, strokeWidth, className, style, ...rest }: CompatProps) => Element' is not assignable to type 'LucideIcon'.
  Type '({ size, color, strokeWidth, className, style, ...rest }: CompatProps) => Element' is not assignable to type 'FunctionComponent<SVGProps<SVGSVGElement>>'.
    Types of parameters '__0' and 'props' are incompatible.
      Type 'SVGProps<SVGSVGElement>' is not assignable to type 'CompatProps'.
        Types of property 'strokeWidth' are incompatible.
          Type 'string | number | undefined' is not assignable to type 'number | undefined'.
            Type 'string' is not assignable to type 'number'.
src/app/(dashboard)/materials/materials-center.tsx(1306,34): error TS2322: Type '({ size, color, strokeWidth, className, style, ...rest }: CompatProps) => Element' is not assignable to type 'LucideIcon | undefined'.
  Type '({ size, color, strokeWidth, className, style, ...rest }: CompatProps) => Element' is not assignable to type 'FunctionComponent<SVGProps<SVGSVGElement>>'.
    Types of parameters '__0' and 'props' are incompatible.
      Type 'SVGProps<SVGSVGElement>' is not assignable to type 'CompatProps'.
        Types of property 'strokeWidth' are incompatible.
          Type 'string | number | undefined' is not assignable to type 'number | undefined'.
            Type 'string' is not assignable to type 'number'.
src/app/(dashboard)/materials/materials-center.tsx(1411,26): error TS2322: Type '({ size, color, strokeWidth, className, style, ...rest }: CompatProps) => Element' is not assignable to type 'LucideIcon | undefined'.
  Type '({ size, color, strokeWidth, className, style, ...rest }: CompatProps) => Element' is not assignable to type 'FunctionComponent<SVGProps<SVGSVGElement>>'.
    Types of parameters '__0' and 'props' are incompatible.
      Type 'SVGProps<SVGSVGElement>' is not assignable to type 'CompatProps'.
        Types of property 'strokeWidth' are incompatible.
          Type 'string | number | undefined' is not assignable to type 'number | undefined'.
            Type 'string' is not assignable to type 'number'.
src/app/(dashboard)/platforms/platform-account-form.tsx(340,15): error TS2322: Type '({ size, color, strokeWidth, className, style, ...rest }: CompatProps) => Element' is not assignable to type 'LucideIcon'.
  Type '({ size, color, strokeWidth, className, style, ...rest }: CompatProps) => Element' is not assignable to type 'FunctionComponent<SVGProps<SVGSVGElement>>'.
    Types of parameters '__0' and 'props' are incompatible.
      Type 'SVGProps<SVGSVGElement>' is not assignable to type 'CompatProps'.
        Types of property 'strokeWidth' are incompatible.
          Type 'string | number | undefined' is not assignable to type 'number | undefined'.
            Type 'string' is not assignable to type 'number'.
src/app/(dashboard)/platforms/platform-account-form.tsx(459,26): error TS2322: Type '({ size, color, strokeWidth, className, style, ...rest }: CompatProps) => Element' is not assignable to type 'LucideIcon | undefined'.
  Type '({ size, color, strokeWidth, className, style, ...rest }: CompatProps) => Element' is not assignable to type 'FunctionComponent<SVGProps<SVGSVGElement>>'.
    Types of parameters '__0' and 'props' are incompatible.
      Type 'SVGProps<SVGSVGElement>' is not assignable to type 'CompatProps'.
        Types of property 'strokeWidth' are incompatible.
          Type 'string | number | undefined' is not assignable to type 'number | undefined'.
            Type 'string' is not assignable to type 'number'.
src/app/(dashboard)/platforms/platform-account-form.tsx(464,15): error TS2322: Type '({ size, color, strokeWidth, className, style, ...rest }: CompatProps) => Element' is not assignable to type 'LucideIcon | undefined'.
  Type '({ size, color, strokeWidth, className, style, ...rest }: CompatProps) => Element' is not assignable to type 'FunctionComponent<SVGProps<SVGSVGElement>>'.
    Types of parameters '__0' and 'props' are incompatible.
      Type 'SVGProps<SVGSVGElement>' is not assignable to type 'CompatProps'.
        Types of property 'strokeWidth' are incompatible.
          Type 'string | number | undefined' is not assignable to type 'number | undefined'.
            Type 'string' is not assignable to type 'number'.
src/app/(dashboard)/platforms/platform-account-form.tsx(474,11): error TS2322: Type '({ size, color, strokeWidth, className, style, ...rest }: CompatProps) => Element' is not assignable to type 'LucideIcon | undefined'.
  Type '({ size, color, strokeWidth, className, style, ...rest }: CompatProps) => Element' is not assignable to type 'FunctionComponent<SVGProps<SVGSVGElement>>'.
    Types of parameters '__0' and 'props' are incompatible.
      Type 'SVGProps<SVGSVGElement>' is not assignable to type 'CompatProps'.
        Types of property 'strokeWidth' are incompatible.
          Type 'string | number | undefined' is not assignable to type 'number | undefined'.
            Type 'string' is not assignable to type 'number'.
src/app/(dashboard)/platforms/platforms-center.tsx(69,9): error TS2322: Type '({ size, color, strokeWidth, className, style, ...rest }: CompatProps) => Element' is not assignable to type 'LucideIcon'.
  Type '({ size, color, strokeWidth, className, style, ...rest }: CompatProps) => Element' is not assignable to type 'FunctionComponent<SVGProps<SVGSVGElement>>'.
    Types of parameters '__0' and 'props' are incompatible.
      Type 'SVGProps<SVGSVGElement>' is not assignable to type 'CompatProps'.
        Types of property 'strokeWidth' are incompatible.
          Type 'string | number | undefined' is not assignable to type 'number | undefined'.
            Type 'string' is not assignable to type 'number'.
src/app/(dashboard)/schedules/schedule-form.tsx(244,15): error TS2322: Type '({ size, color, strokeWidth, className, style, ...rest }: CompatProps) => Element' is not assignable to type 'LucideIcon'.
  Type '({ size, color, strokeWidth, className, style, ...rest }: CompatProps) => Element' is not assignable to type 'FunctionComponent<SVGProps<SVGSVGElement>>'.
    Types of parameters '__0' and 'props' are incompatible.
      Type 'SVGProps<SVGSVGElement>' is not assignable to type 'CompatProps'.
        Types of property 'strokeWidth' are incompatible.
          Type 'string | number | undefined' is not assignable to type 'number | undefined'.
            Type 'string' is not assignable to type 'number'.
src/app/(dashboard)/schedules/schedule-form.tsx(293,26): error TS2322: Type '({ size, color, strokeWidth, className, style, ...rest }: CompatProps) => Element' is not assignable to type 'LucideIcon | undefined'.
  Type '({ size, color, strokeWidth, className, style, ...rest }: CompatProps) => Element' is not assignable to type 'FunctionComponent<SVGProps<SVGSVGElement>>'.
    Types of parameters '__0' and 'props' are incompatible.
      Type 'SVGProps<SVGSVGElement>' is not assignable to type 'CompatProps'.
        Types of property 'strokeWidth' are incompatible.
          Type 'string | number | undefined' is not assignable to type 'number | undefined'.
            Type 'string' is not assignable to type 'number'.
src/app/(dashboard)/schedules/schedules-center.tsx(80,9): error TS2322: Type '({ size, color, strokeWidth, className, style, ...rest }: CompatProps) => Element' is not assignable to type 'LucideIcon'.
  Type '({ size, color, strokeWidth, className, style, ...rest }: CompatProps) => Element' is not assignable to type 'FunctionComponent<SVGProps<SVGSVGElement>>'.
    Types of parameters '__0' and 'props' are incompatible.
      Type 'SVGProps<SVGSVGElement>' is not assignable to type 'CompatProps'.
        Types of property 'strokeWidth' are incompatible.
          Type 'string | number | undefined' is not assignable to type 'number | undefined'.
            Type 'string' is not assignable to type 'number'.
src/app/(dashboard)/settings/ai-service-settings.tsx(325,17): error TS2322: Type '({ size, color, strokeWidth, className, style, ...rest }: CompatProps) => Element' is not assignable to type 'LucideIcon | undefined'.
  Type '({ size, color, strokeWidth, className, style, ...rest }: CompatProps) => Element' is not assignable to type 'FunctionComponent<SVGProps<SVGSVGElement>>'.
    Types of parameters '__0' and 'props' are incompatible.
      Type 'SVGProps<SVGSVGElement>' is not assignable to type 'CompatProps'.
        Types of property 'strokeWidth' are incompatible.
          Type 'string | number | undefined' is not assignable to type 'number | undefined'.
            Type 'string' is not assignable to type 'number'.
src/app/(dashboard)/settings/ai-service-settings.tsx(337,17): error TS2322: Type '({ size, color, strokeWidth, className, style, ...rest }: CompatProps) => Element' is not assignable to type 'LucideIcon | undefined'.
  Type '({ size, color, strokeWidth, className, style, ...rest }: CompatProps) => Element' is not assignable to type 'FunctionComponent<SVGProps<SVGSVGElement>>'.
    Types of parameters '__0' and 'props' are incompatible.
      Type 'SVGProps<SVGSVGElement>' is not assignable to type 'CompatProps'.
        Types of property 'strokeWidth' are incompatible.
          Type 'string | number | undefined' is not assignable to type 'number | undefined'.
            Type 'string' is not assignable to type 'number'.
src/app/(dashboard)/settings/ai-service-settings.tsx(374,15): error TS2322: Type '({ size, color, strokeWidth, className, style, ...rest }: CompatProps) => Element' is not assignable to type 'LucideIcon | undefined'.
  Type '({ size, color, strokeWidth, className, style, ...rest }: CompatProps) => Element' is not assignable to type 'FunctionComponent<SVGProps<SVGSVGElement>>'.
    Types of parameters '__0' and 'props' are incompatible.
      Type 'SVGProps<SVGSVGElement>' is not assignable to type 'CompatProps'.
        Types of property 'strokeWidth' are incompatible.
          Type 'string | number | undefined' is not assignable to type 'number | undefined'.
            Type 'string' is not assignable to type 'number'.
src/app/(dashboard)/settings/ai-service-settings.tsx(429,13): error TS2322: Type '({ size, color, strokeWidth, className, style, ...rest }: CompatProps) => Element' is not assignable to type 'LucideIcon'.
  Type '({ size, color, strokeWidth, className, style, ...rest }: CompatProps) => Element' is not assignable to type 'FunctionComponent<SVGProps<SVGSVGElement>>'.
    Types of parameters '__0' and 'props' are incompatible.
      Type 'SVGProps<SVGSVGElement>' is not assignable to type 'CompatProps'.
        Types of property 'strokeWidth' are incompatible.
          Type 'string | number | undefined' is not assignable to type 'number | undefined'.
            Type 'string' is not assignable to type 'number'.
src/app/(dashboard)/settings/ai-service-settings.tsx(434,17): error TS2322: Type '({ size, color, strokeWidth, className, style, ...rest }: CompatProps) => Element' is not assignable to type 'LucideIcon | undefined'.
  Type '({ size, color, strokeWidth, className, style, ...rest }: CompatProps) => Element' is not assignable to type 'FunctionComponent<SVGProps<SVGSVGElement>>'.
    Types of parameters '__0' and 'props' are incompatible.
      Type 'SVGProps<SVGSVGElement>' is not assignable to type 'CompatProps'.
        Types of property 'strokeWidth' are incompatible.
          Type 'string | number | undefined' is not assignable to type 'number | undefined'.
            Type 'string' is not assignable to type 'number'.
src/app/(dashboard)/settings/ai-service-settings.tsx(448,15): error TS2322: Type '({ size, color, strokeWidth, className, style, ...rest }: CompatProps) => Element' is not assignable to type 'LucideIcon | undefined'.
  Type '({ size, color, strokeWidth, className, style, ...rest }: CompatProps) => Element' is not assignable to type 'FunctionComponent<SVGProps<SVGSVGElement>>'.
    Types of parameters '__0' and 'props' are incompatible.
      Type 'SVGProps<SVGSVGElement>' is not assignable to type 'CompatProps'.
        Types of property 'strokeWidth' are incompatible.
          Type 'string | number | undefined' is not assignable to type 'number | undefined'.
            Type 'string' is not assignable to type 'number'.
src/app/(dashboard)/settings/ai-service-settings.tsx(456,15): error TS2322: Type '({ size, color, strokeWidth, className, style, ...rest }: CompatProps) => Element' is not assignable to type 'LucideIcon | undefined'.
  Type '({ size, color, strokeWidth, className, style, ...rest }: CompatProps) => Element' is not assignable to type 'FunctionComponent<SVGProps<SVGSVGElement>>'.
    Types of parameters '__0' and 'props' are incompatible.
      Type 'SVGProps<SVGSVGElement>' is not assignable to type 'CompatProps'.
        Types of property 'strokeWidth' are incompatible.
          Type 'string | number | undefined' is not assignable to type 'number | undefined'.
            Type 'string' is not assignable to type 'number'.
src/app/(dashboard)/settings/settings-center.tsx(17,7): error TS2322: Type '({ size, color, strokeWidth, className, style, ...rest }: CompatProps) => Element' is not assignable to type 'LucideIcon'.
  Type '({ size, color, strokeWidth, className, style, ...rest }: CompatProps) => Element' is not assignable to type 'FunctionComponent<SVGProps<SVGSVGElement>>'.
    Types of parameters '__0' and 'props' are incompatible.
      Type 'SVGProps<SVGSVGElement>' is not assignable to type 'CompatProps'.
        Types of property 'strokeWidth' are incompatible.
          Type 'string | number | undefined' is not assignable to type 'number | undefined'.
            Type 'string' is not assignable to type 'number'.
src/app/(dashboard)/settings/settings-center.tsx(23,11): error TS2322: Type '({ size, color, strokeWidth, className, style, ...rest }: CompatProps) => Element' is not assignable to type 'LucideIcon | undefined'.
  Type '({ size, color, strokeWidth, className, style, ...rest }: CompatProps) => Element' is not assignable to type 'FunctionComponent<SVGProps<SVGSVGElement>>'.
    Types of parameters '__0' and 'props' are incompatible.
      Type 'SVGProps<SVGSVGElement>' is not assignable to type 'CompatProps'.
        Types of property 'strokeWidth' are incompatible.
          Type 'string | number | undefined' is not assignable to type 'number | undefined'.
            Type 'string' is not assignable to type 'number'.
src/app/(dashboard)/settings/settings-center.tsx(30,11): error TS2322: Type '({ size, color, strokeWidth, className, style, ...rest }: CompatProps) => Element' is not assignable to type 'LucideIcon | undefined'.
  Type '({ size, color, strokeWidth, className, style, ...rest }: CompatProps) => Element' is not assignable to type 'FunctionComponent<SVGProps<SVGSVGElement>>'.
    Types of parameters '__0' and 'props' are incompatible.
      Type 'SVGProps<SVGSVGElement>' is not assignable to type 'CompatProps'.
        Types of property 'strokeWidth' are incompatible.
          Type 'string | number | undefined' is not assignable to type 'number | undefined'.
            Type 'string' is not assignable to type 'number'.
src/app/(dashboard)/settings/settings-center.tsx(37,11): error TS2322: Type '({ size, color, strokeWidth, className, style, ...rest }: CompatProps) => Element' is not assignable to type 'LucideIcon | undefined'.
  Type '({ size, color, strokeWidth, className, style, ...rest }: CompatProps) => Element' is not assignable to type 'FunctionComponent<SVGProps<SVGSVGElement>>'.
    Types of parameters '__0' and 'props' are incompatible.
      Type 'SVGProps<SVGSVGElement>' is not assignable to type 'CompatProps'.
        Types of property 'strokeWidth' are incompatible.
          Type 'string | number | undefined' is not assignable to type 'number | undefined'.
            Type 'string' is not assignable to type 'number'.
src/app/(dashboard)/settings/settings-center.tsx(44,11): error TS2322: Type '({ size, color, strokeWidth, className, style, ...rest }: CompatProps) => Element' is not assignable to type 'LucideIcon | undefined'.
  Type '({ size, color, strokeWidth, className, style, ...rest }: CompatProps) => Element' is not assignable to type 'FunctionComponent<SVGProps<SVGSVGElement>>'.
    Types of parameters '__0' and 'props' are incompatible.
      Type 'SVGProps<SVGSVGElement>' is not assignable to type 'CompatProps'.
        Types of property 'strokeWidth' are incompatible.
          Type 'string | number | undefined' is not assignable to type 'number | undefined'.
            Type 'string' is not assignable to type 'number'.
src/app/(dashboard)/settings/settings-detail.tsx(342,26): error TS2322: Type '({ size, color, strokeWidth, className, style, ...rest }: CompatProps) => Element' is not assignable to type 'LucideIcon | undefined'.
  Type '({ size, color, strokeWidth, className, style, ...rest }: CompatProps) => Element' is not assignable to type 'FunctionComponent<SVGProps<SVGSVGElement>>'.
    Types of parameters '__0' and 'props' are incompatible.
      Type 'SVGProps<SVGSVGElement>' is not assignable to type 'CompatProps'.
        Types of property 'strokeWidth' are incompatible.
          Type 'string | number | undefined' is not assignable to type 'number | undefined'.
            Type 'string' is not assignable to type 'number'.
src/app/(dashboard)/settings/settings-detail.tsx(358,24): error TS2322: Type '({ size, color, strokeWidth, className, style, ...rest }: CompatProps) => Element' is not assignable to type 'LucideIcon | undefined'.
  Type '({ size, color, strokeWidth, className, style, ...rest }: CompatProps) => Element' is not assignable to type 'FunctionComponent<SVGProps<SVGSVGElement>>'.
    Types of parameters '__0' and 'props' are incompatible.
      Type 'SVGProps<SVGSVGElement>' is not assignable to type 'CompatProps'.
        Types of property 'strokeWidth' are incompatible.
          Type 'string | number | undefined' is not assignable to type 'number | undefined'.
            Type 'string' is not assignable to type 'number'.
src/app/(dashboard)/settings/settings-integrations.tsx(131,17): error TS2322: Type '({ size, color, strokeWidth, className, style, ...rest }: CompatProps) => Element' is not assignable to type 'LucideIcon'.
  Type '({ size, color, strokeWidth, className, style, ...rest }: CompatProps) => Element' is not assignable to type 'FunctionComponent<SVGProps<SVGSVGElement>>'.
    Types of parameters '__0' and 'props' are incompatible.
      Type 'SVGProps<SVGSVGElement>' is not assignable to type 'CompatProps'.
        Types of property 'strokeWidth' are incompatible.
          Type 'string | number | undefined' is not assignable to type 'number | undefined'.
            Type 'string' is not assignable to type 'number'.
src/app/(dashboard)/settings/settings-integrations.tsx(191,30): error TS2322: Type '({ size, color, strokeWidth, className, style, ...rest }: CompatProps) => Element' is not assignable to type 'LucideIcon | undefined'.
  Type '({ size, color, strokeWidth, className, style, ...rest }: CompatProps) => Element' is not assignable to type 'FunctionComponent<SVGProps<SVGSVGElement>>'.
    Types of parameters '__0' and 'props' are incompatible.
      Type 'SVGProps<SVGSVGElement>' is not assignable to type 'CompatProps'.
        Types of property 'strokeWidth' are incompatible.
          Type 'string | number | undefined' is not assignable to type 'number | undefined'.
            Type 'string' is not assignable to type 'number'.
src/app/(dashboard)/settings/settings-integrations.tsx(197,30): error TS2322: Type '({ size, color, strokeWidth, className, style, ...rest }: CompatProps) => Element' is not assignable to type 'LucideIcon | undefined'.
  Type '({ size, color, strokeWidth, className, style, ...rest }: CompatProps) => Element' is not assignable to type 'FunctionComponent<SVGProps<SVGSVGElement>>'.
    Types of parameters '__0' and 'props' are incompatible.
      Type 'SVGProps<SVGSVGElement>' is not assignable to type 'CompatProps'.
        Types of property 'strokeWidth' are incompatible.
          Type 'string | number | undefined' is not assignable to type 'number | undefined'.
            Type 'string' is not assignable to type 'number'.
src/app/(dashboard)/settings/settings-sections.tsx(211,11): error TS2322: Type '({ size, color, strokeWidth, className, style, ...rest }: CompatProps) => Element' is not assignable to type 'LucideIcon | undefined'.
  Type '({ size, color, strokeWidth, className, style, ...rest }: CompatProps) => Element' is not assignable to type 'FunctionComponent<SVGProps<SVGSVGElement>>'.
    Types of parameters '__0' and 'props' are incompatible.
      Type 'SVGProps<SVGSVGElement>' is not assignable to type 'CompatProps'.
        Types of property 'strokeWidth' are incompatible.
          Type 'string | number | undefined' is not assignable to type 'number | undefined'.
            Type 'string' is not assignable to type 'number'.
src/app/(dashboard)/settings/settings-sections.tsx(240,26): error TS2322: Type '({ size, color, strokeWidth, className, style, ...rest }: CompatProps) => Element' is not assignable to type 'LucideIcon | undefined'.
  Type '({ size, color, strokeWidth, className, style, ...rest }: CompatProps) => Element' is not assignable to type 'FunctionComponent<SVGProps<SVGSVGElement>>'.
    Types of parameters '__0' and 'props' are incompatible.
      Type 'SVGProps<SVGSVGElement>' is not assignable to type 'CompatProps'.
        Types of property 'strokeWidth' are incompatible.
          Type 'string | number | undefined' is not assignable to type 'number | undefined'.
            Type 'string' is not assignable to type 'number'.
src/app/(dashboard)/solutions/solution-configure.tsx(101,11): error TS2322: Type '({ size, color, strokeWidth, className, style, ...rest }: CompatProps) => Element' is not assignable to type 'LucideIcon'.
  Type '({ size, color, strokeWidth, className, style, ...rest }: CompatProps) => Element' is not assignable to type 'FunctionComponent<SVGProps<SVGSVGElement>>'.
    Types of parameters '__0' and 'props' are incompatible.
      Type 'SVGProps<SVGSVGElement>' is not assignable to type 'CompatProps'.
        Types of property 'strokeWidth' are incompatible.
          Type 'string | number | undefined' is not assignable to type 'number | undefined'.
            Type 'string' is not assignable to type 'number'.
src/app/(dashboard)/solutions/solution-configure.tsx(104,28): error TS2322: Type '({ size, color, strokeWidth, className, style, ...rest }: CompatProps) => Element' is not assignable to type 'LucideIcon | undefined'.
  Type '({ size, color, strokeWidth, className, style, ...rest }: CompatProps) => Element' is not assignable to type 'FunctionComponent<SVGProps<SVGSVGElement>>'.
    Types of parameters '__0' and 'props' are incompatible.
      Type 'SVGProps<SVGSVGElement>' is not assignable to type 'CompatProps'.
        Types of property 'strokeWidth' are incompatible.
          Type 'string | number | undefined' is not assignable to type 'number | undefined'.
            Type 'string' is not assignable to type 'number'.
src/app/(dashboard)/solutions/solution-configure.tsx(189,24): error TS2322: Type '({ size, color, strokeWidth, className, style, ...rest }: CompatProps) => Element' is not assignable to type 'LucideIcon | undefined'.
  Type '({ size, color, strokeWidth, className, style, ...rest }: CompatProps) => Element' is not assignable to type 'FunctionComponent<SVGProps<SVGSVGElement>>'.
    Types of parameters '__0' and 'props' are incompatible.
      Type 'SVGProps<SVGSVGElement>' is not assignable to type 'CompatProps'.
        Types of property 'strokeWidth' are incompatible.
          Type 'string | number | undefined' is not assignable to type 'number | undefined'.
            Type 'string' is not assignable to type 'number'.
src/app/(dashboard)/solutions/solution-configure.tsx(193,11): error TS2322: Type '({ size, color, strokeWidth, className, style, ...rest }: CompatProps) => Element' is not assignable to type 'LucideIcon | undefined'.
  Type '({ size, color, strokeWidth, className, style, ...rest }: CompatProps) => Element' is not assignable to type 'FunctionComponent<SVGProps<SVGSVGElement>>'.
    Types of parameters '__0' and 'props' are incompatible.
      Type 'SVGProps<SVGSVGElement>' is not assignable to type 'CompatProps'.
        Types of property 'strokeWidth' are incompatible.
          Type 'string | number | undefined' is not assignable to type 'number | undefined'.
            Type 'string' is not assignable to type 'number'.
src/app/(dashboard)/solutions/solution-run-detail.tsx(98,11): error TS2322: Type '({ size, color, strokeWidth, className, style, ...rest }: CompatProps) => Element' is not assignable to type 'LucideIcon'.
  Type '({ size, color, strokeWidth, className, style, ...rest }: CompatProps) => Element' is not assignable to type 'FunctionComponent<SVGProps<SVGSVGElement>>'.
    Types of parameters '__0' and 'props' are incompatible.
      Type 'SVGProps<SVGSVGElement>' is not assignable to type 'CompatProps'.
        Types of property 'strokeWidth' are incompatible.
          Type 'string | number | undefined' is not assignable to type 'number | undefined'.
            Type 'string' is not assignable to type 'number'.
src/app/(dashboard)/solutions/solution-run-detail.tsx(101,28): error TS2322: Type '({ size, color, strokeWidth, className, style, ...rest }: CompatProps) => Element' is not assignable to type 'LucideIcon | undefined'.
  Type '({ size, color, strokeWidth, className, style, ...rest }: CompatProps) => Element' is not assignable to type 'FunctionComponent<SVGProps<SVGSVGElement>>'.
    Types of parameters '__0' and 'props' are incompatible.
      Type 'SVGProps<SVGSVGElement>' is not assignable to type 'CompatProps'.
        Types of property 'strokeWidth' are incompatible.
          Type 'string | number | undefined' is not assignable to type 'number | undefined'.
            Type 'string' is not assignable to type 'number'.
src/app/(dashboard)/solutions/solution-run-detail.tsx(170,25): error TS2322: Type '({ size, color, strokeWidth, className, style, ...rest }: CompatProps) => Element' is not assignable to type 'LucideIcon'.
  Type '({ size, color, strokeWidth, className, style, ...rest }: CompatProps) => Element' is not assignable to type 'FunctionComponent<SVGProps<SVGSVGElement>>'.
    Types of parameters '__0' and 'props' are incompatible.
      Type 'SVGProps<SVGSVGElement>' is not assignable to type 'CompatProps'.
        Types of property 'strokeWidth' are incompatible.
          Type 'string | number | undefined' is not assignable to type 'number | undefined'.
            Type 'string' is not assignable to type 'number'.
src/app/(dashboard)/solutions/solution-run-detail.tsx(226,24): error TS2322: Type '({ size, color, strokeWidth, className, style, ...rest }: CompatProps) => Element' is not assignable to type 'LucideIcon | undefined'.
  Type '({ size, color, strokeWidth, className, style, ...rest }: CompatProps) => Element' is not assignable to type 'FunctionComponent<SVGProps<SVGSVGElement>>'.
    Types of parameters '__0' and 'props' are incompatible.
      Type 'SVGProps<SVGSVGElement>' is not assignable to type 'CompatProps'.
        Types of property 'strokeWidth' are incompatible.
          Type 'string | number | undefined' is not assignable to type 'number | undefined'.
            Type 'string' is not assignable to type 'number'.
src/app/(dashboard)/solutions/solution-run-detail.tsx(230,26): error TS2322: Type '({ size, color, strokeWidth, className, style, ...rest }: CompatProps) => Element' is not assignable to type 'LucideIcon | undefined'.
  Type '({ size, color, strokeWidth, className, style, ...rest }: CompatProps) => Element' is not assignable to type 'FunctionComponent<SVGProps<SVGSVGElement>>'.
    Types of parameters '__0' and 'props' are incompatible.
      Type 'SVGProps<SVGSVGElement>' is not assignable to type 'CompatProps'.
        Types of property 'strokeWidth' are incompatible.
          Type 'string | number | undefined' is not assignable to type 'number | undefined'.
            Type 'string' is not assignable to type 'number'.
src/app/(dashboard)/solutions/solution-run-detail.tsx(235,13): error TS2322: Type '({ size, color, strokeWidth, className, style, ...rest }: CompatProps) => Element' is not assignable to type 'LucideIcon | undefined'.
  Type '({ size, color, strokeWidth, className, style, ...rest }: CompatProps) => Element' is not assignable to type 'FunctionComponent<SVGProps<SVGSVGElement>>'.
    Types of parameters '__0' and 'props' are incompatible.
      Type 'SVGProps<SVGSVGElement>' is not assignable to type 'CompatProps'.
        Types of property 'strokeWidth' are incompatible.
          Type 'string | number | undefined' is not assignable to type 'number | undefined'.
            Type 'string' is not assignable to type 'number'.
src/app/(dashboard)/solutions/solutions-center.tsx(37,38): error TS2322: Type '({ size, color, strokeWidth, className, style, ...rest }: CompatProps) => Element' is not assignable to type 'LucideIcon'.
  Type '({ size, color, strokeWidth, className, style, ...rest }: CompatProps) => Element' is not assignable to type 'FunctionComponent<SVGProps<SVGSVGElement>>'.
    Types of parameters '__0' and 'props' are incompatible.
      Type 'SVGProps<SVGSVGElement>' is not assignable to type 'CompatProps'.
        Types of property 'strokeWidth' are incompatible.
          Type 'string | number | undefined' is not assignable to type 'number | undefined'.
            Type 'string' is not assignable to type 'number'.
src/app/(dashboard)/solutions/solutions-center.tsx(38,38): error TS2322: Type '({ size, color, strokeWidth, className, style, ...rest }: CompatProps) => Element' is not assignable to type 'LucideIcon'.
  Type '({ size, color, strokeWidth, className, style, ...rest }: CompatProps) => Element' is not assignable to type 'FunctionComponent<SVGProps<SVGSVGElement>>'.
    Types of parameters '__0' and 'props' are incompatible.
      Type 'SVGProps<SVGSVGElement>' is not assignable to type 'CompatProps'.
        Types of property 'strokeWidth' are incompatible.
          Type 'string | number | undefined' is not assignable to type 'number | undefined'.
            Type 'string' is not assignable to type 'number'.
src/app/(dashboard)/solutions/solutions-center.tsx(39,32): error TS2322: Type '({ size, color, strokeWidth, className, style, ...rest }: CompatProps) => Element' is not assignable to type 'LucideIcon'.
  Type '({ size, color, strokeWidth, className, style, ...rest }: CompatProps) => Element' is not assignable to type 'FunctionComponent<SVGProps<SVGSVGElement>>'.
    Types of parameters '__0' and 'props' are incompatible.
      Type 'SVGProps<SVGSVGElement>' is not assignable to type 'CompatProps'.
        Types of property 'strokeWidth' are incompatible.
          Type 'string | number | undefined' is not assignable to type 'number | undefined'.
            Type 'string' is not assignable to type 'number'.
src/app/(dashboard)/solutions/solutions-center.tsx(40,40): error TS2322: Type '({ size, color, strokeWidth, className, style, ...rest }: CompatProps) => Element' is not assignable to type 'LucideIcon'.
  Type '({ size, color, strokeWidth, className, style, ...rest }: CompatProps) => Element' is not assignable to type 'FunctionComponent<SVGProps<SVGSVGElement>>'.
    Types of parameters '__0' and 'props' are incompatible.
      Type 'SVGProps<SVGSVGElement>' is not assignable to type 'CompatProps'.
        Types of property 'strokeWidth' are incompatible.
          Type 'string | number | undefined' is not assignable to type 'number | undefined'.
            Type 'string' is not assignable to type 'number'.
src/app/(dashboard)/solutions/solutions-center.tsx(41,3): error TS2322: Type '({ size, color, strokeWidth, className, style, ...rest }: CompatProps) => Element' is not assignable to type 'LucideIcon'.
  Type '({ size, color, strokeWidth, className, style, ...rest }: CompatProps) => Element' is not assignable to type 'FunctionComponent<SVGProps<SVGSVGElement>>'.
    Types of parameters '__0' and 'props' are incompatible.
      Type 'SVGProps<SVGSVGElement>' is not assignable to type 'CompatProps'.
        Types of property 'strokeWidth' are incompatible.
          Type 'string | number | undefined' is not assignable to type 'number | undefined'.
            Type 'string' is not assignable to type 'number'.
src/app/(dashboard)/styles/style-form.tsx(278,17): error TS2322: Type '({ size, color, strokeWidth, className, style, ...rest }: CompatProps) => Element' is not assignable to type 'LucideIcon'.
  Type '({ size, color, strokeWidth, className, style, ...rest }: CompatProps) => Element' is not assignable to type 'FunctionComponent<SVGProps<SVGSVGElement>>'.
    Types of parameters '__0' and 'props' are incompatible.
      Type 'SVGProps<SVGSVGElement>' is not assignable to type 'CompatProps'.
        Types of property 'strokeWidth' are incompatible.
          Type 'string | number | undefined' is not assignable to type 'number | undefined'.
            Type 'string' is not assignable to type 'number'.
src/app/(dashboard)/styles/style-form.tsx(347,26): error TS2322: Type '({ size, color, strokeWidth, className, style, ...rest }: CompatProps) => Element' is not assignable to type 'LucideIcon | undefined'.
  Type '({ size, color, strokeWidth, className, style, ...rest }: CompatProps) => Element' is not assignable to type 'FunctionComponent<SVGProps<SVGSVGElement>>'.
    Types of parameters '__0' and 'props' are incompatible.
      Type 'SVGProps<SVGSVGElement>' is not assignable to type 'CompatProps'.
        Types of property 'strokeWidth' are incompatible.
          Type 'string | number | undefined' is not assignable to type 'number | undefined'.
            Type 'string' is not assignable to type 'number'.
src/app/(dashboard)/styles/style-form.tsx(355,11): error TS2322: Type '({ size, color, strokeWidth, className, style, ...rest }: CompatProps) => Element' is not assignable to type 'LucideIcon | undefined'.
  Type '({ size, color, strokeWidth, className, style, ...rest }: CompatProps) => Element' is not assignable to type 'FunctionComponent<SVGProps<SVGSVGElement>>'.
    Types of parameters '__0' and 'props' are incompatible.
      Type 'SVGProps<SVGSVGElement>' is not assignable to type 'CompatProps'.
        Types of property 'strokeWidth' are incompatible.
          Type 'string | number | undefined' is not assignable to type 'number | undefined'.
            Type 'string' is not assignable to type 'number'.
src/app/(dashboard)/styles/styles-center.tsx(60,9): error TS2322: Type '({ size, color, strokeWidth, className, style, ...rest }: CompatProps) => Element' is not assignable to type 'LucideIcon'.
  Type '({ size, color, strokeWidth, className, style, ...rest }: CompatProps) => Element' is not assignable to type 'FunctionComponent<SVGProps<SVGSVGElement>>'.
    Types of parameters '__0' and 'props' are incompatible.
      Type 'SVGProps<SVGSVGElement>' is not assignable to type 'CompatProps'.
        Types of property 'strokeWidth' are incompatible.
          Type 'string | number | undefined' is not assignable to type 'number | undefined'.
            Type 'string' is not assignable to type 'number'.
src/app/(dashboard)/tasks/evidence/task-evidence-center.tsx(251,24): error TS2322: Type '({ size, color, strokeWidth, className, style, ...rest }: CompatProps) => Element' is not assignable to type 'LucideIcon | undefined'.
  Type '({ size, color, strokeWidth, className, style, ...rest }: CompatProps) => Element' is not assignable to type 'FunctionComponent<SVGProps<SVGSVGElement>>'.
    Types of parameters '__0' and 'props' are incompatible.
      Type 'SVGProps<SVGSVGElement>' is not assignable to type 'CompatProps'.
        Types of property 'strokeWidth' are incompatible.
          Type 'string | number | undefined' is not assignable to type 'number | undefined'.
            Type 'string' is not assignable to type 'number'.
src/app/(dashboard)/tasks/evidence/task-evidence-center.tsx(266,11): error TS2322: Type '({ size, color, strokeWidth, className, style, ...rest }: CompatProps) => Element' is not assignable to type 'LucideIcon'.
  Type '({ size, color, strokeWidth, className, style, ...rest }: CompatProps) => Element' is not assignable to type 'FunctionComponent<SVGProps<SVGSVGElement>>'.
    Types of parameters '__0' and 'props' are incompatible.
      Type 'SVGProps<SVGSVGElement>' is not assignable to type 'CompatProps'.
        Types of property 'strokeWidth' are incompatible.
          Type 'string | number | undefined' is not assignable to type 'number | undefined'.
            Type 'string' is not assignable to type 'number'.
src/app/(dashboard)/templates/templates-center.tsx(52,9): error TS2322: Type '({ size, color, strokeWidth, className, style, ...rest }: CompatProps) => Element' is not assignable to type 'LucideIcon'.
  Type '({ size, color, strokeWidth, className, style, ...rest }: CompatProps) => Element' is not assignable to type 'FunctionComponent<SVGProps<SVGSVGElement>>'.
    Types of parameters '__0' and 'props' are incompatible.
      Type 'SVGProps<SVGSVGElement>' is not assignable to type 'CompatProps'.
        Types of property 'strokeWidth' are incompatible.
          Type 'string | number | undefined' is not assignable to type 'number | undefined'.
            Type 'string' is not assignable to type 'number'.
src/app/(dashboard)/topics/topic-form.tsx(172,24): error TS2322: Type '({ size, color, strokeWidth, className, style, ...rest }: CompatProps) => Element' is not assignable to type 'LucideIcon | undefined'.
  Type '({ size, color, strokeWidth, className, style, ...rest }: CompatProps) => Element' is not assignable to type 'FunctionComponent<SVGProps<SVGSVGElement>>'.
    Types of parameters '__0' and 'props' are incompatible.
      Type 'SVGProps<SVGSVGElement>' is not assignable to type 'CompatProps'.
        Types of property 'strokeWidth' are incompatible.
          Type 'string | number | undefined' is not assignable to type 'number | undefined'.
            Type 'string' is not assignable to type 'number'.
src/app/(dashboard)/topics/topic-form.tsx(176,11): error TS2322: Type '({ size, color, strokeWidth, className, style, ...rest }: CompatProps) => Element' is not assignable to type 'LucideIcon | undefined'.
  Type '({ size, color, strokeWidth, className, style, ...rest }: CompatProps) => Element' is not assignable to type 'FunctionComponent<SVGProps<SVGSVGElement>>'.
    Types of parameters '__0' and 'props' are incompatible.
      Type 'SVGProps<SVGSVGElement>' is not assignable to type 'CompatProps'.
        Types of property 'strokeWidth' are incompatible.
          Type 'string | number | undefined' is not assignable to type 'number | undefined'.
            Type 'string' is not assignable to type 'number'.
src/app/(dashboard)/topics/topics-center.tsx(436,24): error TS2322: Type '({ size, color, strokeWidth, className, style, ...rest }: CompatProps) => Element' is not assignable to type 'LucideIcon | undefined'.
  Type '({ size, color, strokeWidth, className, style, ...rest }: CompatProps) => Element' is not assignable to type 'FunctionComponent<SVGProps<SVGSVGElement>>'.
    Types of parameters '__0' and 'props' are incompatible.
      Type 'SVGProps<SVGSVGElement>' is not assignable to type 'CompatProps'.
        Types of property 'strokeWidth' are incompatible.
          Type 'string | number | undefined' is not assignable to type 'number | undefined'.
            Type 'string' is not assignable to type 'number'.
src/app/(dashboard)/topics/topics-center.tsx(439,24): error TS2322: Type '({ size, color, strokeWidth, className, style, ...rest }: CompatProps) => Element' is not assignable to type 'LucideIcon | undefined'.
  Type '({ size, color, strokeWidth, className, style, ...rest }: CompatProps) => Element' is not assignable to type 'FunctionComponent<SVGProps<SVGSVGElement>>'.
    Types of parameters '__0' and 'props' are incompatible.
      Type 'SVGProps<SVGSVGElement>' is not assignable to type 'CompatProps'.
        Types of property 'strokeWidth' are incompatible.
          Type 'string | number | undefined' is not assignable to type 'number | undefined'.
            Type 'string' is not assignable to type 'number'.
src/app/(dashboard)/topics/topics-center.tsx(450,30): error TS2322: Type '({ size, color, strokeWidth, className, style, ...rest }: CompatProps) => Element' is not assignable to type 'LucideIcon | undefined'.
  Type '({ size, color, strokeWidth, className, style, ...rest }: CompatProps) => Element' is not assignable to type 'FunctionComponent<SVGProps<SVGSVGElement>>'.
    Types of parameters '__0' and 'props' are incompatible.
      Type 'SVGProps<SVGSVGElement>' is not assignable to type 'CompatProps'.
        Types of property 'strokeWidth' are incompatible.
          Type 'string | number | undefined' is not assignable to type 'number | undefined'.
            Type 'string' is not assignable to type 'number'.
src/app/(dashboard)/topics/topics-center.tsx(477,9): error TS2322: Type '({ size, color, strokeWidth, className, style, ...rest }: CompatProps) => Element' is not assignable to type 'LucideIcon'.
  Type '({ size, color, strokeWidth, className, style, ...rest }: CompatProps) => Element' is not assignable to type 'FunctionComponent<SVGProps<SVGSVGElement>>'.
    Types of parameters '__0' and 'props' are incompatible.
      Type 'SVGProps<SVGSVGElement>' is not assignable to type 'CompatProps'.
        Types of property 'strokeWidth' are incompatible.
          Type 'string | number | undefined' is not assignable to type 'number | undefined'.
            Type 'string' is not assignable to type 'number'.
src/app/(dashboard)/topics/topics-center.tsx(608,17): error TS2322: Type '({ size, color, strokeWidth, className, style, ...rest }: CompatProps) => Element' is not assignable to type 'LucideIcon | undefined'.
  Type '({ size, color, strokeWidth, className, style, ...rest }: CompatProps) => Element' is not assignable to type 'FunctionComponent<SVGProps<SVGSVGElement>>'.
    Types of parameters '__0' and 'props' are incompatible.
      Type 'SVGProps<SVGSVGElement>' is not assignable to type 'CompatProps'.
        Types of property 'strokeWidth' are incompatible.
          Type 'string | number | undefined' is not assignable to type 'number | undefined'.
            Type 'string' is not assignable to type 'number'.
src/app/(dashboard)/topics/topics-center.tsx(615,30): error TS2322: Type '({ size, color, strokeWidth, className, style, ...rest }: CompatProps) => Element' is not assignable to type 'LucideIcon | undefined'.
  Type '({ size, color, strokeWidth, className, style, ...rest }: CompatProps) => Element' is not assignable to type 'FunctionComponent<SVGProps<SVGSVGElement>>'.
    Types of parameters '__0' and 'props' are incompatible.
      Type 'SVGProps<SVGSVGElement>' is not assignable to type 'CompatProps'.
        Types of property 'strokeWidth' are incompatible.
          Type 'string | number | undefined' is not assignable to type 'number | undefined'.
            Type 'string' is not assignable to type 'number'.
src/app/(dashboard)/topics/topics-center.tsx(619,17): error TS2322: Type '({ size, color, strokeWidth, className, style, ...rest }: CompatProps) => Element' is not assignable to type 'LucideIcon | undefined'.
  Type '({ size, color, strokeWidth, className, style, ...rest }: CompatProps) => Element' is not assignable to type 'FunctionComponent<SVGProps<SVGSVGElement>>'.
    Types of parameters '__0' and 'props' are incompatible.
      Type 'SVGProps<SVGSVGElement>' is not assignable to type 'CompatProps'.
        Types of property 'strokeWidth' are incompatible.
          Type 'string | number | undefined' is not assignable to type 'number | undefined'.
            Type 'string' is not assignable to type 'number'.
src/app/(dashboard)/topics/topics-center.tsx(625,32): error TS2322: Type '({ size, color, strokeWidth, className, style, ...rest }: CompatProps) => Element' is not assignable to type 'LucideIcon | undefined'.
  Type '({ size, color, strokeWidth, className, style, ...rest }: CompatProps) => Element' is not assignable to type 'FunctionComponent<SVGProps<SVGSVGElement>>'.
    Types of parameters '__0' and 'props' are incompatible.
      Type 'SVGProps<SVGSVGElement>' is not assignable to type 'CompatProps'.
        Types of property 'strokeWidth' are incompatible.
          Type 'string | number | undefined' is not assignable to type 'number | undefined'.
            Type 'string' is not assignable to type 'number'.
src/app/(dashboard)/video-workshop/video-workshop-center.tsx(73,27): error TS2322: Type '({ size, color, strokeWidth, className, style, ...rest }: CompatProps) => Element' is not assignable to type 'LucideIcon'.
  Type '({ size, color, strokeWidth, className, style, ...rest }: CompatProps) => Element' is not assignable to type 'FunctionComponent<SVGProps<SVGSVGElement>>'.
    Types of parameters '__0' and 'props' are incompatible.
      Type 'SVGProps<SVGSVGElement>' is not assignable to type 'CompatProps'.
        Types of property 'strokeWidth' are incompatible.
          Type 'string | number | undefined' is not assignable to type 'number | undefined'.
            Type 'string' is not assignable to type 'number'.
src/app/(dashboard)/video-workshop/video-workshop-center.tsx(74,28): error TS2322: Type '({ size, color, strokeWidth, className, style, ...rest }: CompatProps) => Element' is not assignable to type 'LucideIcon'.
  Type '({ size, color, strokeWidth, className, style, ...rest }: CompatProps) => Element' is not assignable to type 'FunctionComponent<SVGProps<SVGSVGElement>>'.
    Types of parameters '__0' and 'props' are incompatible.
      Type 'SVGProps<SVGSVGElement>' is not assignable to type 'CompatProps'.
        Types of property 'strokeWidth' are incompatible.
          Type 'string | number | undefined' is not assignable to type 'number | undefined'.
            Type 'string' is not assignable to type 'number'.
src/app/(dashboard)/video-workshop/video-workshop-center.tsx(75,24): error TS2322: Type '({ size, color, strokeWidth, className, style, ...rest }: CompatProps) => Element' is not assignable to type 'LucideIcon'.
  Type '({ size, color, strokeWidth, className, style, ...rest }: CompatProps) => Element' is not assignable to type 'FunctionComponent<SVGProps<SVGSVGElement>>'.
    Types of parameters '__0' and 'props' are incompatible.
      Type 'SVGProps<SVGSVGElement>' is not assignable to type 'CompatProps'.
        Types of property 'strokeWidth' are incompatible.
          Type 'string | number | undefined' is not assignable to type 'number | undefined'.
            Type 'string' is not assignable to type 'number'.
src/app/(dashboard)/video-workshop/video-workshop-center.tsx(76,26): error TS2322: Type '({ size, color, strokeWidth, className, style, ...rest }: CompatProps) => Element' is not assignable to type 'LucideIcon'.
  Type '({ size, color, strokeWidth, className, style, ...rest }: CompatProps) => Element' is not assignable to type 'FunctionComponent<SVGProps<SVGSVGElement>>'.
    Types of parameters '__0' and 'props' are incompatible.
      Type 'SVGProps<SVGSVGElement>' is not assignable to type 'CompatProps'.
        Types of property 'strokeWidth' are incompatible.
          Type 'string | number | undefined' is not assignable to type 'number | undefined'.
            Type 'string' is not assignable to type 'number'.
src/app/(dashboard)/video/release-plans/page.tsx(64,9): error TS2322: Type '({ size, color, strokeWidth, className, style, ...rest }: CompatProps) => Element' is not assignable to type 'LucideIcon'.
  Type '({ size, color, strokeWidth, className, style, ...rest }: CompatProps) => Element' is not assignable to type 'FunctionComponent<SVGProps<SVGSVGElement>>'.
    Types of parameters '__0' and 'props' are incompatible.
      Type 'SVGProps<SVGSVGElement>' is not assignable to type 'CompatProps'.
        Types of property 'strokeWidth' are incompatible.
          Type 'string | number | undefined' is not assignable to type 'number | undefined'.
            Type 'string' is not assignable to type 'number'.
src/app/(dashboard)/wecom-crm/wecom-crm-center.tsx(73,9): error TS2322: Type '({ size, color, strokeWidth, className, style, ...rest }: CompatProps) => Element' is not assignable to type 'LucideIcon'.
  Type '({ size, color, strokeWidth, className, style, ...rest }: CompatProps) => Element' is not assignable to type 'FunctionComponent<SVGProps<SVGSVGElement>>'.
    Types of parameters '__0' and 'props' are incompatible.
      Type 'SVGProps<SVGSVGElement>' is not assignable to type 'CompatProps'.
        Types of property 'strokeWidth' are incompatible.
          Type 'string | number | undefined' is not assignable to type 'number | undefined'.
            Type 'string' is not assignable to type 'number'.
src/app/(dashboard)/workbench/customer-service-config.tsx(893,23): error TS2322: Type '({ size, color, strokeWidth, className, style, ...rest }: CompatProps) => Element' is not assignable to type 'LucideIcon'.
  Type '({ size, color, strokeWidth, className, style, ...rest }: CompatProps) => Element' is not assignable to type 'FunctionComponent<SVGProps<SVGSVGElement>>'.
    Types of parameters '__0' and 'props' are incompatible.
      Type 'SVGProps<SVGSVGElement>' is not assignable to type 'CompatProps'.
        Types of property 'strokeWidth' are incompatible.
          Type 'string | number | undefined' is not assignable to type 'number | undefined'.
            Type 'string' is not assignable to type 'number'.
src/app/(dashboard)/workbench/customer-service-config.tsx(929,19): error TS2322: Type '({ size, color, strokeWidth, className, style, ...rest }: CompatProps) => Element' is not assignable to type 'LucideIcon'.
  Type '({ size, color, strokeWidth, className, style, ...rest }: CompatProps) => Element' is not assignable to type 'FunctionComponent<SVGProps<SVGSVGElement>>'.
    Types of parameters '__0' and 'props' are incompatible.
      Type 'SVGProps<SVGSVGElement>' is not assignable to type 'CompatProps'.
        Types of property 'strokeWidth' are incompatible.
          Type 'string | number | undefined' is not assignable to type 'number | undefined'.
            Type 'string' is not assignable to type 'number'.
src/app/(dashboard)/workbench/customer-service-config.tsx(1161,28): error TS2322: Type '({ size, color, strokeWidth, className, style, ...rest }: CompatProps) => Element' is not assignable to type 'LucideIcon | undefined'.
  Type '({ size, color, strokeWidth, className, style, ...rest }: CompatProps) => Element' is not assignable to type 'FunctionComponent<SVGProps<SVGSVGElement>>'.
    Types of parameters '__0' and 'props' are incompatible.
      Type 'SVGProps<SVGSVGElement>' is not assignable to type 'CompatProps'.
        Types of property 'strokeWidth' are incompatible.
          Type 'string | number | undefined' is not assignable to type 'number | undefined'.
            Type 'string' is not assignable to type 'number'.
src/app/(dashboard)/workbench/customer-service-config.tsx(1164,30): error TS2322: Type '({ size, color, strokeWidth, className, style, ...rest }: CompatProps) => Element' is not assignable to type 'LucideIcon | undefined'.
  Type '({ size, color, strokeWidth, className, style, ...rest }: CompatProps) => Element' is not assignable to type 'FunctionComponent<SVGProps<SVGSVGElement>>'.
    Types of parameters '__0' and 'props' are incompatible.
      Type 'SVGProps<SVGSVGElement>' is not assignable to type 'CompatProps'.
        Types of property 'strokeWidth' are incompatible.
          Type 'string | number | undefined' is not assignable to type 'number | undefined'.
            Type 'string' is not assignable to type 'number'.
src/app/(dashboard)/workbench/customer-service-config.tsx(1238,19): error TS2322: Type '({ size, color, strokeWidth, className, style, ...rest }: CompatProps) => Element' is not assignable to type 'LucideIcon | undefined'.
  Type '({ size, color, strokeWidth, className, style, ...rest }: CompatProps) => Element' is not assignable to type 'FunctionComponent<SVGProps<SVGSVGElement>>'.
    Types of parameters '__0' and 'props' are incompatible.
      Type 'SVGProps<SVGSVGElement>' is not assignable to type 'CompatProps'.
        Types of property 'strokeWidth' are incompatible.
          Type 'string | number | undefined' is not assignable to type 'number | undefined'.
            Type 'string' is not assignable to type 'number'.
src/app/(dashboard)/workbench/customer-service-config.tsx(1274,25): error TS2322: Type '({ size, color, strokeWidth, className, style, ...rest }: CompatProps) => Element' is not assignable to type 'LucideIcon | undefined'.
  Type '({ size, color, strokeWidth, className, style, ...rest }: CompatProps) => Element' is not assignable to type 'FunctionComponent<SVGProps<SVGSVGElement>>'.
    Types of parameters '__0' and 'props' are incompatible.
      Type 'SVGProps<SVGSVGElement>' is not assignable to type 'CompatProps'.
        Types of property 'strokeWidth' are incompatible.
          Type 'string | number | undefined' is not assignable to type 'number | undefined'.
            Type 'string' is not assignable to type 'number'.
src/app/(dashboard)/workbench/douyin-messages/douyin-messages-center.tsx(38,7): error TS2322: Type '({ size, color, strokeWidth, className, style, ...rest }: CompatProps) => Element' is not assignable to type 'LucideIcon'.
  Type '({ size, color, strokeWidth, className, style, ...rest }: CompatProps) => Element' is not assignable to type 'FunctionComponent<SVGProps<SVGSVGElement>>'.
    Types of parameters '__0' and 'props' are incompatible.
      Type 'SVGProps<SVGSVGElement>' is not assignable to type 'CompatProps'.
        Types of property 'strokeWidth' are incompatible.
          Type 'string | number | undefined' is not assignable to type 'number | undefined'.
            Type 'string' is not assignable to type 'number'.
src/app/(dashboard)/workbench/douyin-messages/douyin-messages-center.tsx(49,11): error TS2322: Type '({ size, color, strokeWidth, className, style, ...rest }: CompatProps) => Element' is not assignable to type 'LucideIcon | undefined'.
  Type '({ size, color, strokeWidth, className, style, ...rest }: CompatProps) => Element' is not assignable to type 'FunctionComponent<SVGProps<SVGSVGElement>>'.
    Types of parameters '__0' and 'props' are incompatible.
      Type 'SVGProps<SVGSVGElement>' is not assignable to type 'CompatProps'.
        Types of property 'strokeWidth' are incompatible.
          Type 'string | number | undefined' is not assignable to type 'number | undefined'.
            Type 'string' is not assignable to type 'number'.
src/app/(dashboard)/workbench/douyin-messages/douyin-messages-center.tsx(57,11): error TS2322: Type '({ size, color, strokeWidth, className, style, ...rest }: CompatProps) => Element' is not assignable to type 'LucideIcon | undefined'.
  Type '({ size, color, strokeWidth, className, style, ...rest }: CompatProps) => Element' is not assignable to type 'FunctionComponent<SVGProps<SVGSVGElement>>'.
    Types of parameters '__0' and 'props' are incompatible.
      Type 'SVGProps<SVGSVGElement>' is not assignable to type 'CompatProps'.
        Types of property 'strokeWidth' are incompatible.
          Type 'string | number | undefined' is not assignable to type 'number | undefined'.
            Type 'string' is not assignable to type 'number'.
src/app/(dashboard)/workbench/douyin-messages/douyin-messages-center.tsx(62,41): error TS2322: Type '({ size, color, strokeWidth, className, style, ...rest }: CompatProps) => Element' is not assignable to type 'LucideIcon | undefined'.
  Type '({ size, color, strokeWidth, className, style, ...rest }: CompatProps) => Element' is not assignable to type 'FunctionComponent<SVGProps<SVGSVGElement>>'.
    Types of parameters '__0' and 'props' are incompatible.
      Type 'SVGProps<SVGSVGElement>' is not assignable to type 'CompatProps'.
        Types of property 'strokeWidth' are incompatible.
          Type 'string | number | undefined' is not assignable to type 'number | undefined'.
            Type 'string' is not assignable to type 'number'.
src/app/(dashboard)/workbench/douyin-messages/douyin-messages-center.tsx(63,42): error TS2322: Type '({ size, color, strokeWidth, className, style, ...rest }: CompatProps) => Element' is not assignable to type 'LucideIcon | undefined'.
  Type '({ size, color, strokeWidth, className, style, ...rest }: CompatProps) => Element' is not assignable to type 'FunctionComponent<SVGProps<SVGSVGElement>>'.
    Types of parameters '__0' and 'props' are incompatible.
      Type 'SVGProps<SVGSVGElement>' is not assignable to type 'CompatProps'.
        Types of property 'strokeWidth' are incompatible.
          Type 'string | number | undefined' is not assignable to type 'number | undefined'.
            Type 'string' is not assignable to type 'number'.
src/app/not-found.tsx(16,9): error TS2322: Type '({ size, color, strokeWidth, className, style, ...rest }: CompatProps) => Element' is not assignable to type 'LucideIcon'.
  Type '({ size, color, strokeWidth, className, style, ...rest }: CompatProps) => Element' is not assignable to type 'FunctionComponent<SVGProps<SVGSVGElement>>'.
    Types of parameters '__0' and 'props' are incompatible.
      Type 'SVGProps<SVGSVGElement>' is not assignable to type 'CompatProps'.
        Types of property 'strokeWidth' are incompatible.
          Type 'string | number | undefined' is not assignable to type 'number | undefined'.
            Type 'string' is not assignable to type 'number'.
src/app/not-found.tsx(22,15): error TS2322: Type '({ size, color, strokeWidth, className, style, ...rest }: CompatProps) => Element' is not assignable to type 'LucideIcon | undefined'.
  Type '({ size, color, strokeWidth, className, style, ...rest }: CompatProps) => Element' is not assignable to type 'FunctionComponent<SVGProps<SVGSVGElement>>'.
    Types of parameters '__0' and 'props' are incompatible.
      Type 'SVGProps<SVGSVGElement>' is not assignable to type 'CompatProps'.
        Types of property 'strokeWidth' are incompatible.
          Type 'string | number | undefined' is not assignable to type 'number | undefined'.
            Type 'string' is not assignable to type 'number'.
src/app/not-found.tsx(27,28): error TS2322: Type '({ size, color, strokeWidth, className, style, ...rest }: CompatProps) => Element' is not assignable to type 'LucideIcon | undefined'.
  Type '({ size, color, strokeWidth, className, style, ...rest }: CompatProps) => Element' is not assignable to type 'FunctionComponent<SVGProps<SVGSVGElement>>'.
    Types of parameters '__0' and 'props' are incompatible.
      Type 'SVGProps<SVGSVGElement>' is not assignable to type 'CompatProps'.
        Types of property 'strokeWidth' are incompatible.
          Type 'string | number | undefined' is not assignable to type 'number | undefined'.
            Type 'string' is not assignable to type 'number'.
src/components/lucide-icon-compat.tsx(86,3): error TS2322: Type '({ size, color, strokeWidth, className, style, ...rest }: CompatProps) => Element' is not assignable to type 'LucideIcon'.
  Type '({ size, color, strokeWidth, className, style, ...rest }: CompatProps) => Element' is not assignable to type 'FunctionComponent<SVGProps<SVGSVGElement>>'.
    Types of parameters '__0' and 'props' are incompatible.
      Type 'SVGProps<SVGSVGElement>' is not assignable to type 'CompatProps'.
        Types of property 'strokeWidth' are incompatible.
          Type 'string | number | undefined' is not assignable to type 'number | undefined'.
            Type 'string' is not assignable to type 'number'.
src/components/lucide-icon-compat.tsx(87,3): error TS2322: Type '({ size, color, strokeWidth, className, style, ...rest }: CompatProps) => Element' is not assignable to type 'LucideIcon'.
  Type '({ size, color, strokeWidth, className, style, ...rest }: CompatProps) => Element' is not assignable to type 'FunctionComponent<SVGProps<SVGSVGElement>>'.
    Types of parameters '__0' and 'props' are incompatible.
      Type 'SVGProps<SVGSVGElement>' is not assignable to type 'CompatProps'.
        Types of property 'strokeWidth' are incompatible.
          Type 'string | number | undefined' is not assignable to type 'number | undefined'.
            Type 'string' is not assignable to type 'number'.
src/components/lucide-icon-compat.tsx(88,3): error TS2322: Type '({ size, color, strokeWidth, className, style, ...rest }: CompatProps) => Element' is not assignable to type 'LucideIcon'.
  Type '({ size, color, strokeWidth, className, style, ...rest }: CompatProps) => Element' is not assignable to type 'FunctionComponent<SVGProps<SVGSVGElement>>'.
    Types of parameters '__0' and 'props' are incompatible.
      Type 'SVGProps<SVGSVGElement>' is not assignable to type 'CompatProps'.
        Types of property 'strokeWidth' are incompatible.
          Type 'string | number | undefined' is not assignable to type 'number | undefined'.
            Type 'string' is not assignable to type 'number'.
src/components/lucide-icon-compat.tsx(89,3): error TS2322: Type '({ size, color, strokeWidth, className, style, ...rest }: CompatProps) => Element' is not assignable to type 'LucideIcon'.
  Type '({ size, color, strokeWidth, className, style, ...rest }: CompatProps) => Element' is not assignable to type 'FunctionComponent<SVGProps<SVGSVGElement>>'.
    Types of parameters '__0' and 'props' are incompatible.
      Type 'SVGProps<SVGSVGElement>' is not assignable to type 'CompatProps'.
        Types of property 'strokeWidth' are incompatible.
          Type 'string | number | undefined' is not assignable to type 'number | undefined'.
            Type 'string' is not assignable to type 'number'.
src/components/lucide-icon-compat.tsx(90,3): error TS2322: Type '({ size, color, strokeWidth, className, style, ...rest }: CompatProps) => Element' is not assignable to type 'LucideIcon'.
  Type '({ size, color, strokeWidth, className, style, ...rest }: CompatProps) => Element' is not assignable to type 'FunctionComponent<SVGProps<SVGSVGElement>>'.
    Types of parameters '__0' and 'props' are incompatible.
      Type 'SVGProps<SVGSVGElement>' is not assignable to type 'CompatProps'.
        Types of property 'strokeWidth' are incompatible.
          Type 'string | number | undefined' is not assignable to type 'number | undefined'.
            Type 'string' is not assignable to type 'number'.
src/components/lucide-icon-compat.tsx(91,3): error TS2322: Type '({ size, color, strokeWidth, className, style, ...rest }: CompatProps) => Element' is not assignable to type 'LucideIcon'.
  Type '({ size, color, strokeWidth, className, style, ...rest }: CompatProps) => Element' is not assignable to type 'FunctionComponent<SVGProps<SVGSVGElement>>'.
    Types of parameters '__0' and 'props' are incompatible.
      Type 'SVGProps<SVGSVGElement>' is not assignable to type 'CompatProps'.
        Types of property 'strokeWidth' are incompatible.
          Type 'string | number | undefined' is not assignable to type 'number | undefined'.
            Type 'string' is not assignable to type 'number'.
src/components/lucide-icon-compat.tsx(92,3): error TS2322: Type '({ size, color, strokeWidth, className, style, ...rest }: CompatProps) => Element' is not assignable to type 'LucideIcon'.
  Type '({ size, color, strokeWidth, className, style, ...rest }: CompatProps) => Element' is not assignable to type 'FunctionComponent<SVGProps<SVGSVGElement>>'.
    Types of parameters '__0' and 'props' are incompatible.
      Type 'SVGProps<SVGSVGElement>' is not assignable to type 'CompatProps'.
        Types of property 'strokeWidth' are incompatible.
          Type 'string | number | undefined' is not assignable to type 'number | undefined'.
            Type 'string' is not assignable to type 'number'.
src/components/lucide-icon-compat.tsx(93,3): error TS2322: Type '({ size, color, strokeWidth, className, style, ...rest }: CompatProps) => Element' is not assignable to type 'LucideIcon'.
  Type '({ size, color, strokeWidth, className, style, ...rest }: CompatProps) => Element' is not assignable to type 'FunctionComponent<SVGProps<SVGSVGElement>>'.
    Types of parameters '__0' and 'props' are incompatible.
      Type 'SVGProps<SVGSVGElement>' is not assignable to type 'CompatProps'.
        Types of property 'strokeWidth' are incompatible.
          Type 'string | number | undefined' is not assignable to type 'number | undefined'.
            Type 'string' is not assignable to type 'number'.
src/components/lucide-icon-compat.tsx(94,3): error TS2322: Type '({ size, color, strokeWidth, className, style, ...rest }: CompatProps) => Element' is not assignable to type 'LucideIcon'.
  Type '({ size, color, strokeWidth, className, style, ...rest }: CompatProps) => Element' is not assignable to type 'FunctionComponent<SVGProps<SVGSVGElement>>'.
    Types of parameters '__0' and 'props' are incompatible.
      Type 'SVGProps<SVGSVGElement>' is not assignable to type 'CompatProps'.
        Types of property 'strokeWidth' are incompatible.
          Type 'string | number | undefined' is not assignable to type 'number | undefined'.
            Type 'string' is not assignable to type 'number'.
src/components/lucide-icon-compat.tsx(95,3): error TS2322: Type '({ size, color, strokeWidth, className, style, ...rest }: CompatProps) => Element' is not assignable to type 'LucideIcon'.
  Type '({ size, color, strokeWidth, className, style, ...rest }: CompatProps) => Element' is not assignable to type 'FunctionComponent<SVGProps<SVGSVGElement>>'.
    Types of parameters '__0' and 'props' are incompatible.
      Type 'SVGProps<SVGSVGElement>' is not assignable to type 'CompatProps'.
        Types of property 'strokeWidth' are incompatible.
          Type 'string | number | undefined' is not assignable to type 'number | undefined'.
            Type 'string' is not assignable to type 'number'.
src/components/lucide-icon-compat.tsx(96,3): error TS2322: Type '({ size, color, strokeWidth, className, style, ...rest }: CompatProps) => Element' is not assignable to type 'LucideIcon'.
  Type '({ size, color, strokeWidth, className, style, ...rest }: CompatProps) => Element' is not assignable to type 'FunctionComponent<SVGProps<SVGSVGElement>>'.
    Types of parameters '__0' and 'props' are incompatible.
      Type 'SVGProps<SVGSVGElement>' is not assignable to type 'CompatProps'.
        Types of property 'strokeWidth' are incompatible.
          Type 'string | number | undefined' is not assignable to type 'number | undefined'.
            Type 'string' is not assignable to type 'number'.
src/components/lucide-icon-compat.tsx(97,3): error TS2322: Type '({ size, color, strokeWidth, className, style, ...rest }: CompatProps) => Element' is not assignable to type 'LucideIcon'.
  Type '({ size, color, strokeWidth, className, style, ...rest }: CompatProps) => Element' is not assignable to type 'FunctionComponent<SVGProps<SVGSVGElement>>'.
    Types of parameters '__0' and 'props' are incompatible.
      Type 'SVGProps<SVGSVGElement>' is not assignable to type 'CompatProps'.
        Types of property 'strokeWidth' are incompatible.
          Type 'string | number | undefined' is not assignable to type 'number | undefined'.
            Type 'string' is not assignable to type 'number'.
src/components/lucide-icon-compat.tsx(98,3): error TS2322: Type '({ size, color, strokeWidth, className, style, ...rest }: CompatProps) => Element' is not assignable to type 'LucideIcon'.
  Type '({ size, color, strokeWidth, className, style, ...rest }: CompatProps) => Element' is not assignable to type 'FunctionComponent<SVGProps<SVGSVGElement>>'.
    Types of parameters '__0' and 'props' are incompatible.
      Type 'SVGProps<SVGSVGElement>' is not assignable to type 'CompatProps'.
        Types of property 'strokeWidth' are incompatible.
          Type 'string | number | undefined' is not assignable to type 'number | undefined'.
            Type 'string' is not assignable to type 'number'.
src/components/lucide-icon-compat.tsx(99,3): error TS2322: Type '({ size, color, strokeWidth, className, style, ...rest }: CompatProps) => Element' is not assignable to type 'LucideIcon'.
  Type '({ size, color, strokeWidth, className, style, ...rest }: CompatProps) => Element' is not assignable to type 'FunctionComponent<SVGProps<SVGSVGElement>>'.
    Types of parameters '__0' and 'props' are incompatible.
      Type 'SVGProps<SVGSVGElement>' is not assignable to type 'CompatProps'.
        Types of property 'strokeWidth' are incompatible.
          Type 'string | number | undefined' is not assignable to type 'number | undefined'.
            Type 'string' is not assignable to type 'number'.
src/components/lucide-icon-compat.tsx(100,3): error TS2322: Type '({ size, color, strokeWidth, className, style, ...rest }: CompatProps) => Element' is not assignable to type 'LucideIcon'.
  Type '({ size, color, strokeWidth, className, style, ...rest }: CompatProps) => Element' is not assignable to type 'FunctionComponent<SVGProps<SVGSVGElement>>'.
    Types of parameters '__0' and 'props' are incompatible.
      Type 'SVGProps<SVGSVGElement>' is not assignable to type 'CompatProps'.
        Types of property 'strokeWidth' are incompatible.
          Type 'string | number | undefined' is not assignable to type 'number | undefined'.
            Type 'string' is not assignable to type 'number'.
src/components/lucide-icon-compat.tsx(101,3): error TS2322: Type '({ size, color, strokeWidth, className, style, ...rest }: CompatProps) => Element' is not assignable to type 'LucideIcon'.
  Type '({ size, color, strokeWidth, className, style, ...rest }: CompatProps) => Element' is not assignable to type 'FunctionComponent<SVGProps<SVGSVGElement>>'.
    Types of parameters '__0' and 'props' are incompatible.
      Type 'SVGProps<SVGSVGElement>' is not assignable to type 'CompatProps'.
        Types of property 'strokeWidth' are incompatible.
          Type 'string | number | undefined' is not assignable to type 'number | undefined'.
            Type 'string' is not assignable to type 'number'.
src/components/lucide-icon-compat.tsx(102,3): error TS2322: Type '({ size, color, strokeWidth, className, style, ...rest }: CompatProps) => Element' is not assignable to type 'LucideIcon'.
  Type '({ size, color, strokeWidth, className, style, ...rest }: CompatProps) => Element' is not assignable to type 'FunctionComponent<SVGProps<SVGSVGElement>>'.
    Types of parameters '__0' and 'props' are incompatible.
      Type 'SVGProps<SVGSVGElement>' is not assignable to type 'CompatProps'.
        Types of property 'strokeWidth' are incompatible.
          Type 'string | number | undefined' is not assignable to type 'number | undefined'.
            Type 'string' is not assignable to type 'number'.
src/components/lucide-icon-compat.tsx(103,3): error TS2322: Type '({ size, color, strokeWidth, className, style, ...rest }: CompatProps) => Element' is not assignable to type 'LucideIcon'.
  Type '({ size, color, strokeWidth, className, style, ...rest }: CompatProps) => Element' is not assignable to type 'FunctionComponent<SVGProps<SVGSVGElement>>'.
    Types of parameters '__0' and 'props' are incompatible.
      Type 'SVGProps<SVGSVGElement>' is not assignable to type 'CompatProps'.
        Types of property 'strokeWidth' are incompatible.
          Type 'string | number | undefined' is not assignable to type 'number | undefined'.
            Type 'string' is not assignable to type 'number'.
src/components/lucide-icon-compat.tsx(104,3): error TS2322: Type '({ size, color, strokeWidth, className, style, ...rest }: CompatProps) => Element' is not assignable to type 'LucideIcon'.
  Type '({ size, color, strokeWidth, className, style, ...rest }: CompatProps) => Element' is not assignable to type 'FunctionComponent<SVGProps<SVGSVGElement>>'.
    Types of parameters '__0' and 'props' are incompatible.
      Type 'SVGProps<SVGSVGElement>' is not assignable to type 'CompatProps'.
        Types of property 'strokeWidth' are incompatible.
          Type 'string | number | undefined' is not assignable to type 'number | undefined'.
            Type 'string' is not assignable to type 'number'.
src/components/lucide-icon-compat.tsx(105,3): error TS2322: Type '({ size, color, strokeWidth, className, style, ...rest }: CompatProps) => Element' is not assignable to type 'LucideIcon'.
  Type '({ size, color, strokeWidth, className, style, ...rest }: CompatProps) => Element' is not assignable to type 'FunctionComponent<SVGProps<SVGSVGElement>>'.
    Types of parameters '__0' and 'props' are incompatible.
      Type 'SVGProps<SVGSVGElement>' is not assignable to type 'CompatProps'.
        Types of property 'strokeWidth' are incompatible.
          Type 'string | number | undefined' is not assignable to type 'number | undefined'.
            Type 'string' is not assignable to type 'number'.
src/components/lucide-icon-compat.tsx(106,3): error TS2322: Type '({ size, color, strokeWidth, className, style, ...rest }: CompatProps) => Element' is not assignable to type 'LucideIcon'.
  Type '({ size, color, strokeWidth, className, style, ...rest }: CompatProps) => Element' is not assignable to type 'FunctionComponent<SVGProps<SVGSVGElement>>'.
    Types of parameters '__0' and 'props' are incompatible.
      Type 'SVGProps<SVGSVGElement>' is not assignable to type 'CompatProps'.
        Types of property 'strokeWidth' are incompatible.
          Type 'string | number | undefined' is not assignable to type 'number | undefined'.
            Type 'string' is not assignable to type 'number'.
src/components/lucide-icon-compat.tsx(107,3): error TS2322: Type '({ size, color, strokeWidth, className, style, ...rest }: CompatProps) => Element' is not assignable to type 'LucideIcon'.
  Type '({ size, color, strokeWidth, className, style, ...rest }: CompatProps) => Element' is not assignable to type 'FunctionComponent<SVGProps<SVGSVGElement>>'.
    Types of parameters '__0' and 'props' are incompatible.
      Type 'SVGProps<SVGSVGElement>' is not assignable to type 'CompatProps'.
        Types of property 'strokeWidth' are incompatible.
          Type 'string | number | undefined' is not assignable to type 'number | undefined'.
            Type 'string' is not assignable to type 'number'.
src/components/lucide-icon-compat.tsx(108,3): error TS2322: Type '({ size, color, strokeWidth, className, style, ...rest }: CompatProps) => Element' is not assignable to type 'LucideIcon'.
  Type '({ size, color, strokeWidth, className, style, ...rest }: CompatProps) => Element' is not assignable to type 'FunctionComponent<SVGProps<SVGSVGElement>>'.
    Types of parameters '__0' and 'props' are incompatible.
      Type 'SVGProps<SVGSVGElement>' is not assignable to type 'CompatProps'.
        Types of property 'strokeWidth' are incompatible.
          Type 'string | number | undefined' is not assignable to type 'number | undefined'.
            Type 'string' is not assignable to type 'number'.
src/components/lucide-icon-compat.tsx(109,3): error TS2322: Type '({ size, color, strokeWidth, className, style, ...rest }: CompatProps) => Element' is not assignable to type 'LucideIcon'.
  Type '({ size, color, strokeWidth, className, style, ...rest }: CompatProps) => Element' is not assignable to type 'FunctionComponent<SVGProps<SVGSVGElement>>'.
    Types of parameters '__0' and 'props' are incompatible.
      Type 'SVGProps<SVGSVGElement>' is not assignable to type 'CompatProps'.
        Types of property 'strokeWidth' are incompatible.
          Type 'string | number | undefined' is not assignable to type 'number | undefined'.
            Type 'string' is not assignable to type 'number'.
src/components/lucide-icon-compat.tsx(110,3): error TS2322: Type '({ size, color, strokeWidth, className, style, ...rest }: CompatProps) => Element' is not assignable to type 'LucideIcon'.
  Type '({ size, color, strokeWidth, className, style, ...rest }: CompatProps) => Element' is not assignable to type 'FunctionComponent<SVGProps<SVGSVGElement>>'.
    Types of parameters '__0' and 'props' are incompatible.
      Type 'SVGProps<SVGSVGElement>' is not assignable to type 'CompatProps'.
        Types of property 'strokeWidth' are incompatible.
          Type 'string | number | undefined' is not assignable to type 'number | undefined'.
            Type 'string' is not assignable to type 'number'.
src/components/lucide-icon-compat.tsx(111,3): error TS2322: Type '({ size, color, strokeWidth, className, style, ...rest }: CompatProps) => Element' is not assignable to type 'LucideIcon'.
  Type '({ size, color, strokeWidth, className, style, ...rest }: CompatProps) => Element' is not assignable to type 'FunctionComponent<SVGProps<SVGSVGElement>>'.
    Types of parameters '__0' and 'props' are incompatible.
      Type 'SVGProps<SVGSVGElement>' is not assignable to type 'CompatProps'.
        Types of property 'strokeWidth' are incompatible.
          Type 'string | number | undefined' is not assignable to type 'number | undefined'.
            Type 'string' is not assignable to type 'number'.
src/components/lucide-icon-compat.tsx(112,3): error TS2322: Type '({ size, color, strokeWidth, className, style, ...rest }: CompatProps) => Element' is not assignable to type 'LucideIcon'.
  Type '({ size, color, strokeWidth, className, style, ...rest }: CompatProps) => Element' is not assignable to type 'FunctionComponent<SVGProps<SVGSVGElement>>'.
    Types of parameters '__0' and 'props' are incompatible.
      Type 'SVGProps<SVGSVGElement>' is not assignable to type 'CompatProps'.
        Types of property 'strokeWidth' are incompatible.
          Type 'string | number | undefined' is not assignable to type 'number | undefined'.
            Type 'string' is not assignable to type 'number'.
src/components/lucide-icon-compat.tsx(113,3): error TS2322: Type '({ size, color, strokeWidth, className, style, ...rest }: CompatProps) => Element' is not assignable to type 'LucideIcon'.
  Type '({ size, color, strokeWidth, className, style, ...rest }: CompatProps) => Element' is not assignable to type 'FunctionComponent<SVGProps<SVGSVGElement>>'.
    Types of parameters '__0' and 'props' are incompatible.
      Type 'SVGProps<SVGSVGElement>' is not assignable to type 'CompatProps'.
        Types of property 'strokeWidth' are incompatible.
          Type 'string | number | undefined' is not assignable to type 'number | undefined'.
            Type 'string' is not assignable to type 'number'.
src/components/lucide-icon-compat.tsx(114,3): error TS2322: Type '({ size, color, strokeWidth, className, style, ...rest }: CompatProps) => Element' is not assignable to type 'LucideIcon'.
  Type '({ size, color, strokeWidth, className, style, ...rest }: CompatProps) => Element' is not assignable to type 'FunctionComponent<SVGProps<SVGSVGElement>>'.
    Types of parameters '__0' and 'props' are incompatible.
      Type 'SVGProps<SVGSVGElement>' is not assignable to type 'CompatProps'.
        Types of property 'strokeWidth' are incompatible.
          Type 'string | number | undefined' is not assignable to type 'number | undefined'.
            Type 'string' is not assignable to type 'number'.
src/components/lucide-icon-compat.tsx(115,3): error TS2322: Type '({ size, color, strokeWidth, className, style, ...rest }: CompatProps) => Element' is not assignable to type 'LucideIcon'.
  Type '({ size, color, strokeWidth, className, style, ...rest }: CompatProps) => Element' is not assignable to type 'FunctionComponent<SVGProps<SVGSVGElement>>'.
    Types of parameters '__0' and 'props' are incompatible.
      Type 'SVGProps<SVGSVGElement>' is not assignable to type 'CompatProps'.
        Types of property 'strokeWidth' are incompatible.
          Type 'string | number | undefined' is not assignable to type 'number | undefined'.
            Type 'string' is not assignable to type 'number'.
src/components/lucide-icon-compat.tsx(116,3): error TS2322: Type '({ size, color, strokeWidth, className, style, ...rest }: CompatProps) => Element' is not assignable to type 'LucideIcon'.
  Type '({ size, color, strokeWidth, className, style, ...rest }: CompatProps) => Element' is not assignable to type 'FunctionComponent<SVGProps<SVGSVGElement>>'.
    Types of parameters '__0' and 'props' are incompatible.
      Type 'SVGProps<SVGSVGElement>' is not assignable to type 'CompatProps'.
        Types of property 'strokeWidth' are incompatible.
          Type 'string | number | undefined' is not assignable to type 'number | undefined'.
            Type 'string' is not assignable to type 'number'.
src/components/lucide-icon-compat.tsx(117,3): error TS2322: Type '({ size, color, strokeWidth, className, style, ...rest }: CompatProps) => Element' is not assignable to type 'LucideIcon'.
  Type '({ size, color, strokeWidth, className, style, ...rest }: CompatProps) => Element' is not assignable to type 'FunctionComponent<SVGProps<SVGSVGElement>>'.
    Types of parameters '__0' and 'props' are incompatible.
      Type 'SVGProps<SVGSVGElement>' is not assignable to type 'CompatProps'.
        Types of property 'strokeWidth' are incompatible.
          Type 'string | number | undefined' is not assignable to type 'number | undefined'.
            Type 'string' is not assignable to type 'number'.
src/components/lucide-icon-compat.tsx(118,3): error TS2322: Type '({ size, color, strokeWidth, className, style, ...rest }: CompatProps) => Element' is not assignable to type 'LucideIcon'.
  Type '({ size, color, strokeWidth, className, style, ...rest }: CompatProps) => Element' is not assignable to type 'FunctionComponent<SVGProps<SVGSVGElement>>'.
    Types of parameters '__0' and 'props' are incompatible.
      Type 'SVGProps<SVGSVGElement>' is not assignable to type 'CompatProps'.
        Types of property 'strokeWidth' are incompatible.
          Type 'string | number | undefined' is not assignable to type 'number | undefined'.
            Type 'string' is not assignable to type 'number'.
src/components/lucide-icon-compat.tsx(119,3): error TS2322: Type '({ size, color, strokeWidth, className, style, ...rest }: CompatProps) => Element' is not assignable to type 'LucideIcon'.
  Type '({ size, color, strokeWidth, className, style, ...rest }: CompatProps) => Element' is not assignable to type 'FunctionComponent<SVGProps<SVGSVGElement>>'.
    Types of parameters '__0' and 'props' are incompatible.
      Type 'SVGProps<SVGSVGElement>' is not assignable to type 'CompatProps'.
        Types of property 'strokeWidth' are incompatible.
          Type 'string | number | undefined' is not assignable to type 'number | undefined'.
            Type 'string' is not assignable to type 'number'.
src/components/lucide-icon-compat.tsx(120,3): error TS2322: Type '({ size, color, strokeWidth, className, style, ...rest }: CompatProps) => Element' is not assignable to type 'LucideIcon'.
  Type '({ size, color, strokeWidth, className, style, ...rest }: CompatProps) => Element' is not assignable to type 'FunctionComponent<SVGProps<SVGSVGElement>>'.
    Types of parameters '__0' and 'props' are incompatible.
      Type 'SVGProps<SVGSVGElement>' is not assignable to type 'CompatProps'.
        Types of property 'strokeWidth' are incompatible.
          Type 'string | number | undefined' is not assignable to type 'number | undefined'.
            Type 'string' is not assignable to type 'number'.
src/components/lucide-icon-compat.tsx(121,3): error TS2322: Type '({ size, color, strokeWidth, className, style, ...rest }: CompatProps) => Element' is not assignable to type 'LucideIcon'.
  Type '({ size, color, strokeWidth, className, style, ...rest }: CompatProps) => Element' is not assignable to type 'FunctionComponent<SVGProps<SVGSVGElement>>'.
    Types of parameters '__0' and 'props' are incompatible.
      Type 'SVGProps<SVGSVGElement>' is not assignable to type 'CompatProps'.
        Types of property 'strokeWidth' are incompatible.
          Type 'string | number | undefined' is not assignable to type 'number | undefined'.
            Type 'string' is not assignable to type 'number'.
src/components/lucide-icon-compat.tsx(122,3): error TS2322: Type '({ size, color, strokeWidth, className, style, ...rest }: CompatProps) => Element' is not assignable to type 'LucideIcon'.
  Type '({ size, color, strokeWidth, className, style, ...rest }: CompatProps) => Element' is not assignable to type 'FunctionComponent<SVGProps<SVGSVGElement>>'.
    Types of parameters '__0' and 'props' are incompatible.
      Type 'SVGProps<SVGSVGElement>' is not assignable to type 'CompatProps'.
        Types of property 'strokeWidth' are incompatible.
          Type 'string | number | undefined' is not assignable to type 'number | undefined'.
            Type 'string' is not assignable to type 'number'.
src/components/lucide-icon-compat.tsx(123,3): error TS2322: Type '({ size, color, strokeWidth, className, style, ...rest }: CompatProps) => Element' is not assignable to type 'LucideIcon'.
  Type '({ size, color, strokeWidth, className, style, ...rest }: CompatProps) => Element' is not assignable to type 'FunctionComponent<SVGProps<SVGSVGElement>>'.
    Types of parameters '__0' and 'props' are incompatible.
      Type 'SVGProps<SVGSVGElement>' is not assignable to type 'CompatProps'.
        Types of property 'strokeWidth' are incompatible.
          Type 'string | number | undefined' is not assignable to type 'number | undefined'.
            Type 'string' is not assignable to type 'number'.
src/components/lucide-icon-compat.tsx(124,3): error TS2322: Type '({ size, color, strokeWidth, className, style, ...rest }: CompatProps) => Element' is not assignable to type 'LucideIcon'.
  Type '({ size, color, strokeWidth, className, style, ...rest }: CompatProps) => Element' is not assignable to type 'FunctionComponent<SVGProps<SVGSVGElement>>'.
    Types of parameters '__0' and 'props' are incompatible.
      Type 'SVGProps<SVGSVGElement>' is not assignable to type 'CompatProps'.
        Types of property 'strokeWidth' are incompatible.
          Type 'string | number | undefined' is not assignable to type 'number | undefined'.
            Type 'string' is not assignable to type 'number'.
src/components/lucide-icon-compat.tsx(125,3): error TS2322: Type '({ size, color, strokeWidth, className, style, ...rest }: CompatProps) => Element' is not assignable to type 'LucideIcon'.
  Type '({ size, color, strokeWidth, className, style, ...rest }: CompatProps) => Element' is not assignable to type 'FunctionComponent<SVGProps<SVGSVGElement>>'.
    Types of parameters '__0' and 'props' are incompatible.
      Type 'SVGProps<SVGSVGElement>' is not assignable to type 'CompatProps'.
        Types of property 'strokeWidth' are incompatible.
          Type 'string | number | undefined' is not assignable to type 'number | undefined'.
            Type 'string' is not assignable to type 'number'.
src/components/lucide-icon-compat.tsx(126,3): error TS2322: Type '({ size, color, strokeWidth, className, style, ...rest }: CompatProps) => Element' is not assignable to type 'LucideIcon'.
  Type '({ size, color, strokeWidth, className, style, ...rest }: CompatProps) => Element' is not assignable to type 'FunctionComponent<SVGProps<SVGSVGElement>>'.
    Types of parameters '__0' and 'props' are incompatible.
      Type 'SVGProps<SVGSVGElement>' is not assignable to type 'CompatProps'.
        Types of property 'strokeWidth' are incompatible.
          Type 'string | number | undefined' is not assignable to type 'number | undefined'.
            Type 'string' is not assignable to type 'number'.
src/components/lucide-icon-compat.tsx(127,3): error TS2322: Type '({ size, color, strokeWidth, className, style, ...rest }: CompatProps) => Element' is not assignable to type 'LucideIcon'.
  Type '({ size, color, strokeWidth, className, style, ...rest }: CompatProps) => Element' is not assignable to type 'FunctionComponent<SVGProps<SVGSVGElement>>'.
    Types of parameters '__0' and 'props' are incompatible.
      Type 'SVGProps<SVGSVGElement>' is not assignable to type 'CompatProps'.
        Types of property 'strokeWidth' are incompatible.
          Type 'string | number | undefined' is not assignable to type 'number | undefined'.
            Type 'string' is not assignable to type 'number'.
src/components/lucide-icon-compat.tsx(128,3): error TS2322: Type '({ size, color, strokeWidth, className, style, ...rest }: CompatProps) => Element' is not assignable to type 'LucideIcon'.
  Type '({ size, color, strokeWidth, className, style, ...rest }: CompatProps) => Element' is not assignable to type 'FunctionComponent<SVGProps<SVGSVGElement>>'.
    Types of parameters '__0' and 'props' are incompatible.
      Type 'SVGProps<SVGSVGElement>' is not assignable to type 'CompatProps'.
        Types of property 'strokeWidth' are incompatible.
          Type 'string | number | undefined' is not assignable to type 'number | undefined'.
            Type 'string' is not assignable to type 'number'.
src/components/lucide-icon-compat.tsx(129,3): error TS2322: Type '({ size, color, strokeWidth, className, style, ...rest }: CompatProps) => Element' is not assignable to type 'LucideIcon'.
  Type '({ size, color, strokeWidth, className, style, ...rest }: CompatProps) => Element' is not assignable to type 'FunctionComponent<SVGProps<SVGSVGElement>>'.
    Types of parameters '__0' and 'props' are incompatible.
      Type 'SVGProps<SVGSVGElement>' is not assignable to type 'CompatProps'.
        Types of property 'strokeWidth' are incompatible.
          Type 'string | number | undefined' is not assignable to type 'number | undefined'.
            Type 'string' is not assignable to type 'number'.
src/components/lucide-icon-compat.tsx(130,3): error TS2322: Type '({ size, color, strokeWidth, className, style, ...rest }: CompatProps) => Element' is not assignable to type 'LucideIcon'.
  Type '({ size, color, strokeWidth, className, style, ...rest }: CompatProps) => Element' is not assignable to type 'FunctionComponent<SVGProps<SVGSVGElement>>'.
    Types of parameters '__0' and 'props' are incompatible.
      Type 'SVGProps<SVGSVGElement>' is not assignable to type 'CompatProps'.
        Types of property 'strokeWidth' are incompatible.
          Type 'string | number | undefined' is not assignable to type 'number | undefined'.
            Type 'string' is not assignable to type 'number'.
src/components/lucide-icon-compat.tsx(131,3): error TS2322: Type '({ size, color, strokeWidth, className, style, ...rest }: CompatProps) => Element' is not assignable to type 'LucideIcon'.
  Type '({ size, color, strokeWidth, className, style, ...rest }: CompatProps) => Element' is not assignable to type 'FunctionComponent<SVGProps<SVGSVGElement>>'.
    Types of parameters '__0' and 'props' are incompatible.
      Type 'SVGProps<SVGSVGElement>' is not assignable to type 'CompatProps'.
        Types of property 'strokeWidth' are incompatible.
          Type 'string | number | undefined' is not assignable to type 'number | undefined'.
            Type 'string' is not assignable to type 'number'.
src/components/lucide-icon-compat.tsx(132,3): error TS2322: Type '({ size, color, strokeWidth, className, style, ...rest }: CompatProps) => Element' is not assignable to type 'LucideIcon'.
  Type '({ size, color, strokeWidth, className, style, ...rest }: CompatProps) => Element' is not assignable to type 'FunctionComponent<SVGProps<SVGSVGElement>>'.
    Types of parameters '__0' and 'props' are incompatible.
      Type 'SVGProps<SVGSVGElement>' is not assignable to type 'CompatProps'.
        Types of property 'strokeWidth' are incompatible.
          Type 'string | number | undefined' is not assignable to type 'number | undefined'.
            Type 'string' is not assignable to type 'number'.
src/components/lucide-icon-compat.tsx(133,3): error TS2322: Type '({ size, color, strokeWidth, className, style, ...rest }: CompatProps) => Element' is not assignable to type 'LucideIcon'.
  Type '({ size, color, strokeWidth, className, style, ...rest }: CompatProps) => Element' is not assignable to type 'FunctionComponent<SVGProps<SVGSVGElement>>'.
    Types of parameters '__0' and 'props' are incompatible.
      Type 'SVGProps<SVGSVGElement>' is not assignable to type 'CompatProps'.
        Types of property 'strokeWidth' are incompatible.
          Type 'string | number | undefined' is not assignable to type 'number | undefined'.
            Type 'string' is not assignable to type 'number'.
src/components/lucide-icon-compat.tsx(134,3): error TS2322: Type '({ size, color, strokeWidth, className, style, ...rest }: CompatProps) => Element' is not assignable to type 'LucideIcon'.
  Type '({ size, color, strokeWidth, className, style, ...rest }: CompatProps) => Element' is not assignable to type 'FunctionComponent<SVGProps<SVGSVGElement>>'.
    Types of parameters '__0' and 'props' are incompatible.
      Type 'SVGProps<SVGSVGElement>' is not assignable to type 'CompatProps'.
        Types of property 'strokeWidth' are incompatible.
          Type 'string | number | undefined' is not assignable to type 'number | undefined'.
            Type 'string' is not assignable to type 'number'.
src/components/lucide-icon-compat.tsx(135,3): error TS2322: Type '({ size, color, strokeWidth, className, style, ...rest }: CompatProps) => Element' is not assignable to type 'LucideIcon'.
  Type '({ size, color, strokeWidth, className, style, ...rest }: CompatProps) => Element' is not assignable to type 'FunctionComponent<SVGProps<SVGSVGElement>>'.
    Types of parameters '__0' and 'props' are incompatible.
      Type 'SVGProps<SVGSVGElement>' is not assignable to type 'CompatProps'.
        Types of property 'strokeWidth' are incompatible.
          Type 'string | number | undefined' is not assignable to type 'number | undefined'.
            Type 'string' is not assignable to type 'number'.
src/components/lucide-icon-compat.tsx(136,3): error TS2322: Type '({ size, color, strokeWidth, className, style, ...rest }: CompatProps) => Element' is not assignable to type 'LucideIcon'.
  Type '({ size, color, strokeWidth, className, style, ...rest }: CompatProps) => Element' is not assignable to type 'FunctionComponent<SVGProps<SVGSVGElement>>'.
    Types of parameters '__0' and 'props' are incompatible.
      Type 'SVGProps<SVGSVGElement>' is not assignable to type 'CompatProps'.
        Types of property 'strokeWidth' are incompatible.
          Type 'string | number | undefined' is not assignable to type 'number | undefined'.
            Type 'string' is not assignable to type 'number'.
src/components/lucide-icon-compat.tsx(137,3): error TS2322: Type '({ size, color, strokeWidth, className, style, ...rest }: CompatProps) => Element' is not assignable to type 'LucideIcon'.
  Type '({ size, color, strokeWidth, className, style, ...rest }: CompatProps) => Element' is not assignable to type 'FunctionComponent<SVGProps<SVGSVGElement>>'.
    Types of parameters '__0' and 'props' are incompatible.
      Type 'SVGProps<SVGSVGElement>' is not assignable to type 'CompatProps'.
        Types of property 'strokeWidth' are incompatible.
          Type 'string | number | undefined' is not assignable to type 'number | undefined'.
            Type 'string' is not assignable to type 'number'.
src/components/lucide-icon-compat.tsx(138,3): error TS2322: Type '({ size, color, strokeWidth, className, style, ...rest }: CompatProps) => Element' is not assignable to type 'LucideIcon'.
  Type '({ size, color, strokeWidth, className, style, ...rest }: CompatProps) => Element' is not assignable to type 'FunctionComponent<SVGProps<SVGSVGElement>>'.
    Types of parameters '__0' and 'props' are incompatible.
      Type 'SVGProps<SVGSVGElement>' is not assignable to type 'CompatProps'.
        Types of property 'strokeWidth' are incompatible.
          Type 'string | number | undefined' is not assignable to type 'number | undefined'.
            Type 'string' is not assignable to type 'number'.
src/components/lucide-icon-compat.tsx(139,3): error TS2322: Type '({ size, color, strokeWidth, className, style, ...rest }: CompatProps) => Element' is not assignable to type 'LucideIcon'.
  Type '({ size, color, strokeWidth, className, style, ...rest }: CompatProps) => Element' is not assignable to type 'FunctionComponent<SVGProps<SVGSVGElement>>'.
    Types of parameters '__0' and 'props' are incompatible.
      Type 'SVGProps<SVGSVGElement>' is not assignable to type 'CompatProps'.
        Types of property 'strokeWidth' are incompatible.
          Type 'string | number | undefined' is not assignable to type 'number | undefined'.
            Type 'string' is not assignable to type 'number'.
src/components/lucide-icon-compat.tsx(140,3): error TS2322: Type '({ size, color, strokeWidth, className, style, ...rest }: CompatProps) => Element' is not assignable to type 'LucideIcon'.
  Type '({ size, color, strokeWidth, className, style, ...rest }: CompatProps) => Element' is not assignable to type 'FunctionComponent<SVGProps<SVGSVGElement>>'.
    Types of parameters '__0' and 'props' are incompatible.
      Type 'SVGProps<SVGSVGElement>' is not assignable to type 'CompatProps'.
        Types of property 'strokeWidth' are incompatible.
          Type 'string | number | undefined' is not assignable to type 'number | undefined'.
            Type 'string' is not assignable to type 'number'.
src/components/lucide-icon-compat.tsx(141,3): error TS2322: Type '({ size, color, strokeWidth, className, style, ...rest }: CompatProps) => Element' is not assignable to type 'LucideIcon'.
  Type '({ size, color, strokeWidth, className, style, ...rest }: CompatProps) => Element' is not assignable to type 'FunctionComponent<SVGProps<SVGSVGElement>>'.
    Types of parameters '__0' and 'props' are incompatible.
      Type 'SVGProps<SVGSVGElement>' is not assignable to type 'CompatProps'.
        Types of property 'strokeWidth' are incompatible.
          Type 'string | number | undefined' is not assignable to type 'number | undefined'.
            Type 'string' is not assignable to type 'number'.
src/components/lucide-icon-compat.tsx(142,3): error TS2322: Type '({ size, color, strokeWidth, className, style, ...rest }: CompatProps) => Element' is not assignable to type 'LucideIcon'.
  Type '({ size, color, strokeWidth, className, style, ...rest }: CompatProps) => Element' is not assignable to type 'FunctionComponent<SVGProps<SVGSVGElement>>'.
    Types of parameters '__0' and 'props' are incompatible.
      Type 'SVGProps<SVGSVGElement>' is not assignable to type 'CompatProps'.
        Types of property 'strokeWidth' are incompatible.
          Type 'string | number | undefined' is not assignable to type 'number | undefined'.
            Type 'string' is not assignable to type 'number'.
src/components/lucide-icon-compat.tsx(143,3): error TS2322: Type '({ size, color, strokeWidth, className, style, ...rest }: CompatProps) => Element' is not assignable to type 'LucideIcon'.
  Type '({ size, color, strokeWidth, className, style, ...rest }: CompatProps) => Element' is not assignable to type 'FunctionComponent<SVGProps<SVGSVGElement>>'.
    Types of parameters '__0' and 'props' are incompatible.
      Type 'SVGProps<SVGSVGElement>' is not assignable to type 'CompatProps'.
        Types of property 'strokeWidth' are incompatible.
          Type 'string | number | undefined' is not assignable to type 'number | undefined'.
            Type 'string' is not assignable to type 'number'.
src/components/lucide-icon-compat.tsx(144,3): error TS2322: Type '({ size, color, strokeWidth, className, style, ...rest }: CompatProps) => Element' is not assignable to type 'LucideIcon'.
  Type '({ size, color, strokeWidth, className, style, ...rest }: CompatProps) => Element' is not assignable to type 'FunctionComponent<SVGProps<SVGSVGElement>>'.
    Types of parameters '__0' and 'props' are incompatible.
      Type 'SVGProps<SVGSVGElement>' is not assignable to type 'CompatProps'.
        Types of property 'strokeWidth' are incompatible.
          Type 'string | number | undefined' is not assignable to type 'number | undefined'.
            Type 'string' is not assignable to type 'number'.
src/components/lucide-icon-compat.tsx(145,3): error TS2322: Type '({ size, color, strokeWidth, className, style, ...rest }: CompatProps) => Element' is not assignable to type 'LucideIcon'.
  Type '({ size, color, strokeWidth, className, style, ...rest }: CompatProps) => Element' is not assignable to type 'FunctionComponent<SVGProps<SVGSVGElement>>'.
    Types of parameters '__0' and 'props' are incompatible.
      Type 'SVGProps<SVGSVGElement>' is not assignable to type 'CompatProps'.
        Types of property 'strokeWidth' are incompatible.
          Type 'string | number | undefined' is not assignable to type 'number | undefined'.
            Type 'string' is not assignable to type 'number'.
src/components/lucide-icon-compat.tsx(146,3): error TS2322: Type '({ size, color, strokeWidth, className, style, ...rest }: CompatProps) => Element' is not assignable to type 'LucideIcon'.
  Type '({ size, color, strokeWidth, className, style, ...rest }: CompatProps) => Element' is not assignable to type 'FunctionComponent<SVGProps<SVGSVGElement>>'.
    Types of parameters '__0' and 'props' are incompatible.
      Type 'SVGProps<SVGSVGElement>' is not assignable to type 'CompatProps'.
        Types of property 'strokeWidth' are incompatible.
          Type 'string | number | undefined' is not assignable to type 'number | undefined'.
            Type 'string' is not assignable to type 'number'.
src/components/lucide-icon-compat.tsx(147,3): error TS2322: Type '({ size, color, strokeWidth, className, style, ...rest }: CompatProps) => Element' is not assignable to type 'LucideIcon'.
  Type '({ size, color, strokeWidth, className, style, ...rest }: CompatProps) => Element' is not assignable to type 'FunctionComponent<SVGProps<SVGSVGElement>>'.
    Types of parameters '__0' and 'props' are incompatible.
      Type 'SVGProps<SVGSVGElement>' is not assignable to type 'CompatProps'.
        Types of property 'strokeWidth' are incompatible.
          Type 'string | number | undefined' is not assignable to type 'number | undefined'.
            Type 'string' is not assignable to type 'number'.
src/components/lucide-icon-compat.tsx(148,3): error TS2322: Type '({ size, color, strokeWidth, className, style, ...rest }: CompatProps) => Element' is not assignable to type 'LucideIcon'.
  Type '({ size, color, strokeWidth, className, style, ...rest }: CompatProps) => Element' is not assignable to type 'FunctionComponent<SVGProps<SVGSVGElement>>'.
    Types of parameters '__0' and 'props' are incompatible.
      Type 'SVGProps<SVGSVGElement>' is not assignable to type 'CompatProps'.
        Types of property 'strokeWidth' are incompatible.
          Type 'string | number | undefined' is not assignable to type 'number | undefined'.
            Type 'string' is not assignable to type 'number'.
src/components/lucide-icon-compat.tsx(149,3): error TS2322: Type '({ size, color, strokeWidth, className, style, ...rest }: CompatProps) => Element' is not assignable to type 'LucideIcon'.
  Type '({ size, color, strokeWidth, className, style, ...rest }: CompatProps) => Element' is not assignable to type 'FunctionComponent<SVGProps<SVGSVGElement>>'.
    Types of parameters '__0' and 'props' are incompatible.
      Type 'SVGProps<SVGSVGElement>' is not assignable to type 'CompatProps'.
        Types of property 'strokeWidth' are incompatible.
          Type 'string | number | undefined' is not assignable to type 'number | undefined'.
            Type 'string' is not assignable to type 'number'.
src/components/lucide-icon-compat.tsx(150,3): error TS2322: Type '({ size, color, strokeWidth, className, style, ...rest }: CompatProps) => Element' is not assignable to type 'LucideIcon'.
  Type '({ size, color, strokeWidth, className, style, ...rest }: CompatProps) => Element' is not assignable to type 'FunctionComponent<SVGProps<SVGSVGElement>>'.
    Types of parameters '__0' and 'props' are incompatible.
      Type 'SVGProps<SVGSVGElement>' is not assignable to type 'CompatProps'.
        Types of property 'strokeWidth' are incompatible.
          Type 'string | number | undefined' is not assignable to type 'number | undefined'.
            Type 'string' is not assignable to type 'number'.
src/components/lucide-icon-compat.tsx(151,3): error TS2322: Type '({ size, color, strokeWidth, className, style, ...rest }: CompatProps) => Element' is not assignable to type 'LucideIcon'.
  Type '({ size, color, strokeWidth, className, style, ...rest }: CompatProps) => Element' is not assignable to type 'FunctionComponent<SVGProps<SVGSVGElement>>'.
    Types of parameters '__0' and 'props' are incompatible.
      Type 'SVGProps<SVGSVGElement>' is not assignable to type 'CompatProps'.
        Types of property 'strokeWidth' are incompatible.
          Type 'string | number | undefined' is not assignable to type 'number | undefined'.
            Type 'string' is not assignable to type 'number'.
src/components/lucide-icon-compat.tsx(152,3): error TS2322: Type '({ size, color, strokeWidth, className, style, ...rest }: CompatProps) => Element' is not assignable to type 'LucideIcon'.
  Type '({ size, color, strokeWidth, className, style, ...rest }: CompatProps) => Element' is not assignable to type 'FunctionComponent<SVGProps<SVGSVGElement>>'.
    Types of parameters '__0' and 'props' are incompatible.
      Type 'SVGProps<SVGSVGElement>' is not assignable to type 'CompatProps'.
        Types of property 'strokeWidth' are incompatible.
          Type 'string | number | undefined' is not assignable to type 'number | undefined'.
            Type 'string' is not assignable to type 'number'.
src/components/lucide-icon-compat.tsx(153,3): error TS2322: Type '({ size, color, strokeWidth, className, style, ...rest }: CompatProps) => Element' is not assignable to type 'LucideIcon'.
  Type '({ size, color, strokeWidth, className, style, ...rest }: CompatProps) => Element' is not assignable to type 'FunctionComponent<SVGProps<SVGSVGElement>>'.
    Types of parameters '__0' and 'props' are incompatible.
      Type 'SVGProps<SVGSVGElement>' is not assignable to type 'CompatProps'.
        Types of property 'strokeWidth' are incompatible.
          Type 'string | number | undefined' is not assignable to type 'number | undefined'.
            Type 'string' is not assignable to type 'number'.
src/components/lucide-icon-compat.tsx(154,3): error TS2322: Type '({ size, color, strokeWidth, className, style, ...rest }: CompatProps) => Element' is not assignable to type 'LucideIcon'.
  Type '({ size, color, strokeWidth, className, style, ...rest }: CompatProps) => Element' is not assignable to type 'FunctionComponent<SVGProps<SVGSVGElement>>'.
    Types of parameters '__0' and 'props' are incompatible.
      Type 'SVGProps<SVGSVGElement>' is not assignable to type 'CompatProps'.
        Types of property 'strokeWidth' are incompatible.
          Type 'string | number | undefined' is not assignable to type 'number | undefined'.
            Type 'string' is not assignable to type 'number'.
src/components/lucide-icon-compat.tsx(155,3): error TS2322: Type '({ size, color, strokeWidth, className, style, ...rest }: CompatProps) => Element' is not assignable to type 'LucideIcon'.
  Type '({ size, color, strokeWidth, className, style, ...rest }: CompatProps) => Element' is not assignable to type 'FunctionComponent<SVGProps<SVGSVGElement>>'.
    Types of parameters '__0' and 'props' are incompatible.
      Type 'SVGProps<SVGSVGElement>' is not assignable to type 'CompatProps'.
        Types of property 'strokeWidth' are incompatible.
          Type 'string | number | undefined' is not assignable to type 'number | undefined'.
            Type 'string' is not assignable to type 'number'.
src/components/lucide-icon-compat.tsx(156,3): error TS2322: Type '({ size, color, strokeWidth, className, style, ...rest }: CompatProps) => Element' is not assignable to type 'LucideIcon'.
  Type '({ size, color, strokeWidth, className, style, ...rest }: CompatProps) => Element' is not assignable to type 'FunctionComponent<SVGProps<SVGSVGElement>>'.
    Types of parameters '__0' and 'props' are incompatible.
      Type 'SVGProps<SVGSVGElement>' is not assignable to type 'CompatProps'.
        Types of property 'strokeWidth' are incompatible.
          Type 'string | number | undefined' is not assignable to type 'number | undefined'.
            Type 'string' is not assignable to type 'number'.
src/components/lucide-icon-compat.tsx(157,3): error TS2322: Type '({ size, color, strokeWidth, className, style, ...rest }: CompatProps) => Element' is not assignable to type 'LucideIcon'.
  Type '({ size, color, strokeWidth, className, style, ...rest }: CompatProps) => Element' is not assignable to type 'FunctionComponent<SVGProps<SVGSVGElement>>'.
    Types of parameters '__0' and 'props' are incompatible.
      Type 'SVGProps<SVGSVGElement>' is not assignable to type 'CompatProps'.
        Types of property 'strokeWidth' are incompatible.
          Type 'string | number | undefined' is not assignable to type 'number | undefined'.
            Type 'string' is not assignable to type 'number'.
src/components/lucide-icon-compat.tsx(158,3): error TS2322: Type '({ size, color, strokeWidth, className, style, ...rest }: CompatProps) => Element' is not assignable to type 'LucideIcon'.
  Type '({ size, color, strokeWidth, className, style, ...rest }: CompatProps) => Element' is not assignable to type 'FunctionComponent<SVGProps<SVGSVGElement>>'.
    Types of parameters '__0' and 'props' are incompatible.
      Type 'SVGProps<SVGSVGElement>' is not assignable to type 'CompatProps'.
        Types of property 'strokeWidth' are incompatible.
          Type 'string | number | undefined' is not assignable to type 'number | undefined'.
            Type 'string' is not assignable to type 'number'.
src/components/lucide-icon-compat.tsx(159,3): error TS2322: Type '({ size, color, strokeWidth, className, style, ...rest }: CompatProps) => Element' is not assignable to type 'LucideIcon'.
  Type '({ size, color, strokeWidth, className, style, ...rest }: CompatProps) => Element' is not assignable to type 'FunctionComponent<SVGProps<SVGSVGElement>>'.
    Types of parameters '__0' and 'props' are incompatible.
      Type 'SVGProps<SVGSVGElement>' is not assignable to type 'CompatProps'.
        Types of property 'strokeWidth' are incompatible.
          Type 'string | number | undefined' is not assignable to type 'number | undefined'.
            Type 'string' is not assignable to type 'number'.
src/components/lucide-icon-compat.tsx(160,3): error TS2322: Type '({ size, color, strokeWidth, className, style, ...rest }: CompatProps) => Element' is not assignable to type 'LucideIcon'.
  Type '({ size, color, strokeWidth, className, style, ...rest }: CompatProps) => Element' is not assignable to type 'FunctionComponent<SVGProps<SVGSVGElement>>'.
    Types of parameters '__0' and 'props' are incompatible.
      Type 'SVGProps<SVGSVGElement>' is not assignable to type 'CompatProps'.
        Types of property 'strokeWidth' are incompatible.
          Type 'string | number | undefined' is not assignable to type 'number | undefined'.
            Type 'string' is not assignable to type 'number'.
src/components/lucide-icon-compat.tsx(161,3): error TS2322: Type '({ size, color, strokeWidth, className, style, ...rest }: CompatProps) => Element' is not assignable to type 'LucideIcon'.
  Type '({ size, color, strokeWidth, className, style, ...rest }: CompatProps) => Element' is not assignable to type 'FunctionComponent<SVGProps<SVGSVGElement>>'.
    Types of parameters '__0' and 'props' are incompatible.
      Type 'SVGProps<SVGSVGElement>' is not assignable to type 'CompatProps'.
        Types of property 'strokeWidth' are incompatible.
          Type 'string | number | undefined' is not assignable to type 'number | undefined'.
            Type 'string' is not assignable to type 'number'.
src/components/lucide-icon-compat.tsx(162,3): error TS2322: Type '({ size, color, strokeWidth, className, style, ...rest }: CompatProps) => Element' is not assignable to type 'LucideIcon'.
  Type '({ size, color, strokeWidth, className, style, ...rest }: CompatProps) => Element' is not assignable to type 'FunctionComponent<SVGProps<SVGSVGElement>>'.
    Types of parameters '__0' and 'props' are incompatible.
      Type 'SVGProps<SVGSVGElement>' is not assignable to type 'CompatProps'.
        Types of property 'strokeWidth' are incompatible.
          Type 'string | number | undefined' is not assignable to type 'number | undefined'.
            Type 'string' is not assignable to type 'number'.
src/components/lucide-icon-compat.tsx(163,3): error TS2322: Type '({ size, color, strokeWidth, className, style, ...rest }: CompatProps) => Element' is not assignable to type 'LucideIcon'.
  Type '({ size, color, strokeWidth, className, style, ...rest }: CompatProps) => Element' is not assignable to type 'FunctionComponent<SVGProps<SVGSVGElement>>'.
    Types of parameters '__0' and 'props' are incompatible.
      Type 'SVGProps<SVGSVGElement>' is not assignable to type 'CompatProps'.
        Types of property 'strokeWidth' are incompatible.
          Type 'string | number | undefined' is not assignable to type 'number | undefined'.
            Type 'string' is not assignable to type 'number'.
src/components/lucide-icon-compat.tsx(164,3): error TS2322: Type '({ size, color, strokeWidth, className, style, ...rest }: CompatProps) => Element' is not assignable to type 'LucideIcon'.
  Type '({ size, color, strokeWidth, className, style, ...rest }: CompatProps) => Element' is not assignable to type 'FunctionComponent<SVGProps<SVGSVGElement>>'.
    Types of parameters '__0' and 'props' are incompatible.
      Type 'SVGProps<SVGSVGElement>' is not assignable to type 'CompatProps'.
        Types of property 'strokeWidth' are incompatible.
          Type 'string | number | undefined' is not assignable to type 'number | undefined'.
            Type 'string' is not assignable to type 'number'.
src/components/lucide-icon-compat.tsx(165,3): error TS2322: Type '({ size, color, strokeWidth, className, style, ...rest }: CompatProps) => Element' is not assignable to type 'LucideIcon'.
  Type '({ size, color, strokeWidth, className, style, ...rest }: CompatProps) => Element' is not assignable to type 'FunctionComponent<SVGProps<SVGSVGElement>>'.
    Types of parameters '__0' and 'props' are incompatible.
      Type 'SVGProps<SVGSVGElement>' is not assignable to type 'CompatProps'.
        Types of property 'strokeWidth' are incompatible.
          Type 'string | number | undefined' is not assignable to type 'number | undefined'.
            Type 'string' is not assignable to type 'number'.
src/components/lucide-icon-compat.tsx(166,3): error TS2322: Type '({ size, color, strokeWidth, className, style, ...rest }: CompatProps) => Element' is not assignable to type 'LucideIcon'.
  Type '({ size, color, strokeWidth, className, style, ...rest }: CompatProps) => Element' is not assignable to type 'FunctionComponent<SVGProps<SVGSVGElement>>'.
    Types of parameters '__0' and 'props' are incompatible.
      Type 'SVGProps<SVGSVGElement>' is not assignable to type 'CompatProps'.
        Types of property 'strokeWidth' are incompatible.
          Type 'string | number | undefined' is not assignable to type 'number | undefined'.
            Type 'string' is not assignable to type 'number'.
src/components/lucide-icon-compat.tsx(167,3): error TS2322: Type '({ size, color, strokeWidth, className, style, ...rest }: CompatProps) => Element' is not assignable to type 'LucideIcon'.
  Type '({ size, color, strokeWidth, className, style, ...rest }: CompatProps) => Element' is not assignable to type 'FunctionComponent<SVGProps<SVGSVGElement>>'.
    Types of parameters '__0' and 'props' are incompatible.
      Type 'SVGProps<SVGSVGElement>' is not assignable to type 'CompatProps'.
        Types of property 'strokeWidth' are incompatible.
          Type 'string | number | undefined' is not assignable to type 'number | undefined'.
            Type 'string' is not assignable to type 'number'.
src/components/lucide-icon-compat.tsx(168,3): error TS2322: Type '({ size, color, strokeWidth, className, style, ...rest }: CompatProps) => Element' is not assignable to type 'LucideIcon'.
  Type '({ size, color, strokeWidth, className, style, ...rest }: CompatProps) => Element' is not assignable to type 'FunctionComponent<SVGProps<SVGSVGElement>>'.
    Types of parameters '__0' and 'props' are incompatible.
      Type 'SVGProps<SVGSVGElement>' is not assignable to type 'CompatProps'.
        Types of property 'strokeWidth' are incompatible.
          Type 'string | number | undefined' is not assignable to type 'number | undefined'.
            Type 'string' is not assignable to type 'number'.
src/components/lucide-icon-compat.tsx(169,3): error TS2322: Type '({ size, color, strokeWidth, className, style, ...rest }: CompatProps) => Element' is not assignable to type 'LucideIcon'.
  Type '({ size, color, strokeWidth, className, style, ...rest }: CompatProps) => Element' is not assignable to type 'FunctionComponent<SVGProps<SVGSVGElement>>'.
    Types of parameters '__0' and 'props' are incompatible.
      Type 'SVGProps<SVGSVGElement>' is not assignable to type 'CompatProps'.
        Types of property 'strokeWidth' are incompatible.
          Type 'string | number | undefined' is not assignable to type 'number | undefined'.
            Type 'string' is not assignable to type 'number'.
src/components/lucide-icon-compat.tsx(170,3): error TS2322: Type '({ size, color, strokeWidth, className, style, ...rest }: CompatProps) => Element' is not assignable to type 'LucideIcon'.
  Type '({ size, color, strokeWidth, className, style, ...rest }: CompatProps) => Element' is not assignable to type 'FunctionComponent<SVGProps<SVGSVGElement>>'.
    Types of parameters '__0' and 'props' are incompatible.
      Type 'SVGProps<SVGSVGElement>' is not assignable to type 'CompatProps'.
        Types of property 'strokeWidth' are incompatible.
          Type 'string | number | undefined' is not assignable to type 'number | undefined'.
            Type 'string' is not assignable to type 'number'.
src/components/lucide-icon-compat.tsx(171,3): error TS2322: Type '({ size, color, strokeWidth, className, style, ...rest }: CompatProps) => Element' is not assignable to type 'LucideIcon'.
  Type '({ size, color, strokeWidth, className, style, ...rest }: CompatProps) => Element' is not assignable to type 'FunctionComponent<SVGProps<SVGSVGElement>>'.
    Types of parameters '__0' and 'props' are incompatible.
      Type 'SVGProps<SVGSVGElement>' is not assignable to type 'CompatProps'.
        Types of property 'strokeWidth' are incompatible.
          Type 'string | number | undefined' is not assignable to type 'number | undefined'.
            Type 'string' is not assignable to type 'number'.
src/components/lucide-icon-compat.tsx(172,3): error TS2322: Type '({ size, color, strokeWidth, className, style, ...rest }: CompatProps) => Element' is not assignable to type 'LucideIcon'.
  Type '({ size, color, strokeWidth, className, style, ...rest }: CompatProps) => Element' is not assignable to type 'FunctionComponent<SVGProps<SVGSVGElement>>'.
    Types of parameters '__0' and 'props' are incompatible.
      Type 'SVGProps<SVGSVGElement>' is not assignable to type 'CompatProps'.
        Types of property 'strokeWidth' are incompatible.
          Type 'string | number | undefined' is not assignable to type 'number | undefined'.
            Type 'string' is not assignable to type 'number'.
src/components/lucide-icon-compat.tsx(173,3): error TS2322: Type '({ size, color, strokeWidth, className, style, ...rest }: CompatProps) => Element' is not assignable to type 'LucideIcon'.
  Type '({ size, color, strokeWidth, className, style, ...rest }: CompatProps) => Element' is not assignable to type 'FunctionComponent<SVGProps<SVGSVGElement>>'.
    Types of parameters '__0' and 'props' are incompatible.
      Type 'SVGProps<SVGSVGElement>' is not assignable to type 'CompatProps'.
        Types of property 'strokeWidth' are incompatible.
          Type 'string | number | undefined' is not assignable to type 'number | undefined'.
            Type 'string' is not assignable to type 'number'.
src/components/lucide-icon-compat.tsx(174,3): error TS2322: Type '({ size, color, strokeWidth, className, style, ...rest }: CompatProps) => Element' is not assignable to type 'LucideIcon'.
  Type '({ size, color, strokeWidth, className, style, ...rest }: CompatProps) => Element' is not assignable to type 'FunctionComponent<SVGProps<SVGSVGElement>>'.
    Types of parameters '__0' and 'props' are incompatible.
      Type 'SVGProps<SVGSVGElement>' is not assignable to type 'CompatProps'.
        Types of property 'strokeWidth' are incompatible.
          Type 'string | number | undefined' is not assignable to type 'number | undefined'.
            Type 'string' is not assignable to type 'number'.
src/components/lucide-icon-compat.tsx(175,3): error TS2322: Type '({ size, color, strokeWidth, className, style, ...rest }: CompatProps) => Element' is not assignable to type 'LucideIcon'.
  Type '({ size, color, strokeWidth, className, style, ...rest }: CompatProps) => Element' is not assignable to type 'FunctionComponent<SVGProps<SVGSVGElement>>'.
    Types of parameters '__0' and 'props' are incompatible.
      Type 'SVGProps<SVGSVGElement>' is not assignable to type 'CompatProps'.
        Types of property 'strokeWidth' are incompatible.
          Type 'string | number | undefined' is not assignable to type 'number | undefined'.
            Type 'string' is not assignable to type 'number'.
src/components/lucide-icon-compat.tsx(176,3): error TS2322: Type '({ size, color, strokeWidth, className, style, ...rest }: CompatProps) => Element' is not assignable to type 'LucideIcon'.
  Type '({ size, color, strokeWidth, className, style, ...rest }: CompatProps) => Element' is not assignable to type 'FunctionComponent<SVGProps<SVGSVGElement>>'.
    Types of parameters '__0' and 'props' are incompatible.
      Type 'SVGProps<SVGSVGElement>' is not assignable to type 'CompatProps'.
        Types of property 'strokeWidth' are incompatible.
          Type 'string | number | undefined' is not assignable to type 'number | undefined'.
            Type 'string' is not assignable to type 'number'.
src/components/lucide-icon-compat.tsx(177,3): error TS2322: Type '({ size, color, strokeWidth, className, style, ...rest }: CompatProps) => Element' is not assignable to type 'LucideIcon'.
  Type '({ size, color, strokeWidth, className, style, ...rest }: CompatProps) => Element' is not assignable to type 'FunctionComponent<SVGProps<SVGSVGElement>>'.
    Types of parameters '__0' and 'props' are incompatible.
      Type 'SVGProps<SVGSVGElement>' is not assignable to type 'CompatProps'.
        Types of property 'strokeWidth' are incompatible.
          Type 'string | number | undefined' is not assignable to type 'number | undefined'.
            Type 'string' is not assignable to type 'number'.
src/components/lucide-icon-compat.tsx(178,3): error TS2322: Type '({ size, color, strokeWidth, className, style, ...rest }: CompatProps) => Element' is not assignable to type 'LucideIcon'.
  Type '({ size, color, strokeWidth, className, style, ...rest }: CompatProps) => Element' is not assignable to type 'FunctionComponent<SVGProps<SVGSVGElement>>'.
    Types of parameters '__0' and 'props' are incompatible.
      Type 'SVGProps<SVGSVGElement>' is not assignable to type 'CompatProps'.
        Types of property 'strokeWidth' are incompatible.
          Type 'string | number | undefined' is not assignable to type 'number | undefined'.
            Type 'string' is not assignable to type 'number'.
src/components/lucide-icon-compat.tsx(179,3): error TS2322: Type '({ size, color, strokeWidth, className, style, ...rest }: CompatProps) => Element' is not assignable to type 'LucideIcon'.
  Type '({ size, color, strokeWidth, className, style, ...rest }: CompatProps) => Element' is not assignable to type 'FunctionComponent<SVGProps<SVGSVGElement>>'.
    Types of parameters '__0' and 'props' are incompatible.
      Type 'SVGProps<SVGSVGElement>' is not assignable to type 'CompatProps'.
        Types of property 'strokeWidth' are incompatible.
          Type 'string | number | undefined' is not assignable to type 'number | undefined'.
            Type 'string' is not assignable to type 'number'.
src/components/lucide-icon-compat.tsx(180,3): error TS2322: Type '({ size, color, strokeWidth, className, style, ...rest }: CompatProps) => Element' is not assignable to type 'LucideIcon'.
  Type '({ size, color, strokeWidth, className, style, ...rest }: CompatProps) => Element' is not assignable to type 'FunctionComponent<SVGProps<SVGSVGElement>>'.
    Types of parameters '__0' and 'props' are incompatible.
      Type 'SVGProps<SVGSVGElement>' is not assignable to type 'CompatProps'.
        Types of property 'strokeWidth' are incompatible.
          Type 'string | number | undefined' is not assignable to type 'number | undefined'.
            Type 'string' is not assignable to type 'number'.
src/components/lucide-icon-compat.tsx(181,3): error TS2322: Type '({ size, color, strokeWidth, className, style, ...rest }: CompatProps) => Element' is not assignable to type 'LucideIcon'.
  Type '({ size, color, strokeWidth, className, style, ...rest }: CompatProps) => Element' is not assignable to type 'FunctionComponent<SVGProps<SVGSVGElement>>'.
    Types of parameters '__0' and 'props' are incompatible.
      Type 'SVGProps<SVGSVGElement>' is not assignable to type 'CompatProps'.
        Types of property 'strokeWidth' are incompatible.
          Type 'string | number | undefined' is not assignable to type 'number | undefined'.
            Type 'string' is not assignable to type 'number'.
src/components/lucide-icon-compat.tsx(182,3): error TS2322: Type '({ size, color, strokeWidth, className, style, ...rest }: CompatProps) => Element' is not assignable to type 'LucideIcon'.
  Type '({ size, color, strokeWidth, className, style, ...rest }: CompatProps) => Element' is not assignable to type 'FunctionComponent<SVGProps<SVGSVGElement>>'.
    Types of parameters '__0' and 'props' are incompatible.
      Type 'SVGProps<SVGSVGElement>' is not assignable to type 'CompatProps'.
        Types of property 'strokeWidth' are incompatible.
          Type 'string | number | undefined' is not assignable to type 'number | undefined'.
            Type 'string' is not assignable to type 'number'.
src/components/lucide-icon-compat.tsx(183,3): error TS2322: Type '({ size, color, strokeWidth, className, style, ...rest }: CompatProps) => Element' is not assignable to type 'LucideIcon'.
  Type '({ size, color, strokeWidth, className, style, ...rest }: CompatProps) => Element' is not assignable to type 'FunctionComponent<SVGProps<SVGSVGElement>>'.
    Types of parameters '__0' and 'props' are incompatible.
      Type 'SVGProps<SVGSVGElement>' is not assignable to type 'CompatProps'.
        Types of property 'strokeWidth' are incompatible.
          Type 'string | number | undefined' is not assignable to type 'number | undefined'.
            Type 'string' is not assignable to type 'number'.
src/components/lucide-icon-compat.tsx(184,3): error TS2322: Type '({ size, color, strokeWidth, className, style, ...rest }: CompatProps) => Element' is not assignable to type 'LucideIcon'.
  Type '({ size, color, strokeWidth, className, style, ...rest }: CompatProps) => Element' is not assignable to type 'FunctionComponent<SVGProps<SVGSVGElement>>'.
    Types of parameters '__0' and 'props' are incompatible.
      Type 'SVGProps<SVGSVGElement>' is not assignable to type 'CompatProps'.
        Types of property 'strokeWidth' are incompatible.
          Type 'string | number | undefined' is not assignable to type 'number | undefined'.
            Type 'string' is not assignable to type 'number'.
src/components/lucide-icon-compat.tsx(185,3): error TS2322: Type '({ size, color, strokeWidth, className, style, ...rest }: CompatProps) => Element' is not assignable to type 'LucideIcon'.
  Type '({ size, color, strokeWidth, className, style, ...rest }: CompatProps) => Element' is not assignable to type 'FunctionComponent<SVGProps<SVGSVGElement>>'.
    Types of parameters '__0' and 'props' are incompatible.
      Type 'SVGProps<SVGSVGElement>' is not assignable to type 'CompatProps'.
        Types of property 'strokeWidth' are incompatible.
          Type 'string | number | undefined' is not assignable to type 'number | undefined'.
            Type 'string' is not assignable to type 'number'.
src/components/lucide-icon-compat.tsx(186,3): error TS2322: Type '({ size, color, strokeWidth, className, style, ...rest }: CompatProps) => Element' is not assignable to type 'LucideIcon'.
  Type '({ size, color, strokeWidth, className, style, ...rest }: CompatProps) => Element' is not assignable to type 'FunctionComponent<SVGProps<SVGSVGElement>>'.
    Types of parameters '__0' and 'props' are incompatible.
      Type 'SVGProps<SVGSVGElement>' is not assignable to type 'CompatProps'.
        Types of property 'strokeWidth' are incompatible.
          Type 'string | number | undefined' is not assignable to type 'number | undefined'.
            Type 'string' is not assignable to type 'number'.
src/components/lucide-icon-compat.tsx(187,3): error TS2322: Type '({ size, color, strokeWidth, className, style, ...rest }: CompatProps) => Element' is not assignable to type 'LucideIcon'.
  Type '({ size, color, strokeWidth, className, style, ...rest }: CompatProps) => Element' is not assignable to type 'FunctionComponent<SVGProps<SVGSVGElement>>'.
    Types of parameters '__0' and 'props' are incompatible.
      Type 'SVGProps<SVGSVGElement>' is not assignable to type 'CompatProps'.
        Types of property 'strokeWidth' are incompatible.
          Type 'string | number | undefined' is not assignable to type 'number | undefined'.
            Type 'string' is not assignable to type 'number'.
src/components/lucide-icon-compat.tsx(188,3): error TS2322: Type '({ size, color, strokeWidth, className, style, ...rest }: CompatProps) => Element' is not assignable to type 'LucideIcon'.
  Type '({ size, color, strokeWidth, className, style, ...rest }: CompatProps) => Element' is not assignable to type 'FunctionComponent<SVGProps<SVGSVGElement>>'.
    Types of parameters '__0' and 'props' are incompatible.
      Type 'SVGProps<SVGSVGElement>' is not assignable to type 'CompatProps'.
        Types of property 'strokeWidth' are incompatible.
          Type 'string | number | undefined' is not assignable to type 'number | undefined'.
            Type 'string' is not assignable to type 'number'.
src/components/lucide-icon-compat.tsx(189,3): error TS2322: Type '({ size, color, strokeWidth, className, style, ...rest }: CompatProps) => Element' is not assignable to type 'LucideIcon'.
  Type '({ size, color, strokeWidth, className, style, ...rest }: CompatProps) => Element' is not assignable to type 'FunctionComponent<SVGProps<SVGSVGElement>>'.
    Types of parameters '__0' and 'props' are incompatible.
      Type 'SVGProps<SVGSVGElement>' is not assignable to type 'CompatProps'.
        Types of property 'strokeWidth' are incompatible.
          Type 'string | number | undefined' is not assignable to type 'number | undefined'.
            Type 'string' is not assignable to type 'number'.
src/components/lucide-icon-compat.tsx(190,3): error TS2322: Type '({ size, color, strokeWidth, className, style, ...rest }: CompatProps) => Element' is not assignable to type 'LucideIcon'.
  Type '({ size, color, strokeWidth, className, style, ...rest }: CompatProps) => Element' is not assignable to type 'FunctionComponent<SVGProps<SVGSVGElement>>'.
    Types of parameters '__0' and 'props' are incompatible.
      Type 'SVGProps<SVGSVGElement>' is not assignable to type 'CompatProps'.
        Types of property 'strokeWidth' are incompatible.
          Type 'string | number | undefined' is not assignable to type 'number | undefined'.
            Type 'string' is not assignable to type 'number'.
src/components/lucide-icon-compat.tsx(191,3): error TS2322: Type '({ size, color, strokeWidth, className, style, ...rest }: CompatProps) => Element' is not assignable to type 'LucideIcon'.
  Type '({ size, color, strokeWidth, className, style, ...rest }: CompatProps) => Element' is not assignable to type 'FunctionComponent<SVGProps<SVGSVGElement>>'.
    Types of parameters '__0' and 'props' are incompatible.
      Type 'SVGProps<SVGSVGElement>' is not assignable to type 'CompatProps'.
        Types of property 'strokeWidth' are incompatible.
          Type 'string | number | undefined' is not assignable to type 'number | undefined'.
            Type 'string' is not assignable to type 'number'.
src/components/lucide-icon-compat.tsx(192,3): error TS2322: Type '({ size, color, strokeWidth, className, style, ...rest }: CompatProps) => Element' is not assignable to type 'LucideIcon'.
  Type '({ size, color, strokeWidth, className, style, ...rest }: CompatProps) => Element' is not assignable to type 'FunctionComponent<SVGProps<SVGSVGElement>>'.
    Types of parameters '__0' and 'props' are incompatible.
      Type 'SVGProps<SVGSVGElement>' is not assignable to type 'CompatProps'.
        Types of property 'strokeWidth' are incompatible.
          Type 'string | number | undefined' is not assignable to type 'number | undefined'.
            Type 'string' is not assignable to type 'number'.
src/components/lucide-icon-compat.tsx(193,3): error TS2322: Type '({ size, color, strokeWidth, className, style, ...rest }: CompatProps) => Element' is not assignable to type 'LucideIcon'.
  Type '({ size, color, strokeWidth, className, style, ...rest }: CompatProps) => Element' is not assignable to type 'FunctionComponent<SVGProps<SVGSVGElement>>'.
    Types of parameters '__0' and 'props' are incompatible.
      Type 'SVGProps<SVGSVGElement>' is not assignable to type 'CompatProps'.
        Types of property 'strokeWidth' are incompatible.
          Type 'string | number | undefined' is not assignable to type 'number | undefined'.
            Type 'string' is not assignable to type 'number'.
src/components/lucide-icon-compat.tsx(194,3): error TS2322: Type '({ size, color, strokeWidth, className, style, ...rest }: CompatProps) => Element' is not assignable to type 'LucideIcon'.
  Type '({ size, color, strokeWidth, className, style, ...rest }: CompatProps) => Element' is not assignable to type 'FunctionComponent<SVGProps<SVGSVGElement>>'.
    Types of parameters '__0' and 'props' are incompatible.
      Type 'SVGProps<SVGSVGElement>' is not assignable to type 'CompatProps'.
        Types of property 'strokeWidth' are incompatible.
          Type 'string | number | undefined' is not assignable to type 'number | undefined'.
            Type 'string' is not assignable to type 'number'.
src/components/lucide-icon-compat.tsx(195,3): error TS2322: Type '({ size, color, strokeWidth, className, style, ...rest }: CompatProps) => Element' is not assignable to type 'LucideIcon'.
  Type '({ size, color, strokeWidth, className, style, ...rest }: CompatProps) => Element' is not assignable to type 'FunctionComponent<SVGProps<SVGSVGElement>>'.
    Types of parameters '__0' and 'props' are incompatible.
      Type 'SVGProps<SVGSVGElement>' is not assignable to type 'CompatProps'.
        Types of property 'strokeWidth' are incompatible.
          Type 'string | number | undefined' is not assignable to type 'number | undefined'.
            Type 'string' is not assignable to type 'number'.
src/components/lucide-icon-compat.tsx(196,3): error TS2322: Type '({ size, color, strokeWidth, className, style, ...rest }: CompatProps) => Element' is not assignable to type 'LucideIcon'.
  Type '({ size, color, strokeWidth, className, style, ...rest }: CompatProps) => Element' is not assignable to type 'FunctionComponent<SVGProps<SVGSVGElement>>'.
    Types of parameters '__0' and 'props' are incompatible.
      Type 'SVGProps<SVGSVGElement>' is not assignable to type 'CompatProps'.
        Types of property 'strokeWidth' are incompatible.
          Type 'string | number | undefined' is not assignable to type 'number | undefined'.
            Type 'string' is not assignable to type 'number'.
src/components/lucide-icon-compat.tsx(197,3): error TS2322: Type '({ size, color, strokeWidth, className, style, ...rest }: CompatProps) => Element' is not assignable to type 'LucideIcon'.
  Type '({ size, color, strokeWidth, className, style, ...rest }: CompatProps) => Element' is not assignable to type 'FunctionComponent<SVGProps<SVGSVGElement>>'.
    Types of parameters '__0' and 'props' are incompatible.
      Type 'SVGProps<SVGSVGElement>' is not assignable to type 'CompatProps'.
        Types of property 'strokeWidth' are incompatible.
          Type 'string | number | undefined' is not assignable to type 'number | undefined'.
            Type 'string' is not assignable to type 'number'.
src/components/lucide-icon-compat.tsx(198,3): error TS2322: Type '({ size, color, strokeWidth, className, style, ...rest }: CompatProps) => Element' is not assignable to type 'LucideIcon'.
  Type '({ size, color, strokeWidth, className, style, ...rest }: CompatProps) => Element' is not assignable to type 'FunctionComponent<SVGProps<SVGSVGElement>>'.
    Types of parameters '__0' and 'props' are incompatible.
      Type 'SVGProps<SVGSVGElement>' is not assignable to type 'CompatProps'.
        Types of property 'strokeWidth' are incompatible.
          Type 'string | number | undefined' is not assignable to type 'number | undefined'.
            Type 'string' is not assignable to type 'number'.
src/components/lucide-icon-compat.tsx(201,45): error TS2339: Property 'size' does not exist on type 'CompatIconProps'.
src/components/lucide-icon-compat.tsx(209,7): error TS2769: No overload matches this call.
  Overload 1 of 2, '(props: SVGProps<SVGSVGElement>, context?: any): string | number | bigint | boolean | ReactElement<unknown, string | JSXElementConstructor<any>> | ... 4 more ... | undefined', gave the following error.
    Type '{ string?: string | number | undefined; slot?: string | undefined; clipPath?: string | undefined; filter?: string | undefined; mask?: string | undefined; path?: string | undefined; color?: string | undefined; ... 478 more ...; style: { ...; }; }' is not assignable to type 'IntrinsicAttributes & SVGProps<SVGSVGElement>'.
      Property 'size' does not exist on type 'IntrinsicAttributes & SVGProps<SVGSVGElement>'.
  Overload 2 of 2, '(props: SVGProps<SVGSVGElement>): string | number | bigint | boolean | ReactElement<unknown, string | JSXElementConstructor<any>> | ... 4 more ... | undefined', gave the following error.
    Type '{ string?: string | number | undefined; slot?: string | undefined; clipPath?: string | undefined; filter?: string | undefined; mask?: string | undefined; path?: string | undefined; color?: string | undefined; ... 478 more ...; style: { ...; }; }' is not assignable to type 'IntrinsicAttributes & SVGProps<SVGSVGElement>'.
      Property 'size' does not exist on type 'IntrinsicAttributes & SVGProps<SVGSVGElement>'.
src/components/shell/content-sources.tsx(185,26): error TS2322: Type '({ size, color, strokeWidth, className, style, ...rest }: CompatProps) => Element' is not assignable to type 'LucideIcon | undefined'.
  Type '({ size, color, strokeWidth, className, style, ...rest }: CompatProps) => Element' is not assignable to type 'FunctionComponent<SVGProps<SVGSVGElement>>'.
    Types of parameters '__0' and 'props' are incompatible.
      Type 'SVGProps<SVGSVGElement>' is not assignable to type 'CompatProps'.
        Types of property 'strokeWidth' are incompatible.
          Type 'string | number | undefined' is not assignable to type 'number | undefined'.
            Type 'string' is not assignable to type 'number'.
src/components/shell/content-sources.tsx(188,28): error TS2322: Type '({ size, color, strokeWidth, className, style, ...rest }: CompatProps) => Element' is not assignable to type 'LucideIcon | undefined'.
  Type '({ size, color, strokeWidth, className, style, ...rest }: CompatProps) => Element' is not assignable to type 'FunctionComponent<SVGProps<SVGSVGElement>>'.
    Types of parameters '__0' and 'props' are incompatible.
      Type 'SVGProps<SVGSVGElement>' is not assignable to type 'CompatProps'.
        Types of property 'strokeWidth' are incompatible.
          Type 'string | number | undefined' is not assignable to type 'number | undefined'.
            Type 'string' is not assignable to type 'number'.
src/components/shell/content-sources.tsx(224,30): error TS2322: Type '({ size, color, strokeWidth, className, style, ...rest }: CompatProps) => Element' is not assignable to type 'LucideIcon | undefined'.
  Type '({ size, color, strokeWidth, className, style, ...rest }: CompatProps) => Element' is not assignable to type 'FunctionComponent<SVGProps<SVGSVGElement>>'.
    Types of parameters '__0' and 'props' are incompatible.
      Type 'SVGProps<SVGSVGElement>' is not assignable to type 'CompatProps'.
        Types of property 'strokeWidth' are incompatible.
          Type 'string | number | undefined' is not assignable to type 'number | undefined'.
            Type 'string' is not assignable to type 'number'.
src/components/shell/content-sources.tsx(260,30): error TS2322: Type '({ size, color, strokeWidth, className, style, ...rest }: CompatProps) => Element' is not assignable to type 'LucideIcon | undefined'.
  Type '({ size, color, strokeWidth, className, style, ...rest }: CompatProps) => Element' is not assignable to type 'FunctionComponent<SVGProps<SVGSVGElement>>'.
    Types of parameters '__0' and 'props' are incompatible.
      Type 'SVGProps<SVGSVGElement>' is not assignable to type 'CompatProps'.
        Types of property 'strokeWidth' are incompatible.
          Type 'string | number | undefined' is not assignable to type 'number | undefined'.
            Type 'string' is not assignable to type 'number'.
src/components/shell/content-sources.tsx(273,11): error TS2322: Type '({ size, color, strokeWidth, className, style, ...rest }: CompatProps) => Element' is not assignable to type 'LucideIcon'.
  Type '({ size, color, strokeWidth, className, style, ...rest }: CompatProps) => Element' is not assignable to type 'FunctionComponent<SVGProps<SVGSVGElement>>'.
    Types of parameters '__0' and 'props' are incompatible.
      Type 'SVGProps<SVGSVGElement>' is not assignable to type 'CompatProps'.
        Types of property 'strokeWidth' are incompatible.
          Type 'string | number | undefined' is not assignable to type 'number | undefined'.
            Type 'string' is not assignable to type 'number'.
src/components/v2/resource-center.tsx(144,27): error TS2769: No overload matches this call.
  Overload 1 of 2, '(props: SVGProps<SVGSVGElement>, context?: any): string | number | bigint | boolean | ReactElement<unknown, string | JSXElementConstructor<any>> | ... 4 more ... | undefined', gave the following error.
    Type '{ size: number; strokeWidth: number; }' is not assignable to type 'IntrinsicAttributes & SVGProps<SVGSVGElement>'.
      Property 'size' does not exist on type 'IntrinsicAttributes & SVGProps<SVGSVGElement>'.
  Overload 2 of 2, '(props: SVGProps<SVGSVGElement>): string | number | bigint | boolean | ReactElement<unknown, string | JSXElementConstructor<any>> | ... 4 more ... | undefined', gave the following error.
    Type '{ size: number; strokeWidth: number; }' is not assignable to type 'IntrinsicAttributes & SVGProps<SVGSVGElement>'.
      Property 'size' does not exist on type 'IntrinsicAttributes & SVGProps<SVGSVGElement>'.
src/components/v2/workbench-center.tsx(219,38): error TS2769: No overload matches this call.
  Overload 1 of 2, '(props: SVGProps<SVGSVGElement>, context?: any): string | number | bigint | boolean | ReactElement<unknown, string | JSXElementConstructor<any>> | ... 4 more ... | undefined', gave the following error.
    Type '{ size: number; strokeWidth: number; }' is not assignable to type 'IntrinsicAttributes & SVGProps<SVGSVGElement>'.
      Property 'size' does not exist on type 'IntrinsicAttributes & SVGProps<SVGSVGElement>'.
  Overload 2 of 2, '(props: SVGProps<SVGSVGElement>): string | number | bigint | boolean | ReactElement<unknown, string | JSXElementConstructor<any>> | ... 4 more ... | undefined', gave the following error.
    Type '{ size: number; strokeWidth: number; }' is not assignable to type 'IntrinsicAttributes & SVGProps<SVGSVGElement>'.
      Property 'size' does not exist on type 'IntrinsicAttributes & SVGProps<SVGSVGElement>'.
src/components/v2/workbench-center.tsx(245,40): error TS2769: No overload matches this call.
  Overload 1 of 2, '(props: SVGProps<SVGSVGElement>, context?: any): string | number | bigint | boolean | ReactElement<unknown, string | JSXElementConstructor<any>> | ... 4 more ... | undefined', gave the following error.
    Type '{ size: number; strokeWidth: number; }' is not assignable to type 'IntrinsicAttributes & SVGProps<SVGSVGElement>'.
      Property 'size' does not exist on type 'IntrinsicAttributes & SVGProps<SVGSVGElement>'.
  Overload 2 of 2, '(props: SVGProps<SVGSVGElement>): string | number | bigint | boolean | ReactElement<unknown, string | JSXElementConstructor<any>> | ... 4 more ... | undefined', gave the following error.
    Type '{ size: number; strokeWidth: number; }' is not assignable to type 'IntrinsicAttributes & SVGProps<SVGSVGElement>'.
      Property 'size' does not exist on type 'IntrinsicAttributes & SVGProps<SVGSVGElement>'.
src/components/v2/workbench-center.tsx(274,36): error TS2769: No overload matches this call.
  Overload 1 of 2, '(props: SVGProps<SVGSVGElement>, context?: any): string | number | bigint | boolean | ReactElement<unknown, string | JSXElementConstructor<any>> | ... 4 more ... | undefined', gave the following error.
    Type '{ size: number; strokeWidth: number; }' is not assignable to type 'IntrinsicAttributes & SVGProps<SVGSVGElement>'.
      Property 'size' does not exist on type 'IntrinsicAttributes & SVGProps<SVGSVGElement>'.
  Overload 2 of 2, '(props: SVGProps<SVGSVGElement>): string | number | bigint | boolean | ReactElement<unknown, string | JSXElementConstructor<any>> | ... 4 more ... | undefined', gave the following error.
    Type '{ size: number; strokeWidth: number; }' is not assignable to type 'IntrinsicAttributes & SVGProps<SVGSVGElement>'.
      Property 'size' does not exist on type 'IntrinsicAttributes & SVGProps<SVGSVGElement>'.


[exit 2]
