# ❌ L1 jest 后端单测（207+ 例）
# commit: c859f28e
# exit: 1
# duration_ms: 117239
# command: cd '/Users/yanghy/Documents/New project/ai-content/backend' && ./node_modules/.bin/prisma generate && npm test -- --runInBand --silent
# 完整命令输出（未截断）：

Prisma schema loaded from prisma/schema.prisma

✔ Generated Prisma Client (v6.19.3) to ./node_modules/@prisma/client in 457ms

Start by importing your Prisma Client (See: https://pris.ly/d/importing-client)

Tip: Want to turn off tips and other hints? https://pris.ly/tip-4-nohints


> ai-content-backend@0.0.1 test
> jest --runInBand --silent

[33m[Nest] 47735  - [39m09/06/2026, 9:05:12 PM [33m   WARN[39m [38;5;3m[GrowthService] [39m[33mRPA 状态机记录创建失败（kuaishou）：this.rpaExecutionStore.createWithLock is not a function[39m
[33m[Nest] 47735  - [39m09/06/2026, 9:05:12 PM [33m   WARN[39m [38;5;3m[GrowthService] [39m[33m增长获客 RPA 执行留痕失败（run=run-rpa-1）：db down[39m
[33m[Nest] 47735  - [39m09/06/2026, 9:05:12 PM [33m   WARN[39m [38;5;3m[GrowthService] [39m[33mRPA 状态机记录创建失败（kuaishou）：db down[39m
[33m[Nest] 47735  - [39m09/06/2026, 9:05:12 PM [33m   WARN[39m [38;5;3m[GrowthService] [39m[33m[tryFetchCandidatesWithRpaDriver] 会话关闭失败 platform=kuaishou account=douyin-1：browser process gone[39m
[32m[Nest] 47735  - [39m09/06/2026, 9:05:12 PM [32m    LOG[39m [38;5;3m[GrowthService] [39m[32m本次获客走 driver 真实状态机（record=rpa-state-9），跳过合成 RPA 记录（run=run-x）[39m
[33m[Nest] 47735  - [39m09/06/2026, 9:05:12 PM [33m   WARN[39m [38;5;3m[GrowthService] [39m[33m[executeFollowUpViaDriver] 会话关闭失败 platform=kuaishou account=douyin-1：close session timeout[39m
[32m[Nest] 47735  - [39m09/06/2026, 9:05:14 PM [32m    LOG[39m [38;5;3m[GrowthService] [39m[32m[fetchCommentUsersAsLeads] kuaishou 读评论成功 url=https://www.kuaishou.com/short-video/1 items=2[39m
[33m[Nest] 47735  - [39m09/06/2026, 9:05:14 PM [33m   WARN[39m [38;5;3m[GrowthService] [39m[33m[fetchCommentUsersAsLeads] 会话关闭失败 platform=kuaishou account=douyin-1：close session timeout[39m
[33m[Nest] 47735  - [39m09/06/2026, 9:05:14 PM [33m   WARN[39m [38;5;3m[GrowthService] [39m[33m增长线索桥接统一侧分段失败（lead=lead-1）：interaction_event,scoring[39m
[32m[Nest] 47735  - [39m09/06/2026, 9:05:16 PM [32m    LOG[39m [38;5;3m[GrowthService] [39m[32m[fetchCommentUsersAsLeads] kuaishou 读评论成功 url=https://www.kuaishou.com/short-video/v1 items=1[39m
[32m[Nest] 47735  - [39m09/06/2026, 9:05:18 PM [32m    LOG[39m [38;5;3m[GrowthService] [39m[32m[fetchCommentUsersAsLeads] kuaishou 读评论成功 url=https://www.kuaishou.com/short-video/v1 items=2[39m
[32m[Nest] 47735  - [39m09/06/2026, 9:05:20 PM [32m    LOG[39m [38;5;3m[GrowthService] [39m[32m[fetchCommentUsersAsLeads] kuaishou 读评论成功 url=https://www.kuaishou.com/short-video/v2 items=2[39m
[32m[Nest] 47735  - [39m09/06/2026, 9:05:20 PM [32m    LOG[39m [38;5;3m[GrowthService] [39m[32m本次获客走 driver 真实状态机（record=driver-record-1），跳过合成 RPA 记录（run=run-2）[39m
[33m[Nest] 47735  - [39m09/06/2026, 9:05:20 PM [33m   WARN[39m [38;5;3m[GrowthService] [39m[33mgetGrowthHome overview 不可用：store down[39m
[33m[Nest] 47735  - [39m09/06/2026, 9:05:20 PM [33m   WARN[39m [38;5;3m[GrowthService] [39m[33mgetGrowthHome open opportunity amount 不可用：db down[39m
[33m[Nest] 47735  - [39m09/06/2026, 9:05:20 PM [33m   WARN[39m [38;5;3m[GrowthService] [39m[33mgetGrowthHome crmCustomer count 不可用：db down[39m
[33m[Nest] 47735  - [39m09/06/2026, 9:05:20 PM [33m   WARN[39m [38;5;3m[GrowthService] [39m[33mgetGrowthHome crmOpportunity count 不可用：db down[39m
[33m[Nest] 47735  - [39m09/06/2026, 9:05:20 PM [33m   WARN[39m [38;5;3m[GrowthService] [39m[33mgetGrowthHome won opportunity count 不可用：db down[39m
[33m[Nest] 47735  - [39m09/06/2026, 9:05:20 PM [33m   WARN[39m [38;5;3m[GrowthService] [39m[33mgetGrowthHome commercial readiness 不可用：readiness down[39m
[33m[Nest] 47735  - [39m09/06/2026, 9:05:20 PM [33m   WARN[39m [38;5;3m[GrowthService] [39m[33m[两段式发现] 行业词「装修」搜索异常，跳过并继续下一词：word1 boom: network glitch[39m
[32m[Nest] 47735  - [39m09/06/2026, 9:05:23 PM [32m    LOG[39m [38;5;3m[PlatformInteractionExecutor] [39m[32mlocal-browser dispatch douyin/comment-reply account=1 action=send url=https://www.douyin.com/video/123[39m
[32m[Nest] 47735  - [39m09/06/2026, 9:05:23 PM [32m    LOG[39m [38;5;3m[PlatformInteractionExecutor] [39m[32mlocal-browser dispatch douyin/comment-reply account=1 action=send url=https://creator.douyin.com/creator-micro/interactive/comment[39m
[32m[Nest] 47735  - [39m09/06/2026, 9:05:23 PM [32m    LOG[39m [38;5;3m[PlatformInteractionExecutor] [39m[32mlocal-browser dispatch douyin/comment-reply account=1 action=send url=https://www.douyin.com/video/123[39m
[32m[Nest] 47735  - [39m09/06/2026, 9:05:23 PM [32m    LOG[39m [38;5;3m[PlatformInteractionExecutor] [39m[32m[trace][douyin-reply] target={"status":"target_found","replyRect":{"x":214,"y":966,"width":44,"height":20},"rootRect":{"x":217,"y":884,"width":917,"height":106}}[39m
[32m[Nest] 47735  - [39m09/06/2026, 9:05:23 PM [32m    LOG[39m [38;5;3m[PlatformInteractionExecutor] [39m[32m[trace][douyin-reply] replyOpened={"opened":false,"method":"mouse"}[39m
[32m[Nest] 47735  - [39m09/06/2026, 9:05:23 PM [32m    LOG[39m [38;5;3m[PlatformInteractionExecutor] [39m[32m[trace][douyin-reply] editor={"status":"editor_found","rect":{"x":217,"y":1000,"width":600,"height":44}}[39m
[32m[Nest] 47735  - [39m09/06/2026, 9:05:23 PM [32m    LOG[39m [38;5;3m[PlatformInteractionExecutor] [39m[32m[trace][douyin-reply] sendButton={"status":"send_button_ready","message":"回复已输入，发送按钮可点击。","rect":{"x":860,"y":1006,"width":52,"height":28}}[39m
[32m[Nest] 47735  - [39m09/06/2026, 9:05:23 PM [32m    LOG[39m [38;5;3m[PlatformInteractionExecutor] [39m[32mlocal-browser dispatch douyin/comment-reply account=1 action=send url=https://creator.douyin.com/creator-micro/interactive/comment[39m
[33m[Nest] 47735  - [39m09/06/2026, 9:05:41 PM [33m   WARN[39m [38;5;3m[PlatformInteractionExecutor] [39m[33mDouyin comment page not settled: 抖音评论页持续加载，未进入可读取状态。[39m
[33m[Nest] 47735  - [39m09/06/2026, 9:05:41 PM [33m   WARN[39m [38;5;3m[PlatformInteractionExecutor] [39m[33m审批闸门不可用，fail-closed 拒绝写操作（无面板桥）：douyin/comment-reply/send account=1[39m
[33m[Nest] 47735  - [39m09/06/2026, 9:05:41 PM [33m   WARN[39m [38;5;3m[PlatformInteractionExecutor] [39m[33m审批闸门请求异常，fail-closed 拒绝写操作：PANEL_UNAVAILABLE[39m
[33m[Nest] 47735  - [39m09/06/2026, 9:05:41 PM [33m   WARN[39m [38;5;3m[PlatformInteractionExecutor] [39m[33m审批闸门旁路（调试开关 INTERACTION_GATE_BYPASS=1，无面板桥）：douyin/comment-reply/send account=1[39m
[33m[Nest] 47735  - [39m09/06/2026, 9:05:41 PM [33m   WARN[39m [38;5;3m[PlatformInteractionExecutor] [39m[33m审批闸门旁路（调试开关 INTERACTION_GATE_BYPASS=1，面板桥请求异常）：PANEL_UNAVAILABLE[39m
[33m[Nest] 47735  - [39m09/06/2026, 9:05:41 PM [33m   WARN[39m [38;5;3m[AutoUploadClient] [39m[33m视频号登录页截图投递失败: session.page.screenshot is not a function[39m
[33m[Nest] 47735  - [39m09/06/2026, 9:05:41 PM [33m   WARN[39m [38;5;3m[AutoUploadClient] [39m[33m登录页 goto 失败: target=https://creator.xiaohongshu.com/login, landed=about:blank, attempt=0, error=page.goto: net::ERR_CONNECTION_CLOSED[39m
[32m[Nest] 47735  - [39m09/06/2026, 9:05:41 PM [32m    LOG[39m [38;5;3m[AutoUploadClient] [39m[32m登录页 goto 成功: target=https://creator.xiaohongshu.com/login, landed=about:blank, attempt=1[39m
[33m[Nest] 47735  - [39m09/06/2026, 9:05:41 PM [33m   WARN[39m [38;5;3m[AutoUploadClient] [39m[33m登录页 goto 后仍不在目标域（current=about:blank, target=https://creator.xiaohongshu.com/login），启用 JS 导航兜底[39m
[33m[Nest] 47735  - [39m09/06/2026, 9:05:41 PM [33m   WARN[39m [38;5;3m[AutoUploadClient] [39m[33mJS 导航兜底失败: page.evaluate is not a function[39m
[32m[Nest] 47735  - [39m09/06/2026, 9:05:41 PM [32m    LOG[39m [38;5;3m[AutoUploadClient] [39m[32mJS 导航兜底后 URL: about:blank[39m
[32m[Nest] 47735  - [39m09/06/2026, 9:05:46 PM [32m    LOG[39m [38;5;3m[AutoUploadClient] [39m[32m已从桌面 runtime 库恢复 1 个发布账号[39m
[32m[Nest] 47735  - [39m09/06/2026, 9:05:46 PM [32m    LOG[39m [38;5;3m[AutoUploadClient] [39m[32m已从桌面 runtime 库恢复 1 个发布账号[39m
[33m[Nest] 47735  - [39m09/06/2026, 9:05:46 PM [33m   WARN[39m [38;5;3m[AutoUploadClient] [39m[33mvalidate: 浏览器验证超时，保持原状态 wechat-channel:4[39m
[33m[Nest] 47735  - [39m09/06/2026, 9:05:46 PM [33m   WARN[39m [38;5;3m[AutoUploadClient] [39m[33mvalidate: 会话状态 unknown 非明确失效，保持原状态 douyin:1[39m
[33m[Nest] 47735  - [39m09/06/2026, 9:05:46 PM [33m   WARN[39m [38;5;3m[AutoUploadClient] [39m[33mpublishBatch 平台执行失败（短路，继续其他平台）: platform=视频号 browser crash[39m
[95m[Nest] 47735  - [39m09/06/2026, 9:05:46 PM [95m  DEBUG[39m [38;5;3m[AgentPanelBridgeService] [39m[95m面板桥探活失败（按不可用处理）：面板桥请求失败：/health[39m
[95m[Nest] 47735  - [39m09/06/2026, 9:05:46 PM [95m  DEBUG[39m [38;5;3m[AgentPanelBridgeService] [39m[95m面板桥探活失败（按不可用处理）：面板桥请求失败：/health[39m
[33m[Nest] 47735  - [39m09/06/2026, 9:05:50 PM [33m   WARN[39m [38;5;3m[AgentPanelBridgeService] [39m[33m面板确认单落库失败（act-1）：db down[39m
[32m[Nest] 47735  - [39m09/06/2026, 9:05:51 PM [32m    LOG[39m [38;5;3m[AgentBrowserSessionService] [39m[32mAgentBrowser 会话创建 232fff49-ce89-4dd5-9c40-f5529d6e8a95 域名白名单=example.com[39m
[32m[Nest] 47735  - [39m09/06/2026, 9:05:51 PM [32m    LOG[39m [38;5;3m[AgentBrowserSessionService] [39m[32mAgentBrowser 会话创建 437534da-0cda-4dbd-a4b5-e1e975d4724d 域名白名单=b.com,c.com[39m
[32m[Nest] 47735  - [39m09/06/2026, 9:05:51 PM [32m    LOG[39m [38;5;3m[AgentBrowserSessionService] [39m[32mAgentBrowser 会话创建 ba407510-6299-4bc8-b30b-4ed1c0138f00 域名白名单=example.com[39m
[32m[Nest] 47735  - [39m09/06/2026, 9:05:51 PM [32m    LOG[39m [38;5;3m[AgentBrowserSessionService] [39m[32mAgentBrowser 会话 ba407510-6299-4bc8-b30b-4ed1c0138f00 引擎就绪 general-web-abc 当前页 https://example.com[39m
[32m[Nest] 47735  - [39m09/06/2026, 9:05:51 PM [32m    LOG[39m [38;5;3m[AgentBrowserSessionService] [39m[32mAgentBrowser 会话创建 50a0664e-6705-49aa-b194-84e0fb5f3ab0 域名白名单=(未配置,导航需确认)[39m
[32m[Nest] 47735  - [39m09/06/2026, 9:05:51 PM [32m    LOG[39m [38;5;3m[AgentBrowserSessionService] [39m[32mAgentBrowser 会话创建 3ac11ed9-0770-4719-97dd-a83ce7a32b38 域名白名单=(未配置,导航需确认)[39m
[32m[Nest] 47735  - [39m09/06/2026, 9:05:51 PM [32m    LOG[39m [38;5;3m[AgentBrowserSessionService] [39m[32mAgentBrowser 会话创建 401ab6be-a217-4c28-bb92-66d85d669844 域名白名单=(未配置,导航需确认)[39m
[32m[Nest] 47735  - [39m09/06/2026, 9:05:51 PM [32m    LOG[39m [38;5;3m[AgentBrowserSessionService] [39m[32mAgentBrowser 会话 401ab6be-a217-4c28-bb92-66d85d669844 引擎就绪 general-web-abc 当前页 https://example.com[39m
[32m[Nest] 47735  - [39m09/06/2026, 9:05:51 PM [32m    LOG[39m [38;5;3m[AgentBrowserSessionService] [39m[32mAgentBrowser 会话创建 994ef6e0-c436-4eba-9146-007214c5d391 域名白名单=(未配置,导航需确认)[39m
[32m[Nest] 47735  - [39m09/06/2026, 9:05:51 PM [32m    LOG[39m [38;5;3m[AgentBrowserSessionService] [39m[32mAgentBrowser 会话创建 dcdbe33f-69d0-47ac-85ea-1c622467958e 域名白名单=example.com[39m
[32m[Nest] 47735  - [39m09/06/2026, 9:05:51 PM [32m    LOG[39m [38;5;3m[AgentBrowserSessionService] [39m[32mAgentBrowser 会话 dcdbe33f-69d0-47ac-85ea-1c622467958e 引擎就绪 general-web-abc 当前页 https://example.com[39m
[32m[Nest] 47735  - [39m09/06/2026, 9:05:51 PM [32m    LOG[39m [38;5;3m[AgentBrowserLoopService] [39m[32mAgentBrowser dcdbe33f-69d0-47ac-85ea-1c622467958e 完成：1 个动作，1 成功[39m
[32m[Nest] 47735  - [39m09/06/2026, 9:05:51 PM [32m    LOG[39m [38;5;3m[AgentBrowserSessionService] [39m[32mAgentBrowser 会话创建 4489f2e2-4426-4860-a231-f332af0bcda7 域名白名单=(未配置,导航需确认)[39m
[32m[Nest] 47735  - [39m09/06/2026, 9:05:51 PM [32m    LOG[39m [38;5;3m[AgentBrowserSessionService] [39m[32mAgentBrowser 会话 4489f2e2-4426-4860-a231-f332af0bcda7 引擎就绪 general-web-abc 当前页 https://example.com[39m
[32m[Nest] 47735  - [39m09/06/2026, 9:05:51 PM [32m    LOG[39m [38;5;3m[AgentBrowserLoopService] [39m[32mAgentBrowser 4489f2e2-4426-4860-a231-f332af0bcda7 完成：1 个动作，0 成功[39m
[32m[Nest] 47735  - [39m09/06/2026, 9:05:51 PM [32m    LOG[39m [38;5;3m[AgentBrowserSessionService] [39m[32mAgentBrowser 会话创建 61918096-e870-4651-9bb5-d0c68d65ee10 域名白名单=(未配置,导航需确认)[39m
[32m[Nest] 47735  - [39m09/06/2026, 9:05:51 PM [32m    LOG[39m [38;5;3m[AgentBrowserSessionService] [39m[32mAgentBrowser 会话创建 f9a0655e-7cc5-473a-987a-f56d01bdf19a 域名白名单=(未配置,导航需确认)[39m
[32m[Nest] 47735  - [39m09/06/2026, 9:05:51 PM [32m    LOG[39m [38;5;3m[AgentBrowserSessionService] [39m[32mAgentBrowser 会话创建 69f90b99-28be-4fc1-bedf-79673cfac341 域名白名单=(未配置,导航需确认)[39m
[32m[Nest] 47735  - [39m09/06/2026, 9:05:51 PM [32m    LOG[39m [38;5;3m[AgentBrowserSessionService] [39m[32mAgentBrowser 会话创建 75af286d-fcbd-4a37-835d-ddb8f2ad1cca 域名白名单=example.com[39m
[32m[Nest] 47735  - [39m09/06/2026, 9:05:51 PM [32m    LOG[39m [38;5;3m[AgentBrowserSessionService] [39m[32mAgentBrowser 会话 75af286d-fcbd-4a37-835d-ddb8f2ad1cca 引擎就绪 general-web-abc 当前页 https://example.com[39m
[32m[Nest] 47735  - [39m09/06/2026, 9:05:51 PM [32m    LOG[39m [38;5;3m[AgentBrowserLoopService] [39m[32mAgentBrowser 75af286d-fcbd-4a37-835d-ddb8f2ad1cca 完成：1 个动作，0 成功[39m
[32m[Nest] 47735  - [39m09/06/2026, 9:05:51 PM [32m    LOG[39m [38;5;3m[AgentBrowserSessionService] [39m[32mAgentBrowser 会话创建 e6379db6-7036-4859-8816-d72a782b7246 域名白名单=example.com[39m
[32m[Nest] 47735  - [39m09/06/2026, 9:05:51 PM [32m    LOG[39m [38;5;3m[AgentBrowserSessionService] [39m[32mAgentBrowser 会话 e6379db6-7036-4859-8816-d72a782b7246 引擎就绪 general-web-abc 当前页 https://example.com[39m
[32m[Nest] 47735  - [39m09/06/2026, 9:05:51 PM [32m    LOG[39m [38;5;3m[AgentBrowserSessionService] [39m[32mAgentBrowser 会话创建 cd944c7d-0e1a-4300-b736-fdc74dc17078 域名白名单=(未配置,导航需确认)[39m
[32m[Nest] 47735  - [39m09/06/2026, 9:05:51 PM [32m    LOG[39m [38;5;3m[AgentBrowserSessionService] [39m[32mAgentBrowser 会话 cd944c7d-0e1a-4300-b736-fdc74dc17078 引擎就绪 general-web-abc 当前页 https://example.com[39m
[32m[Nest] 47735  - [39m09/06/2026, 9:05:51 PM [32m    LOG[39m [38;5;3m[AgentBrowserSessionService] [39m[32mAgentBrowser 会话创建 584f3f47-5cca-4390-84bd-e8a7b18b1f60 域名白名单=(未配置,导航需确认)[39m
[32m[Nest] 47735  - [39m09/06/2026, 9:05:51 PM [32m    LOG[39m [38;5;3m[AgentBrowserSessionService] [39m[32mAgentBrowser 会话 584f3f47-5cca-4390-84bd-e8a7b18b1f60 引擎就绪 general-web-abc 当前页 https://example.com[39m
[32m[Nest] 47735  - [39m09/06/2026, 9:05:51 PM [32m    LOG[39m [38;5;3m[AgentBrowserLoopService] [39m[32mAgentBrowser 584f3f47-5cca-4390-84bd-e8a7b18b1f60 完成：1 个动作，0 成功[39m
[32m[Nest] 47735  - [39m09/06/2026, 9:05:51 PM [32m    LOG[39m [38;5;3m[AgentBrowserSessionService] [39m[32mAgentBrowser 会话创建 4f558f80-141c-4180-b660-be5030f5bc6f 域名白名单=(未配置,导航需确认)[39m
[32m[Nest] 47735  - [39m09/06/2026, 9:05:51 PM [32m    LOG[39m [38;5;3m[AgentBrowserSessionService] [39m[32mAgentBrowser 会话 4f558f80-141c-4180-b660-be5030f5bc6f 引擎就绪 general-web-abc 当前页 https://example.com[39m
[32m[Nest] 47735  - [39m09/06/2026, 9:05:51 PM [32m    LOG[39m [38;5;3m[AgentBrowserSessionService] [39m[32mAgentBrowser 会话创建 b0e811bf-b7cc-4d85-bc63-194047ab7f6b 域名白名单=(未配置,导航需确认)[39m
[32m[Nest] 47735  - [39m09/06/2026, 9:05:51 PM [32m    LOG[39m [38;5;3m[AgentBrowserSessionService] [39m[32mAgentBrowser 会话创建 8b24a423-e88d-4a1d-8b93-58333a05af4d 域名白名单=(未配置,导航需确认)[39m
[32m[Nest] 47735  - [39m09/06/2026, 9:05:51 PM [32m    LOG[39m [38;5;3m[AgentBrowserSessionService] [39m[32mAgentBrowser 会话创建 3b52724a-02df-473d-8c5a-83ee486a440e 域名白名单=(未配置,导航需确认)[39m
[32m[Nest] 47735  - [39m09/06/2026, 9:05:51 PM [32m    LOG[39m [38;5;3m[AgentBrowserSessionService] [39m[32mAgentBrowser 会话创建 ee04415b-245f-4828-9e99-7baab4e69bba 域名白名单=(未配置,导航需确认)[39m
[32m[Nest] 47735  - [39m09/06/2026, 9:05:51 PM [32m    LOG[39m [38;5;3m[AgentBrowserSessionService] [39m[32mAgentBrowser 会话创建 6d66c134-79c7-4b1b-8b3e-c53e95a45787 域名白名单=(未配置,导航需确认)[39m
[32m[Nest] 47735  - [39m09/06/2026, 9:05:51 PM [32m    LOG[39m [38;5;3m[AgentBrowserSessionService] [39m[32mAgentBrowser 会话 6d66c134-79c7-4b1b-8b3e-c53e95a45787 引擎就绪 general-web-abc 当前页 https://example.com[39m
[32m[Nest] 47735  - [39m09/06/2026, 9:05:51 PM [32m    LOG[39m [38;5;3m[AgentBrowserLoopService] [39m[32mAgentBrowser 6d66c134-79c7-4b1b-8b3e-c53e95a45787 完成：1 个动作，0 成功[39m
[32m[Nest] 47735  - [39m09/06/2026, 9:05:51 PM [32m    LOG[39m [38;5;3m[AgentBrowserSessionService] [39m[32mAgentBrowser 会话创建 41c79aac-5b93-49e9-a495-5985881a7b2e 域名白名单=example.com[39m
[32m[Nest] 47735  - [39m09/06/2026, 9:05:51 PM [32m    LOG[39m [38;5;3m[AgentBrowserSessionService] [39m[32mAgentBrowser 会话 41c79aac-5b93-49e9-a495-5985881a7b2e 引擎就绪 general-web-abc 当前页 https://example.com[39m
[32m[Nest] 47735  - [39m09/06/2026, 9:05:51 PM [32m    LOG[39m [38;5;3m[AgentBrowserLoopService] [39m[32mAgentBrowser 41c79aac-5b93-49e9-a495-5985881a7b2e 完成：2 个动作，1 成功[39m
[32m[Nest] 47735  - [39m09/06/2026, 9:05:51 PM [32m    LOG[39m [38;5;3m[AgentBrowserSessionService] [39m[32mAgentBrowser 会话创建 eecd4014-d1e6-4b3f-a818-c00179954f70 域名白名单=(未配置,导航需确认)[39m
[32m[Nest] 47735  - [39m09/06/2026, 9:05:51 PM [32m    LOG[39m [38;5;3m[AgentBrowserSessionService] [39m[32mAgentBrowser 会话创建 cc591060-27b5-4ea2-8e2b-b979f5be9f07 域名白名单=(未配置,导航需确认)[39m
[32m[Nest] 47735  - [39m09/06/2026, 9:05:51 PM [32m    LOG[39m [38;5;3m[AgentBrowserSessionService] [39m[32mAgentBrowser 会话 cc591060-27b5-4ea2-8e2b-b979f5be9f07 引擎就绪 general-web-abc 当前页 https://example.com[39m
[32m[Nest] 47735  - [39m09/06/2026, 9:05:51 PM [32m    LOG[39m [38;5;3m[AgentBrowserLoopService] [39m[32mAgentBrowser cc591060-27b5-4ea2-8e2b-b979f5be9f07 完成：1 个动作，1 成功[39m
[32m[Nest] 47735  - [39m09/06/2026, 9:05:51 PM [32m    LOG[39m [38;5;3m[AgentBrowserSessionService] [39m[32mAgentBrowser 会话创建 69ef6e9e-5db9-4a0b-861b-37054a8df173 域名白名单=(未配置,导航需确认)[39m
[32m[Nest] 47735  - [39m09/06/2026, 9:05:51 PM [32m    LOG[39m [38;5;3m[AgentBrowserSessionService] [39m[32mAgentBrowser 会话 69ef6e9e-5db9-4a0b-861b-37054a8df173 引擎就绪 general-web-abc 当前页 https://example.com[39m
[32m[Nest] 47735  - [39m09/06/2026, 9:05:51 PM [32m    LOG[39m [38;5;3m[AgentBrowserLoopService] [39m[32mAgentBrowser 69ef6e9e-5db9-4a0b-861b-37054a8df173 完成：1 个动作，0 成功[39m
[32m[Nest] 47735  - [39m09/06/2026, 9:05:51 PM [32m    LOG[39m [38;5;3m[AgentBrowserSessionService] [39m[32mAgentBrowser 会话创建 8587b2a5-329b-43c4-8e36-4ee34e4b37d7 域名白名单=(未配置,导航需确认)[39m
[32m[Nest] 47735  - [39m09/06/2026, 9:05:51 PM [32m    LOG[39m [38;5;3m[AgentBrowserSessionService] [39m[32mAgentBrowser 会话 8587b2a5-329b-43c4-8e36-4ee34e4b37d7 引擎就绪 general-web-abc 当前页 https://example.com[39m
[32m[Nest] 47735  - [39m09/06/2026, 9:05:51 PM [32m    LOG[39m [38;5;3m[AgentBrowserLoopService] [39m[32mAgentBrowser 8587b2a5-329b-43c4-8e36-4ee34e4b37d7 完成：1 个动作，0 成功[39m
[32m[Nest] 47735  - [39m09/06/2026, 9:05:51 PM [32m    LOG[39m [38;5;3m[AgentBrowserSessionService] [39m[32mAgentBrowser 会话创建 ba2d9495-47a6-45c6-8c50-11147b62da20 域名白名单=a.com,b.com[39m
[32m[Nest] 47735  - [39m09/06/2026, 9:05:51 PM [32m    LOG[39m [38;5;3m[AgentBrowserSessionService] [39m[32mAgentBrowser 会话 ba2d9495-47a6-45c6-8c50-11147b62da20 引擎就绪 general-web-abc 当前页 https://example.com[39m
[33m[Nest] 47735  - [39m09/06/2026, 9:05:51 PM [33m   WARN[39m [38;5;3m[AgentBrowserLoopService] [39m[33mAgentBrowser 动作 goto 第 1 次失败，重试：navigation_failed[39m
[33m[Nest] 47735  - [39m09/06/2026, 9:05:51 PM [33m   WARN[39m [38;5;3m[AgentBrowserLoopService] [39m[33mAgentBrowser 动作 goto 第 2 次失败，重试：navigation_failed[39m
[32m[Nest] 47735  - [39m09/06/2026, 9:05:52 PM [32m    LOG[39m [38;5;3m[AgentBrowserLoopService] [39m[32mAgentBrowser ba2d9495-47a6-45c6-8c50-11147b62da20 完成：2 个动作，1 成功[39m
[32m[Nest] 47735  - [39m09/06/2026, 9:05:52 PM [32m    LOG[39m [38;5;3m[AgentBrowserSessionService] [39m[32mAgentBrowser 会话创建 0bd5813c-4a4e-48ea-84a5-d4f7e87927a6 域名白名单=a.com[39m
[32m[Nest] 47735  - [39m09/06/2026, 9:05:52 PM [32m    LOG[39m [38;5;3m[AgentBrowserSessionService] [39m[32mAgentBrowser 会话 0bd5813c-4a4e-48ea-84a5-d4f7e87927a6 引擎就绪 general-web-abc 当前页 https://example.com[39m
[33m[Nest] 47735  - [39m09/06/2026, 9:05:52 PM [33m   WARN[39m [38;5;3m[AgentBrowserLoopService] [39m[33mAgentBrowser 动作 goto 第 1 次失败，重试：navigation_failed[39m
[33m[Nest] 47735  - [39m09/06/2026, 9:05:52 PM [33m   WARN[39m [38;5;3m[AgentBrowserLoopService] [39m[33mAgentBrowser 动作 goto 第 2 次失败，重试：navigation_failed[39m
[32m[Nest] 47735  - [39m09/06/2026, 9:05:52 PM [32m    LOG[39m [38;5;3m[AgentBrowserLoopService] [39m[32mAgentBrowser 0bd5813c-4a4e-48ea-84a5-d4f7e87927a6 完成：1 个动作，0 成功[39m
[32m[Nest] 47735  - [39m09/06/2026, 9:05:52 PM [32m    LOG[39m [38;5;3m[AgentBrowserSessionService] [39m[32mAgentBrowser 会话创建 1819889d-5ca7-4334-8a88-b92a08a3ba1b 域名白名单=a.com[39m
[32m[Nest] 47735  - [39m09/06/2026, 9:05:52 PM [32m    LOG[39m [38;5;3m[AgentBrowserSessionService] [39m[32mAgentBrowser 会话 1819889d-5ca7-4334-8a88-b92a08a3ba1b 引擎就绪 general-web-abc 当前页 https://example.com[39m
[32m[Nest] 47735  - [39m09/06/2026, 9:05:52 PM [32m    LOG[39m [38;5;3m[AgentBrowserSessionService] [39m[32mAgentBrowser 会话创建 458b43ed-693a-4a2d-bf28-17ffd137cf3a 域名白名单=(未配置,导航需确认)[39m
[32m[Nest] 47735  - [39m09/06/2026, 9:05:52 PM [32m    LOG[39m [38;5;3m[AgentBrowserSessionService] [39m[32mAgentBrowser 会话创建 e4d366a8-8c03-4783-b6c7-45886df93ecc 域名白名单=(未配置,导航需确认)[39m
[32m[Nest] 47735  - [39m09/06/2026, 9:05:52 PM [32m    LOG[39m [38;5;3m[AgentBrowserSessionService] [39m[32mAgentBrowser 会话 e4d366a8-8c03-4783-b6c7-45886df93ecc 引擎就绪 general-web-abc 当前页 https://example.com[39m
[32m[Nest] 47735  - [39m09/06/2026, 9:05:52 PM [32m    LOG[39m [38;5;3m[AgentBrowserSessionService] [39m[32mAgentBrowser 会话 e4d366a8-8c03-4783-b6c7-45886df93ecc 引擎就绪 general-web-abc 当前页 https://example.com[39m
[32m[Nest] 47735  - [39m09/06/2026, 9:05:52 PM [32m    LOG[39m [38;5;3m[AgentBrowserSessionService] [39m[32mAgentBrowser 会话创建 a2946c57-b76c-4c56-9e56-c6f62237d4cb 域名白名单=(未配置,导航需确认)[39m
[32m[Nest] 47735  - [39m09/06/2026, 9:05:52 PM [32m    LOG[39m [38;5;3m[AgentBrowserSessionService] [39m[32mAgentBrowser 会话创建 98f882ed-2a71-4cb6-8af6-f663215d73e5 域名白名单=(未配置,导航需确认)[39m
[32m[Nest] 47735  - [39m09/06/2026, 9:05:52 PM [32m    LOG[39m [38;5;3m[AgentBrowserSessionService] [39m[32mAgent Browser 会话已从磁盘恢复 5 个（paused/needs-human/partial_success 保留可恢复，其余置 stopped）[39m
[32m[Nest] 47735  - [39m09/06/2026, 9:05:52 PM [32m    LOG[39m [38;5;3m[AgentBrowserSessionService] [39m[32mAgentBrowser 会话 s-paused 引擎就绪 general-web-abc 当前页 https://example.com[39m
[32m[Nest] 47735  - [39m09/06/2026, 9:05:52 PM [32m    LOG[39m [38;5;3m[AgentBrowserSessionService] [39m[32mAgentBrowser 会话创建 b6cbc226-87b1-4dae-9254-b322ab7d3caf 域名白名单=(未配置,导航需确认)[39m
[32m[Nest] 47735  - [39m09/06/2026, 9:05:52 PM [32m    LOG[39m [38;5;3m[AgentBrowserSessionService] [39m[32mAgentBrowser 会话 b6cbc226-87b1-4dae-9254-b322ab7d3caf 引擎就绪 general-web-abc 当前页 https://example.com[39m
[32m[Nest] 47735  - [39m09/06/2026, 9:05:53 PM [32m    LOG[39m [38;5;3m[AgentBrowserSessionService] [39m[32mAgentBrowser 会话创建 2dfebf5c-22ea-4b6f-9bdf-6c6d227de7d1 域名白名单=a.com,b.com[39m
[32m[Nest] 47735  - [39m09/06/2026, 9:05:53 PM [32m    LOG[39m [38;5;3m[AgentBrowserSessionService] [39m[32mAgentBrowser 会话 2dfebf5c-22ea-4b6f-9bdf-6c6d227de7d1 引擎就绪 general-web-abc 当前页 https://example.com[39m
[32m[Nest] 47735  - [39m09/06/2026, 9:05:53 PM [32m    LOG[39m [38;5;3m[AgentBrowserLoopService] [39m[32mAgentBrowser 2dfebf5c-22ea-4b6f-9bdf-6c6d227de7d1 导航至 https://b.com，基于新快照重新决策（1 个新动作）[39m
[32m[Nest] 47735  - [39m09/06/2026, 9:05:53 PM [32m    LOG[39m [38;5;3m[AgentBrowserLoopService] [39m[32mAgentBrowser 2dfebf5c-22ea-4b6f-9bdf-6c6d227de7d1 完成：2 个动作，1 成功[39m
[32m[Nest] 47735  - [39m09/06/2026, 9:05:53 PM [32m    LOG[39m [38;5;3m[AgentBrowserSessionService] [39m[32mAgentBrowser 会话创建 60f6b0c5-22b1-49b3-bbc7-dbdb0c43abf3 域名白名单=a.com,b.com[39m
[32m[Nest] 47735  - [39m09/06/2026, 9:05:53 PM [32m    LOG[39m [38;5;3m[AgentBrowserSessionService] [39m[32mAgentBrowser 会话 60f6b0c5-22b1-49b3-bbc7-dbdb0c43abf3 引擎就绪 general-web-abc 当前页 https://example.com[39m
[32m[Nest] 47735  - [39m09/06/2026, 9:05:53 PM [32m    LOG[39m [38;5;3m[AgentBrowserLoopService] [39m[32mAgentBrowser 60f6b0c5-22b1-49b3-bbc7-dbdb0c43abf3 完成：1 个动作，0 成功[39m
[32m[Nest] 47735  - [39m09/06/2026, 9:05:53 PM [32m    LOG[39m [38;5;3m[AgentBrowserSessionService] [39m[32mAgentBrowser 会话创建 eabc01a8-2b7b-4c14-8044-c7117c0ecc29 域名白名单=(未配置,导航需确认)[39m
[32m[Nest] 47735  - [39m09/06/2026, 9:05:53 PM [32m    LOG[39m [38;5;3m[AgentBrowserSessionService] [39m[32mAgentBrowser 会话 eabc01a8-2b7b-4c14-8044-c7117c0ecc29 引擎就绪 general-web-abc 当前页 https://example.com[39m
[32m[Nest] 47735  - [39m09/06/2026, 9:05:53 PM [32m    LOG[39m [38;5;3m[AgentBrowserSessionService] [39m[32mAgentBrowser 会话创建 f9713066-98c4-41c7-a48d-0f01f339ebda 域名白名单=(未配置,导航需确认)[39m
[32m[Nest] 47735  - [39m09/06/2026, 9:05:53 PM [32m    LOG[39m [38;5;3m[AgentBrowserSessionService] [39m[32mAgentBrowser 会话 f9713066-98c4-41c7-a48d-0f01f339ebda 引擎就绪 general-web-abc 当前页 https://example.com[39m
[32m[Nest] 47735  - [39m09/06/2026, 9:05:53 PM [32m    LOG[39m [38;5;3m[AgentBrowserLoopService] [39m[32mAgentBrowser f9713066-98c4-41c7-a48d-0f01f339ebda 完成：1 个动作，1 成功[39m
[32m[Nest] 47735  - [39m09/06/2026, 9:05:53 PM [32m    LOG[39m [38;5;3m[AgentBrowserLoopService] [39m[32mAgentBrowser f9713066-98c4-41c7-a48d-0f01f339ebda 完成：1 个动作，0 成功[39m
[32m[Nest] 47735  - [39m09/06/2026, 9:05:53 PM [32m    LOG[39m [38;5;3m[AgentBrowserSessionService] [39m[32mAgentBrowser 会话创建 f74eacb7-c568-4689-bf66-858222d97c0a 域名白名单=(未配置,导航需确认)[39m
[32m[Nest] 47735  - [39m09/06/2026, 9:05:53 PM [32m    LOG[39m [38;5;3m[AgentBrowserSessionService] [39m[32mAgentBrowser 会话 f74eacb7-c568-4689-bf66-858222d97c0a 引擎就绪 general-web-abc 当前页 https://example.com[39m
[33m[Nest] 47735  - [39m09/06/2026, 9:05:53 PM [33m   WARN[39m [38;5;3m[AgentBrowserLoopService] [39m[33mAgentBrowser 动作 click 第 1 次失败，重试：元素不可点击[39m
[33m[Nest] 47735  - [39m09/06/2026, 9:05:53 PM [33m   WARN[39m [38;5;3m[AgentBrowserLoopService] [39m[33mAgentBrowser 动作 click 第 2 次失败，重试：元素不可点击[39m
[32m[Nest] 47735  - [39m09/06/2026, 9:05:53 PM [32m    LOG[39m [38;5;3m[AgentBrowserLoopService] [39m[32mAgentBrowser f74eacb7-c568-4689-bf66-858222d97c0a 完成：1 个动作，0 成功[39m
[32m[Nest] 47735  - [39m09/06/2026, 9:05:53 PM [32m    LOG[39m [38;5;3m[AgentBrowserSessionService] [39m[32mAgentBrowser 会话创建 b018f236-d92b-4cc2-98aa-bb801450c791 域名白名单=a.com,b.com[39m
[32m[Nest] 47735  - [39m09/06/2026, 9:05:53 PM [32m    LOG[39m [38;5;3m[AgentBrowserSessionService] [39m[32mAgentBrowser 会话 b018f236-d92b-4cc2-98aa-bb801450c791 引擎就绪 general-web-abc 当前页 https://example.com[39m
[32m[Nest] 47735  - [39m09/06/2026, 9:05:53 PM [32m    LOG[39m [38;5;3m[AgentBrowserLoopService] [39m[32mAgentBrowser b018f236-d92b-4cc2-98aa-bb801450c791 完成：1 个动作，1 成功[39m
[32m[Nest] 47735  - [39m09/06/2026, 9:05:53 PM [32m    LOG[39m [38;5;3m[AgentBrowserSessionService] [39m[32mAgentBrowser 会话创建 29b340fb-67c7-4d47-b5dd-807232fddfb5 域名白名单=a.com[39m
[32m[Nest] 47735  - [39m09/06/2026, 9:05:53 PM [32m    LOG[39m [38;5;3m[AgentBrowserSessionService] [39m[32mAgentBrowser 会话 29b340fb-67c7-4d47-b5dd-807232fddfb5 引擎就绪 general-web-abc 当前页 https://example.com[39m
[32m[Nest] 47735  - [39m09/06/2026, 9:05:53 PM [32m    LOG[39m [38;5;3m[AgentBrowserLoopService] [39m[32mAgentBrowser 29b340fb-67c7-4d47-b5dd-807232fddfb5 完成：2 个动作，1 成功[39m
[32m[Nest] 47735  - [39m09/06/2026, 9:05:53 PM [32m    LOG[39m [38;5;3m[AgentBrowserSessionService] [39m[32mAgentBrowser 会话创建 a235e545-a36c-497a-addd-b4e752228096 域名白名单=a.com,b.com,c.com[39m
[32m[Nest] 47735  - [39m09/06/2026, 9:05:53 PM [32m    LOG[39m [38;5;3m[AgentBrowserSessionService] [39m[32mAgentBrowser 会话 a235e545-a36c-497a-addd-b4e752228096 引擎就绪 general-web-abc 当前页 https://example.com[39m
[33m[Nest] 47735  - [39m09/06/2026, 9:05:53 PM [33m   WARN[39m [38;5;3m[AgentBrowserLoopService] [39m[33mAgentBrowser 动作 goto 第 1 次失败，重试：导航失败[39m
[33m[Nest] 47735  - [39m09/06/2026, 9:05:54 PM [33m   WARN[39m [38;5;3m[AgentBrowserLoopService] [39m[33mAgentBrowser 动作 goto 第 2 次失败，重试：导航失败[39m
[32m[Nest] 47735  - [39m09/06/2026, 9:05:54 PM [32m    LOG[39m [38;5;3m[AgentBrowserLoopService] [39m[32mAgentBrowser a235e545-a36c-497a-addd-b4e752228096 完成：3 个动作，2 成功[39m
[32m[Nest] 47735  - [39m09/06/2026, 9:05:54 PM [32m    LOG[39m [38;5;3m[AgentBrowserSessionService] [39m[32mAgentBrowser 会话创建 472163d0-d3ca-4c22-b01e-945febcd378e 域名白名单=a.com,b.com,c.com[39m
[32m[Nest] 47735  - [39m09/06/2026, 9:05:54 PM [32m    LOG[39m [38;5;3m[AgentBrowserSessionService] [39m[32mAgentBrowser 会话 472163d0-d3ca-4c22-b01e-945febcd378e 引擎就绪 general-web-abc 当前页 https://example.com[39m
[32m[Nest] 47735  - [39m09/06/2026, 9:05:54 PM [32m    LOG[39m [38;5;3m[AgentBrowserLoopService] [39m[32mAgentBrowser 472163d0-d3ca-4c22-b01e-945febcd378e resume：从动作 1/3 续跑（已成功 2 个，跳过不重放）[39m
[32m[Nest] 47735  - [39m09/06/2026, 9:05:54 PM [32m    LOG[39m [38;5;3m[AgentBrowserLoopService] [39m[32mAgentBrowser 472163d0-d3ca-4c22-b01e-945febcd378e 完成：3 个动作，2 成功[39m
[32m[Nest] 47735  - [39m09/06/2026, 9:05:54 PM [32m    LOG[39m [38;5;3m[AgentBrowserSessionService] [39m[32mAgentBrowser 会话创建 4a1c1be7-299a-4013-8976-b0fb935b1b0f 域名白名单=a.com[39m
[32m[Nest] 47735  - [39m09/06/2026, 9:05:54 PM [32m    LOG[39m [38;5;3m[AgentBrowserSessionService] [39m[32mAgentBrowser 会话 4a1c1be7-299a-4013-8976-b0fb935b1b0f 引擎就绪 general-web-abc 当前页 https://example.com[39m
[32m[Nest] 47735  - [39m09/06/2026, 9:05:54 PM [32m    LOG[39m [38;5;3m[AgentBrowserLoopService] [39m[32mAgentBrowser 4a1c1be7-299a-4013-8976-b0fb935b1b0f 完成：1 个动作，1 成功[39m
[32m[Nest] 47735  - [39m09/06/2026, 9:05:54 PM [32m    LOG[39m [38;5;3m[AgentBrowserSessionService] [39m[32mAgentBrowser 会话创建 4b822e2f-a231-433f-91a3-ced1b71b8d8a 域名白名单=a.com,b.com[39m
[32m[Nest] 47735  - [39m09/06/2026, 9:05:54 PM [32m    LOG[39m [38;5;3m[AgentBrowserSessionService] [39m[32mAgentBrowser 会话 4b822e2f-a231-433f-91a3-ced1b71b8d8a 引擎就绪 general-web-abc 当前页 https://example.com[39m
[32m[Nest] 47735  - [39m09/06/2026, 9:05:54 PM [32m    LOG[39m [38;5;3m[AgentBrowserLoopService] [39m[32mAgentBrowser 4b822e2f-a231-433f-91a3-ced1b71b8d8a resume：从动作 1/2 续跑（已成功 0 个，跳过不重放）[39m
[32m[Nest] 47735  - [39m09/06/2026, 9:05:54 PM [32m    LOG[39m [38;5;3m[AgentBrowserLoopService] [39m[32mAgentBrowser 4b822e2f-a231-433f-91a3-ced1b71b8d8a 完成：2 个动作，1 成功[39m
[32m[Nest] 47735  - [39m09/06/2026, 9:05:54 PM [32m    LOG[39m [38;5;3m[AgentBrowserSessionService] [39m[32mAgentBrowser 会话创建 4e082bef-4919-4380-998a-09b0e4a5a44e 域名白名单=a.com[39m
[32m[Nest] 47735  - [39m09/06/2026, 9:05:54 PM [32m    LOG[39m [38;5;3m[AgentBrowserSessionService] [39m[32mAgentBrowser 会话 4e082bef-4919-4380-998a-09b0e4a5a44e 引擎就绪 general-web-abc 当前页 https://example.com[39m
[32m[Nest] 47735  - [39m09/06/2026, 9:05:54 PM [32m    LOG[39m [38;5;3m[AgentBrowserLoopService] [39m[32mAgentBrowser 4e082bef-4919-4380-998a-09b0e4a5a44e 完成：1 个动作，1 成功[39m
[32m[Nest] 47735  - [39m09/06/2026, 9:05:54 PM [32m    LOG[39m [38;5;3m[AgentBrowserSessionService] [39m[32mAgentBrowser 会话创建 901b13c6-9d85-4823-b734-54421480c5f4 域名白名单=a.com[39m
[32m[Nest] 47735  - [39m09/06/2026, 9:05:54 PM [32m    LOG[39m [38;5;3m[AgentBrowserSessionService] [39m[32mAgentBrowser 会话 901b13c6-9d85-4823-b734-54421480c5f4 引擎就绪 general-web-abc 当前页 https://example.com[39m
[32m[Nest] 47735  - [39m09/06/2026, 9:05:59 PM [32m    LOG[39m [38;5;3m[AgentBrowserSessionService] [39m[32mAgentBrowser 会话创建 df2efb33-088b-4db6-9b35-7636966df946 域名白名单=kaypal.cn[39m
[32m[Nest] 47735  - [39m09/06/2026, 9:05:59 PM [32m    LOG[39m [38;5;3m[AgentBrowserSessionService] [39m[32mAgentBrowser 会话 df2efb33-088b-4db6-9b35-7636966df946 引擎就绪 general-web-abc 当前页 https://kaypal.cn[39m
[32m[Nest] 47735  - [39m09/06/2026, 9:05:59 PM [32m    LOG[39m [38;5;3m[AgentBrowserLoopService] [39m[32mAgentBrowser df2efb33-088b-4db6-9b35-7636966df946 完成：1 个动作，0 成功[39m
[32m[Nest] 47735  - [39m09/06/2026, 9:05:59 PM [32m    LOG[39m [38;5;3m[AgentBrowserSessionService] [39m[32mAgentBrowser 会话创建 d7fab21b-1ba2-40ce-b370-5ee2cce137bf 域名白名单=kaypal.cn[39m
[32m[Nest] 47735  - [39m09/06/2026, 9:05:59 PM [32m    LOG[39m [38;5;3m[AgentBrowserSessionService] [39m[32mAgentBrowser 会话 d7fab21b-1ba2-40ce-b370-5ee2cce137bf 引擎就绪 general-web-abc 当前页 https://kaypal.cn[39m
[32m[Nest] 47735  - [39m09/06/2026, 9:05:59 PM [32m    LOG[39m [38;5;3m[AgentBrowserLoopService] [39m[32mAgentBrowser d7fab21b-1ba2-40ce-b370-5ee2cce137bf 完成：1 个动作，0 成功[39m
[32m[Nest] 47735  - [39m09/06/2026, 9:05:59 PM [32m    LOG[39m [38;5;3m[AgentBrowserSessionService] [39m[32mAgentBrowser 会话创建 50add8fd-f111-4fae-9e16-70c8047964d9 域名白名单=kaypal.cn[39m
[32m[Nest] 47735  - [39m09/06/2026, 9:05:59 PM [32m    LOG[39m [38;5;3m[AgentBrowserSessionService] [39m[32mAgentBrowser 会话 50add8fd-f111-4fae-9e16-70c8047964d9 引擎就绪 general-web-abc 当前页 https://kaypal.cn[39m
[32m[Nest] 47735  - [39m09/06/2026, 9:05:59 PM [32m    LOG[39m [38;5;3m[AgentBrowserLoopService] [39m[32mAgentBrowser 50add8fd-f111-4fae-9e16-70c8047964d9 完成：1 个动作，1 成功[39m
[32m[Nest] 47735  - [39m09/06/2026, 9:05:59 PM [32m    LOG[39m [38;5;3m[AgentBrowserSessionService] [39m[32mAgentBrowser 会话创建 578a14e4-176b-41a5-9b55-f3117d36d8f7 域名白名单=kaypal.cn[39m
[32m[Nest] 47735  - [39m09/06/2026, 9:05:59 PM [32m    LOG[39m [38;5;3m[AgentBrowserSessionService] [39m[32mAgentBrowser 会话 578a14e4-176b-41a5-9b55-f3117d36d8f7 引擎就绪 general-web-abc 当前页 https://kaypal.cn[39m
[32m[Nest] 47735  - [39m09/06/2026, 9:05:59 PM [32m    LOG[39m [38;5;3m[AgentBrowserLoopService] [39m[32mAgentBrowser 578a14e4-176b-41a5-9b55-f3117d36d8f7 完成：1 个动作，0 成功[39m
[32m[Nest] 47735  - [39m09/06/2026, 9:05:59 PM [32m    LOG[39m [38;5;3m[AgentBrowserSessionService] [39m[32mAgentBrowser 会话创建 00427a58-5ba5-4f50-a40f-cc0f4bc77896 域名白名单=kaypal.cn[39m
[32m[Nest] 47735  - [39m09/06/2026, 9:05:59 PM [32m    LOG[39m [38;5;3m[AgentBrowserSessionService] [39m[32mAgentBrowser 会话 00427a58-5ba5-4f50-a40f-cc0f4bc77896 引擎就绪 general-web-abc 当前页 https://kaypal.cn[39m
[32m[Nest] 47735  - [39m09/06/2026, 9:05:59 PM [32m    LOG[39m [38;5;3m[AgentBrowserLoopService] [39m[32mAgentBrowser 00427a58-5ba5-4f50-a40f-cc0f4bc77896 完成：1 个动作，0 成功[39m
[32m[Nest] 47735  - [39m09/06/2026, 9:05:59 PM [32m    LOG[39m [38;5;3m[AgentBrowserSessionService] [39m[32mAgentBrowser 会话创建 dbf092d0-1666-4ee2-a303-601134d76851 域名白名单=kaypal.cn[39m
[32m[Nest] 47735  - [39m09/06/2026, 9:05:59 PM [32m    LOG[39m [38;5;3m[AgentBrowserSessionService] [39m[32mAgentBrowser 会话 dbf092d0-1666-4ee2-a303-601134d76851 引擎就绪 general-web-abc 当前页 https://kaypal.cn[39m
[32m[Nest] 47735  - [39m09/06/2026, 9:05:59 PM [32m    LOG[39m [38;5;3m[AgentBrowserLoopService] [39m[32mAgentBrowser dbf092d0-1666-4ee2-a303-601134d76851 完成：1 个动作，0 成功[39m
[32m[Nest] 47735  - [39m09/06/2026, 9:05:59 PM [32m    LOG[39m [38;5;3m[AgentBrowserSessionService] [39m[32mAgentBrowser 会话创建 a3518584-182c-4882-9632-18ca20b05b10 域名白名单=kaypal.cn[39m
[32m[Nest] 47735  - [39m09/06/2026, 9:05:59 PM [32m    LOG[39m [38;5;3m[AgentBrowserSessionService] [39m[32mAgentBrowser 会话 a3518584-182c-4882-9632-18ca20b05b10 引擎就绪 general-web-abc 当前页 https://kaypal.cn[39m
[32m[Nest] 47735  - [39m09/06/2026, 9:05:59 PM [32m    LOG[39m [38;5;3m[AgentBrowserLoopService] [39m[32mAgentBrowser a3518584-182c-4882-9632-18ca20b05b10 完成：1 个动作，1 成功[39m
[32m[Nest] 47735  - [39m09/06/2026, 9:05:59 PM [32m    LOG[39m [38;5;3m[AgentBrowserSessionService] [39m[32mAgentBrowser 会话创建 e3c0fc59-604d-4632-a964-2229d75de4ce 域名白名单=kaypal.cn[39m
[32m[Nest] 47735  - [39m09/06/2026, 9:05:59 PM [32m    LOG[39m [38;5;3m[AgentBrowserSessionService] [39m[32mAgentBrowser 会话 e3c0fc59-604d-4632-a964-2229d75de4ce 引擎就绪 general-web-abc 当前页 https://kaypal.cn[39m
[33m[Nest] 47735  - [39m09/06/2026, 9:05:59 PM [33m   WARN[39m [38;5;3m[AgentBrowserLoopService] [39m[33mAgentBrowser 动作 goto 第 1 次失败，重试：面板模式：导航需用户在桌面端批准（确认单 act-1 当前状态 pending）[39m
[33m[Nest] 47735  - [39m09/06/2026, 9:06:00 PM [33m   WARN[39m [38;5;3m[AgentBrowserLoopService] [39m[33mAgentBrowser 动作 goto 第 2 次失败，重试：面板模式：导航需用户在桌面端批准（确认单 act-1 当前状态 pending）[39m
[32m[Nest] 47735  - [39m09/06/2026, 9:06:00 PM [32m    LOG[39m [38;5;3m[AgentBrowserLoopService] [39m[32mAgentBrowser e3c0fc59-604d-4632-a964-2229d75de4ce 完成：1 个动作，0 成功[39m
[32m[Nest] 47735  - [39m09/06/2026, 9:06:00 PM [32m    LOG[39m [38;5;3m[AgentBrowserSessionService] [39m[32mAgentBrowser 会话创建 259a7f38-33ad-4ba6-b9e3-9473b0dfef02 域名白名单=kaypal.cn[39m
[32m[Nest] 47735  - [39m09/06/2026, 9:06:00 PM [32m    LOG[39m [38;5;3m[AgentBrowserSessionService] [39m[32mAgentBrowser 会话 259a7f38-33ad-4ba6-b9e3-9473b0dfef02 引擎就绪 general-web-abc 当前页 https://kaypal.cn[39m
[32m[Nest] 47735  - [39m09/06/2026, 9:06:00 PM [32m    LOG[39m [38;5;3m[AgentBrowserLoopService] [39m[32mAgentBrowser 259a7f38-33ad-4ba6-b9e3-9473b0dfef02 完成：1 个动作，0 成功[39m
[32m[Nest] 47735  - [39m09/06/2026, 9:06:00 PM [32m    LOG[39m [38;5;3m[AgentBrowserSessionService] [39m[32mAgentBrowser 会话创建 f9cefdff-a865-49d5-8fbf-b163e89900a6 域名白名单=kaypal.cn[39m
[32m[Nest] 47735  - [39m09/06/2026, 9:06:00 PM [32m    LOG[39m [38;5;3m[AgentBrowserSessionService] [39m[32mAgentBrowser 会话 f9cefdff-a865-49d5-8fbf-b163e89900a6 引擎就绪 general-web-abc 当前页 https://kaypal.cn[39m
[33m[Nest] 47735  - [39m09/06/2026, 9:06:00 PM [33m   WARN[39m [38;5;3m[AgentBrowserLoopService] [39m[33mAgentBrowser 动作 goto 第 1 次失败，重试：面板模式：导航需用户在桌面端批准（确认单 act-1 当前状态 pending）[39m
[33m[Nest] 47735  - [39m09/06/2026, 9:06:01 PM [33m   WARN[39m [38;5;3m[AgentBrowserLoopService] [39m[33mAgentBrowser 动作 goto 第 2 次失败，重试：面板模式：导航需用户在桌面端批准（确认单 act-1 当前状态 pending）[39m
[32m[Nest] 47735  - [39m09/06/2026, 9:06:01 PM [32m    LOG[39m [38;5;3m[AgentBrowserLoopService] [39m[32mAgentBrowser f9cefdff-a865-49d5-8fbf-b163e89900a6 完成：1 个动作，0 成功[39m
[32m[Nest] 47735  - [39m09/06/2026, 9:06:01 PM [32m    LOG[39m [38;5;3m[AgentBrowserSessionService] [39m[32mAgentBrowser 会话 f9cefdff-a865-49d5-8fbf-b163e89900a6 引擎就绪 general-web-abc 当前页 https://kaypal.cn[39m
[32m[Nest] 47735  - [39m09/06/2026, 9:06:01 PM [32m    LOG[39m [38;5;3m[AgentBrowserLoopService] [39m[32mAgentBrowser f9cefdff-a865-49d5-8fbf-b163e89900a6 完成：1 个动作，1 成功[39m
[32m[Nest] 47735  - [39m09/06/2026, 9:06:03 PM [32m    LOG[39m [38;5;3m[LocalBrowserEngine] [39m[32m会话 douyin-4 已接入内置面板（sessionMode=desktop-panel, accountId=4, url=https://creator.douyin.com/creator-micro/home）[39m
[32m[Nest] 47735  - [39m09/06/2026, 9:06:03 PM [32m    LOG[39m [38;5;3m[LocalBrowserEngine] [39m[32m会话 douyin-4 已接入内置面板（sessionMode=desktop-panel, accountId=4, url=https://creator.douyin.com/creator-micro/home）[39m
[33m[Nest] 47735  - [39m09/06/2026, 9:06:03 PM [33m   WARN[39m [38;5;3m[LocalBrowserEngine] [39m[33m面板账号切换未确认（douyin-4，want=4），走兜底 spawn[39m
[33m[Nest] 47735  - [39m09/06/2026, 9:06:03 PM [33m   WARN[39m [38;5;3m[LocalBrowserEngine] [39m[33mpanel-state 核验失败（douyin-4），走兜底 spawn：PANEL_UNAVAILABLE[39m
[32m[Nest] 47735  - [39m09/06/2026, 9:06:03 PM [32m    LOG[39m [38;5;3m[LocalBrowserEngine] [39m[32m会话 douyin-4 已接入内置面板（sessionMode=desktop-panel, accountId=4, url=https://creator.douyin.com/creator-micro/home）[39m
[33m[Nest] 47735  - [39m09/06/2026, 9:06:03 PM [33m   WARN[39m [38;5;3m[LocalBrowserEngine] [39m[33m会话 douyin-4 已失效，重新创建：panel account mismatch/unverifiable (panel=99, want=4)[39m
[32m[Nest] 47735  - [39m09/06/2026, 9:06:03 PM [32m    LOG[39m [38;5;3m[LocalBrowserEngine] [39m[32m会话 douyin-4 已接入内置面板（sessionMode=desktop-panel, accountId=4, url=https://creator.douyin.com/creator-micro/home）[39m
[32m[Nest] 47735  - [39m09/06/2026, 9:06:05 PM [32m    LOG[39m [38;5;3m[LocalBrowserEngine] [39m[32m会话 douyin-4 已接入内置面板（sessionMode=desktop-panel, accountId=4, url=https://creator.douyin.com/creator-micro/home）[39m
[32m[Nest] 47735  - [39m09/06/2026, 9:06:05 PM [32m    LOG[39m [38;5;3m[LocalBrowserEngine] [39m[32m会话 douyin-4-b 已接入内置面板（sessionMode=desktop-panel, accountId=4, url=https://creator.douyin.com/creator-micro/home）[39m
[33m[Nest] 47735  - [39m09/06/2026, 9:06:05 PM [33m   WARN[39m [38;5;3m[LocalBrowserEngine] [39m[33m会话 wechat-channel-4 CDP 连接不兼容，改用 Playwright persistent context：browserType.connectOverCDP: Protocol error (Browser.setDownloadBehavior): Browser context management is not supported.[39m
[32m[Nest] 47735  - [39m09/06/2026, 9:06:05 PM [32m    LOG[39m [38;5;3m[LocalBrowserEngine] [39m[32m会话 wechat-channel-4 已有更新的持久 Chrome cookie store，跳过旧 storageState 注入[39m
[32m[Nest] 47735  - [39m09/06/2026, 9:06:05 PM [32m    LOG[39m [38;5;3m[LocalBrowserEngine] [39m[32m会话 wechat-channel-4 加载登录 cookies: 1[39m
[32m[Nest] 47735  - [39m09/06/2026, 9:06:05 PM [32m    LOG[39m [38;5;3m[LocalBrowserEngine] [39m[32m面板优先通道已关闭（LOCAL_PANEL_MODE=off），douyin-4 走兜底 spawn[39m
[32m[Nest] 47735  - [39m09/06/2026, 9:06:05 PM [32m    LOG[39m [38;5;3m[LocalBrowserEngine] [39m[32m启动持久浏览器会话 douyin-4: profile=/var/folders/81/p0xp75ss6gb4cq9plyx6q7hh0000gn/T/local-browser-engine-45STS2/profiles/douyin-4, visible=true[39m
[32m[Nest] 47735  - [39m09/06/2026, 9:06:05 PM [32m    LOG[39m [38;5;3m[LocalBrowserEngine] [39m[32m面板优先通道已关闭（LOCAL_PANEL_MODE=off），wechat-channel-4 走兜底 spawn[39m
[32m[Nest] 47735  - [39m09/06/2026, 9:06:05 PM [32m    LOG[39m [38;5;3m[LocalBrowserEngine] [39m[32m启动持久浏览器会话 wechat-channel-4: profile=/var/folders/81/p0xp75ss6gb4cq9plyx6q7hh0000gn/T/local-browser-engine-bbIOPk/profiles/wechat-channel-4, visible=true[39m
[32m[Nest] 47735  - [39m09/06/2026, 9:06:05 PM [32m    LOG[39m [38;5;3m[LocalBrowserEngine] [39m[32m面板优先通道已关闭（LOCAL_PANEL_MODE=off），wechat-channel-4 走兜底 spawn[39m
[32m[Nest] 47735  - [39m09/06/2026, 9:06:05 PM [32m    LOG[39m [38;5;3m[LocalBrowserEngine] [39m[32m启动持久浏览器会话 wechat-channel-4: profile=/var/folders/81/p0xp75ss6gb4cq9plyx6q7hh0000gn/T/local-browser-engine-3z66M1/profiles/wechat-channel-4, visible=true[39m
[33m[Nest] 47735  - [39m09/06/2026, 9:06:09 PM [33m   WARN[39m [38;5;3m[ArticlesService] [39m[33mHTML 初稿疑似截断，尝试基于同一轮上下文续写补全。原因：HTML 结尾缺少闭合标签，疑似被截断[39m
[32m[Nest] 47735  - [39m09/06/2026, 9:06:09 PM [32m    LOG[39m [38;5;3m[ArticlesService] [39m[32mHTML 截断内容已通过续写补全恢复完整[39m
[33m[Nest] 47735  - [39m09/06/2026, 9:06:09 PM [33m   WARN[39m [38;5;3m[ArticlesService] [39m[33mHTML 初稿疑似截断，尝试基于同一轮上下文续写补全。原因：HTML 结尾缺少闭合标签，疑似被截断[39m
[33m[Nest] 47735  - [39m09/06/2026, 9:06:09 PM [33m   WARN[39m [38;5;3m[ArticlesService] [39m[33mHTML 续写补全后仍未通过校验：HTML 结尾缺少闭合标签，疑似被截断[39m
[33m[Nest] 47735  - [39m09/06/2026, 9:06:09 PM [33m   WARN[39m [38;5;3m[ArticlesService] [39m[33mHTML 文章生成第 1 次校验未通过：HTML 结尾缺少闭合标签，疑似被截断[39m
[32m[Nest] 47735  - [39m09/06/2026, 9:06:09 PM [32m    LOG[39m [38;5;3m[ArticlesService] [39m[32m选题「OpenClaw 龙虾爆火」嗅探到 1 处图片插图，准备启动混合配图管线...[39m
[32m[Nest] 47735  - [39m09/06/2026, 9:06:09 PM [32m    LOG[39m [38;5;3m[ArticlesService] [39m[32m选题「OpenClaw 龙虾爆火」开始独立生成 AI 封面图...[39m
[32m[Nest] 47735  - [39m09/06/2026, 9:06:09 PM [32m    LOG[39m [38;5;3m[ArticlesService] [39m[32m选题「OpenClaw 龙虾爆火」独立封面生成成功[39m
[33m[Nest] 47735  - [39m09/06/2026, 9:06:09 PM [33m   WARN[39m [38;5;3m[ArticlesService] [39m[33m小红书 JSON 解析失败，尝试容错提取: Unexpected token '标', "标题：商业验收卡片
"... is not valid JSON[39m
[33m[Nest] 47735  - [39m09/06/2026, 9:06:09 PM [33m   WARN[39m [38;5;3m[ArticlesService] [39m[33m小红书 JSON 容错提取失败，已启用兜底卡片骨架[39m
[32m[Nest] 47735  - [39m09/06/2026, 9:06:16 PM [32m    LOG[39m [38;5;3m[VideoService] [39m[32mproductCut: 扫地机器人 segments=5[39m
[32m[Nest] 47735  - [39m09/06/2026, 9:06:16 PM [32m    LOG[39m [38;5;3m[VideoService] [39m[32mgenerate: pipeline=x prompt=p...[39m
[33m[Nest] 47735  - [39m09/06/2026, 9:06:16 PM [33m   WARN[39m [38;5;3m[VideoService] [39m[33mStudioCore 不可达，回退 kaypal 云端视频通道：connect ECONNREFUSED[39m
[32m[Nest] 47735  - [39m09/06/2026, 9:06:16 PM [32m    LOG[39m [38;5;3m[VideoService] [39m[32mgenerate: pipeline=x prompt=p...[39m
[32m[Nest] 47735  - [39m09/06/2026, 9:06:16 PM [32m    LOG[39m [38;5;3m[VideoService] [39m[32mgenerate: pipeline=x prompt=p...[39m
[32m[Nest] 47735  - [39m09/06/2026, 9:06:16 PM [32m    LOG[39m [38;5;3m[VideoService] [39m[32mproductCut: 养生壶 segments=2[39m
[33m[Nest] 47735  - [39m09/06/2026, 9:06:18 PM [33m   WARN[39m [38;5;3m[AgentBrowserExecutor] [39m[33m面板模式动作 extract 失败（POLICY_DENIED）：POLICY_DENIED[39m
[33m[Nest] 47735  - [39m09/06/2026, 9:06:19 PM [33m   WARN[39m [38;5;3m[AiEmployeeService] [39m[33mAI employee auto acquisition scheduler is configured but not armed. Set GROWTH_EXECUTION_ENABLED=true and GROWTH_SCHEDULER_REAL_DAEMON_ALLOWED=true to allow unattended real execution.[39m
[32m[Nest] 47735  - [39m09/06/2026, 9:06:19 PM [32m    LOG[39m [38;5;3m[AiEmployeeService] [39m[32mAuto acquisition cloud billing reserved: record=aar_mtpts9ji_822e16, amount=30[39m
[32m[Nest] 47735  - [39m09/06/2026, 9:06:19 PM [32m    LOG[39m [38;5;3m[AiEmployeeService] [39m[32mAuto acquisition cloud billing charged: record=aar_mtpts9ji_822e16, amount=17[39m
[32m[Nest] 47735  - [39m09/06/2026, 9:06:19 PM [32m    LOG[39m [38;5;3m[AiEmployeeService] [39m[32mAuto acquisition cloud billing reserved: record=aar_mtpts9ju_707816, amount=30[39m
[32m[Nest] 47735  - [39m09/06/2026, 9:06:19 PM [32m    LOG[39m [38;5;3m[AiEmployeeService] [39m[32mAuto acquisition cloud billing charged: record=aar_mtpts9ju_707816, amount=17[39m
[32m[Nest] 47735  - [39m09/06/2026, 9:06:19 PM [32m    LOG[39m [38;5;3m[AiEmployeeService] [39m[32mAuto acquisition cloud billing reserved: record=aar_mtpts9k1_5d114a, amount=30[39m
[32m[Nest] 47735  - [39m09/06/2026, 9:06:19 PM [32m    LOG[39m [38;5;3m[AiEmployeeService] [39m[32mAuto acquisition cloud billing charged: record=aar_mtpts9k1_5d114a, amount=17[39m
[32m[Nest] 47735  - [39m09/06/2026, 9:06:19 PM [32m    LOG[39m [38;5;3m[AiEmployeeService] [39m[32mAuto acquisition cloud billing reserved: record=aar_mtpts9k7_4a3e91, amount=30[39m
[32m[Nest] 47735  - [39m09/06/2026, 9:06:19 PM [32m    LOG[39m [38;5;3m[AiEmployeeService] [39m[32mAuto acquisition cloud billing charged: record=aar_mtpts9k7_4a3e91, amount=17[39m
[32m[Nest] 47735  - [39m09/06/2026, 9:06:19 PM [32m    LOG[39m [38;5;3m[AiEmployeeService] [39m[32mAuto acquisition cloud billing reserved: record=aar_mtpts9kd_c3b28b, amount=30[39m
[32m[Nest] 47735  - [39m09/06/2026, 9:06:19 PM [32m    LOG[39m [38;5;3m[AiEmployeeService] [39m[32mAuto acquisition cloud billing charged: record=aar_mtpts9kd_c3b28b, amount=17[39m
[32m[Nest] 47735  - [39m09/06/2026, 9:06:19 PM [32m    LOG[39m [38;5;3m[AiEmployeeService] [39m[32mAuto acquisition cloud billing reserved: record=aar_mtpts9kk_656510, amount=30[39m
[32m[Nest] 47735  - [39m09/06/2026, 9:06:19 PM [32m    LOG[39m [38;5;3m[AiEmployeeService] [39m[32mAuto acquisition cloud billing charged: record=aar_mtpts9kk_656510, amount=17[39m
[32m[Nest] 47735  - [39m09/06/2026, 9:06:22 PM [32m    LOG[39m [38;5;3m[TaskQueueProcessor] [39m[32m[queue] picked up 1 queued task(s)[39m
[32m[Nest] 47735  - [39m09/06/2026, 9:06:22 PM [32m    LOG[39m [38;5;3m[TaskQueueProcessor] [39m[32mdispatch task=task-1 type=douyin-comment-reply accountId=undefined sendMode=auto-send[39m
[32m[Nest] 47735  - [39m09/06/2026, 9:06:22 PM [32m    LOG[39m [38;5;3m[TaskQueueProcessor] [39m[32mdispatch done task=task-1 ok=true message=[39m
[32m[Nest] 47735  - [39m09/06/2026, 9:06:22 PM [32m    LOG[39m [38;5;3m[TaskQueueProcessor] [39m[32mTaskQueueProcessor started (tick=60000ms, mock=false, processExisting=false)[39m
[32m[Nest] 47735  - [39m09/06/2026, 9:06:22 PM [32m    LOG[39m [38;5;3m[TaskQueueProcessor] [39m[32mTaskQueueProcessor started (tick=60000ms, mock=false, processExisting=false)[39m
[33m[Nest] 47735  - [39m09/06/2026, 9:06:23 PM [33m   WARN[39m [38;5;3m[AiAssistantService] [39m[33mfollow_up 幂等跳过：草稿 d1 已存在跟进任务，不重复创建[39m
[32m[Nest] 47735  - [39m09/06/2026, 9:06:25 PM [32m    LOG[39m [38;5;3m[WechatAutoReceptionGuardService] [39m[32mWechat auto-reception skip: 没有启用的客服机器人覆盖微信（contactScope=微信/全部），请先在互动-客服机器人启用[39m
[33m[Nest] 47735  - [39m09/06/2026, 9:06:27 PM [33m   WARN[39m [38;5;3m[DouyinExposureCollector] [39m[33m视觉兜底跳过：AiClientService 未注入[39m
[33m[Nest] 47735  - [39m09/06/2026, 9:06:27 PM [33m   WARN[39m [38;5;3m[DouyinExposureCollector] [39m[33m视觉兜底跳过：AiClientService 未注入[39m
[33m[Nest] 47735  - [39m09/06/2026, 9:06:27 PM [33m   WARN[39m [38;5;3m[DouyinExposureCollector] [39m[33m视觉兜底跳过：AiClientService 未注入[39m
[33m[Nest] 47735  - [39m09/06/2026, 9:06:27 PM [33m   WARN[39m [38;5;3m[DouyinExposureCollector] [39m[33m视觉兜底跳过：AiClientService 未注入[39m
[33m[Nest] 47735  - [39m09/06/2026, 9:06:27 PM [33m   WARN[39m [38;5;3m[DouyinExposureCollector] [39m[33m视觉兜底跳过：AiClientService 未注入[39m
[32m[Nest] 47735  - [39m09/06/2026, 9:06:27 PM [32m    LOG[39m [38;5;3m[AgentSService] [39m[32mAgent-S local SkillHub route accepted: skill=wechat-moments-publish session=moments-session[39m
[32m[Nest] 47735  - [39m09/06/2026, 9:06:27 PM [32m    LOG[39m [38;5;3m[AgentSService] [39m[32mRunning wechat-moments-publish skill: target=朋友圈明细 1 mode=approval[39m
[32m[Nest] 47735  - [39m09/06/2026, 9:06:27 PM [32m    LOG[39m [38;5;3m[AgentSService] [39m[32mAgent-S local SkillHub route accepted: skill=wechat-contact-add session=contact-session[39m
[32m[Nest] 47735  - [39m09/06/2026, 9:06:27 PM [32m    LOG[39m [38;5;3m[AgentSService] [39m[32mAgent-S local SkillHub route accepted: skill=wechat-moments-marketing session=marketing-session[39m
[32m[Nest] 47735  - [39m09/06/2026, 9:06:27 PM [32m    LOG[39m [38;5;3m[AgentSService] [39m[32mAgent-S local SkillHub route accepted: skill=wechat-contact-add session=contact-limit-session[39m
[32m[Nest] 47735  - [39m09/06/2026, 9:06:27 PM [32m    LOG[39m [38;5;3m[AgentSService] [39m[32mAgent-S local SkillHub route accepted: skill=wechat.group.broadcast session=group-session[39m
[32m[Nest] 47735  - [39m09/06/2026, 9:06:27 PM [32m    LOG[39m [38;5;3m[AgentSService] [39m[32mRunning wechat-auto-reply group skill: target=客户A mode=auto-send[39m
[32m[Nest] 47735  - [39m09/06/2026, 9:06:27 PM [32m    LOG[39m [38;5;3m[AgentSService] [39m[32mRunning wechat-auto-reply group skill: target=客户B mode=auto-send[39m
[32m[Nest] 47735  - [39m09/06/2026, 9:06:27 PM [32m    LOG[39m [38;5;3m[AgentSService] [39m[32mAgent-S local SkillHub route accepted: skill=wechat.group.broadcast session=personalized-group-session[39m
[32m[Nest] 47735  - [39m09/06/2026, 9:06:27 PM [32m    LOG[39m [38;5;3m[AgentSService] [39m[32mRunning wechat-auto-reply group skill: target=客户甲 mode=auto-send[39m
[32m[Nest] 47735  - [39m09/06/2026, 9:06:27 PM [32m    LOG[39m [38;5;3m[AgentSService] [39m[32mRunning wechat-auto-reply group skill: target=客户乙 mode=auto-send[39m
[32m[Nest] 47735  - [39m09/06/2026, 9:06:27 PM [32m    LOG[39m [38;5;3m[AgentSService] [39m[32mAgent-S local SkillHub route accepted: skill=wechat.group.broadcast session=commercial-guard-session[39m
[32m[Nest] 47735  - [39m09/06/2026, 9:06:27 PM [32m    LOG[39m [38;5;3m[AgentSService] [39m[32mAgent-S local SkillHub route accepted: skill=wechat.group.broadcast session=native-group-broadcast[39m
[32m[Nest] 47735  - [39m09/06/2026, 9:06:27 PM [32m    LOG[39m [38;5;3m[AgentSService] [39m[32mAgent-S local SkillHub route accepted: skill=wechat.friend.accept session=native-friend-accept[39m
[32m[Nest] 47735  - [39m09/06/2026, 9:06:27 PM [32m    LOG[39m [38;5;3m[AgentSService] [39m[32mAgent-S local SkillHub route accepted: skill=wechat.session.auto_reply session=customer-no-reply[39m
[32m[Nest] 47735  - [39m09/06/2026, 9:06:27 PM [32m    LOG[39m [38;5;3m[AgentSService] [39m[32mAgent-S local SkillHub route accepted: skill=wechat.group.broadcast session=group-account-mismatch[39m
[32m[Nest] 47735  - [39m09/06/2026, 9:06:27 PM [32m    LOG[39m [38;5;3m[AgentSService] [39m[32mAgent-S local SkillHub route accepted: skill=wechat.group.broadcast session=group-account-unreadable[39m
[32m[Nest] 47735  - [39m09/06/2026, 9:06:27 PM [32m    LOG[39m [38;5;3m[AgentSService] [39m[32mRunning wechat-auto-reply group skill: target=客户A mode=auto-send[39m
[32m[Nest] 47735  - [39m09/06/2026, 9:06:27 PM [32m    LOG[39m [38;5;3m[AgentSService] [39m[32mAgent-S RedFox SkillHub route accepted: skill=missing-trending-hub-test session=redfox-blocked-session[39m
[32m[Nest] 47735  - [39m09/06/2026, 9:06:27 PM [32m    LOG[39m [38;5;3m[AgentSService] [39m[32mAgent-S RedFox SkillHub route accepted: skill=unit-test-redfox-skill session=redfox-install-session[39m
[32m[Nest] 47735  - [39m09/06/2026, 9:06:27 PM [32m    LOG[39m [38;5;3m[AgentSService] [39m[32mAgent-S RedFox SkillHub route accepted: skill=trending-hub session=redfox-run-session[39m
[33m[Nest] 47735  - [39m09/06/2026, 9:06:28 PM [33m   WARN[39m [38;5;3m[VoiceService] [39m[33mKAYPAL voice ASR billing failed: Kaypal 地址非法，仅允许 kaypal.cn 及其子域，实际: kaypal.cn.evil.com[39m
[33m[Nest] 47735  - [39m09/06/2026, 9:06:31 PM [33m   WARN[39m [38;5;3m[RedfoxClientService] [39m[33mRedFox GET /story/web/api/doc/platforms failed: REDFOX_API_KEY_REQUIRED 情报数据服务尚未配置，请到「设置」添加数据源后使用。[39m
[32m[Nest] 47735  - [39m09/06/2026, 9:06:31 PM [32m    LOG[39m [38;5;3m[DurablePublishWorker] [39m[32mClaimed durable task #42 (db=runtime-1).[39m
[32m[Nest] 47735  - [39m09/06/2026, 9:06:31 PM [32m    LOG[39m [38;5;3m[DurablePublishWorker] [39m[32mClaimed durable task #42 (db=runtime-1).[39m
[32m[Nest] 47735  - [39m09/06/2026, 9:06:31 PM [32m    LOG[39m [38;5;3m[DurablePublishWorker] [39m[32mClaimed durable task #42 (db=runtime-1).[39m
[33m[Nest] 47735  - [39m09/06/2026, 9:06:32 PM [33m   WARN[39m [38;5;3m[ExecutorRouter] [39m[33mNo executor for task test-task-1 (douyin-comment-reply/douyin); reasons: local-runtime: P1 骨架阶段[39m
[95m[Nest] 47735  - [39m09/06/2026, 9:06:32 PM [95m  DEBUG[39m [38;5;3m[ExecutorRouter] [39m[95mRouting task test-task-1 (douyin-comment-reply/wechat-desktop) to executor agent-s[39m
[95m[Nest] 47735  - [39m09/06/2026, 9:06:32 PM [95m  DEBUG[39m [38;5;3m[ExecutorRouter] [39m[95mRouting task test-task-1 (douyin-comment-reply/douyin) to executor local-runtime[39m
[95m[Nest] 47735  - [39m09/06/2026, 9:06:32 PM [95m  DEBUG[39m [38;5;3m[ExecutorRouter] [39m[95mRouting task test-task-1 (douyin-comment-reply/mixed) to executor agent-s[39m
[95m[Nest] 47735  - [39m09/06/2026, 9:06:32 PM [95m  DEBUG[39m [38;5;3m[ExecutorRouter] [39m[95mRouting task test-task-1 (douyin-comment-reply/douyin) to executor local-runtime[39m
[95m[Nest] 47735  - [39m09/06/2026, 9:06:32 PM [95m  DEBUG[39m [38;5;3m[ExecutorRouter] [39m[95mRouting task test-task-1 (douyin-comment-reply/wechat-desktop) to executor agent-s[39m
[33m[Nest] 47735  - [39m09/06/2026, 9:06:32 PM [33m   WARN[39m [38;5;3m[RedfoxClientService] [39m[33mRedFox GET /story/web/api/doc/platforms failed: REDFOX_API_KEY_REQUIRED 情报数据服务尚未配置，请到「设置」添加数据源后使用。[39m
[33m[Nest] 47735  - [39m09/06/2026, 9:06:32 PM [33m   WARN[39m [38;5;3m[RedfoxClientService] [39m[33mRedFox POST /story/api/dyData/searchArticle succeeded but billing failed: 积分余额不足，请充值或调整任务消耗后再试。[39m
[33m[Nest] 47735  - [39m09/06/2026, 9:06:32 PM [33m   WARN[39m [38;5;3m[RedfoxClientService] [39m[33mRedFox POST /story/api/dyData/searchArticle failed: INSUFFICIENT_CREDITS 积分余额不足，请充值或调整任务消耗后再试。[39m
[95m[Nest] 47735  - [39m09/06/2026, 9:06:33 PM [95m  DEBUG[39m [38;5;3m[RuntimeOrchestrator] [39m[95mRuntimeOrchestrator.execute: task=orch-1 platform=wechat-desktop type=wechat-reply-draft[39m
[95m[Nest] 47735  - [39m09/06/2026, 9:06:33 PM [95m  DEBUG[39m [38;5;3m[RuntimeOrchestrator] [39m[95mRuntimeOrchestrator.execute: task=task-1 platform=wechat-desktop type=wechat-reply-draft[39m
[95m[Nest] 47735  - [39m09/06/2026, 9:06:33 PM [95m  DEBUG[39m [38;5;3m[RuntimeOrchestrator] [39m[95mRuntimeOrchestrator.execute: task=publish-1 platform=douyin type=platform-publish-image-text[39m
[95m[Nest] 47735  - [39m09/06/2026, 9:06:33 PM [95m  DEBUG[39m [38;5;3m[RuntimeOrchestrator] [39m[95mRuntimeOrchestrator.execute: task=face-swap-1 platform=mixed type=video-face-swap[39m
[95m[Nest] 47735  - [39m09/06/2026, 9:06:33 PM [95m  DEBUG[39m [38;5;3m[RuntimeOrchestrator] [39m[95mRuntimeOrchestrator.execute: task=face-swap-no-price platform=mixed type=video-face-swap[39m
[33m[Nest] 47735  - [39m09/06/2026, 9:06:33 PM [33m   WARN[39m [38;5;3m[RuntimeOrchestrator] [39m[33mRuntime billing reserve blocked task=face-swap-no-price type=video-face-swap: 视频换脸缺少服务端计费金额，已拒绝真实执行。[39m
[95m[Nest] 47735  - [39m09/06/2026, 9:06:33 PM [95m  DEBUG[39m [38;5;3m[RuntimeOrchestrator] [39m[95mRuntimeOrchestrator.execute: task=task-1 platform=douyin type=platform-publish-video[39m
[33m[Nest] 47735  - [39m09/06/2026, 9:06:33 PM [33m   WARN[39m [38;5;3m[RuntimeOrchestrator] [39m[33mRuntime billing reserve blocked task=task-1 type=platform-publish-video: 真实执行扣积分需要当前账号接通 Kaypal 云端授权，或后端配置 KAYPAL_API_KEY/KAYPAL_AI_PROXY_API_KEY 后再执行。[39m
[95m[Nest] 47735  - [39m09/06/2026, 9:06:33 PM [95m  DEBUG[39m [38;5;3m[RuntimeOrchestrator] [39m[95mRuntimeOrchestrator.execute: task=contact-add-1 platform=wechat-desktop type=wechat-contact-add[39m
[95m[Nest] 47735  - [39m09/06/2026, 9:06:33 PM [95m  DEBUG[39m [38;5;3m[RuntimeOrchestrator] [39m[95mRuntimeOrchestrator.execute: task=contact-add-1 platform=wechat-desktop type=wechat-contact-add[39m
[95m[Nest] 47735  - [39m09/06/2026, 9:06:33 PM [95m  DEBUG[39m [38;5;3m[RuntimeOrchestrator] [39m[95mRuntimeOrchestrator.execute: task=publish-server-key-1 platform=douyin type=platform-publish-image-text[39m
[95m[Nest] 47735  - [39m09/06/2026, 9:06:33 PM [95m  DEBUG[39m [38;5;3m[RuntimeOrchestrator] [39m[95mRuntimeOrchestrator.execute: task=publish-fallback-1 platform=douyin type=platform-publish-video[39m
[95m[Nest] 47735  - [39m09/06/2026, 9:06:33 PM [95m  DEBUG[39m [38;5;3m[RuntimeOrchestrator] [39m[95mRuntimeOrchestrator.execute: task=publish-refresh-fallback-1 platform=douyin type=platform-publish-image-text[39m
[33m[Nest] 47735  - [39m09/06/2026, 9:06:33 PM [33m   WARN[39m [38;5;3m[RuntimeOrchestrator] [39m[33mRuntime billing desktop token refresh failed, falling back to server billing key: refresh_token 无效或已过期[39m
[33m[Nest] 47735  - [39m09/06/2026, 9:06:33 PM [33m   WARN[39m [38;5;3m[RuntimeOrchestrator] [39m[33mRuntime billing desktop token refresh failed, falling back to server billing key: refresh_token 无效或已过期[39m
[95m[Nest] 47735  - [39m09/06/2026, 9:06:33 PM [95m  DEBUG[39m [38;5;3m[RuntimeOrchestrator] [39m[95mRuntimeOrchestrator.execute: task=task-1 platform=wechat-desktop type=wechat-reply-draft[39m
[95m[Nest] 47735  - [39m09/06/2026, 9:06:33 PM [95m  DEBUG[39m [38;5;3m[RuntimeOrchestrator] [39m[95mRuntimeOrchestrator.execute: task=task-1 platform=wechat-desktop type=wechat-reply-draft[39m
[95m[Nest] 47735  - [39m09/06/2026, 9:06:34 PM [95m  DEBUG[39m [38;5;3m[AiClientService] [39m[95mKaypal 代理模型由服务器扣积分: text_generation, model=qwen3.6-plus[39m
[32m[Nest] 47735  - [39m09/06/2026, 9:06:34 PM [32m    LOG[39m [38;5;3m[AiClientService] [39m[32m调用 AI 模型: Abortable model (abortable-model)[39m
[33m[Nest] 47735  - [39m09/06/2026, 9:06:34 PM [33m   WARN[39m [38;5;3m[AccountTouchQuotaService] [39m[33m[account-touch-quota] douyin:stable-id 今日触达额度已用尽或不可用[39m
[33m[Nest] 47735  - [39m09/06/2026, 9:06:36 PM [33m   WARN[39m [38;5;3m[RpaController] [39m[33m回复评论会话关闭失败：close session timeout（platform=kuaishou, account=ks-1）[39m
[33m[Nest] 47735  - [39m09/06/2026, 9:06:36 PM [33m   WARN[39m [38;5;3m[RpaController] [39m[33m[openDriverSession] kuaishou/ks-1 preflight 阻断：account_busy（reason=）[39m
[33m[Nest] 47735  - [39m09/06/2026, 9:06:36 PM [33m   WARN[39m [38;5;3m[RpaController] [39m[33m[openDriverSession] kuaishou/ks-1 preflight 阻断：browser_not_ready（reason=）[39m
[33m[Nest] 47735  - [39m09/06/2026, 9:06:36 PM [33m   WARN[39m [38;5;3m[RpaController] [39m[33m[openDriverSession] kuaishou/ks-1 preflight 阻断：page_not_interactive（reason=）[39m
[32m[Nest] 47735  - [39m09/06/2026, 9:06:39 PM [32m    LOG[39m [38;5;3m[MaterialsService] [39m[32m已执行 1 个本地采集任务（成功 1，失败 0）[39m
[32m[Nest] 47735  - [39m09/06/2026, 9:06:39 PM [32m    LOG[39m [38;5;3m[MaterialsService] [39m[32m已执行 1 个本地采集任务（成功 1，失败 0）[39m
[33m[Nest] 47735  - [39m09/06/2026, 9:06:40 PM [33m   WARN[39m [38;5;3m[McpController] [39m[33m[mcp-auth] 拒绝请求：token 不匹配 (remote=192.168.1.10)[39m
[33m[Nest] 47735  - [39m09/06/2026, 9:06:40 PM [33m   WARN[39m [38;5;3m[McpController] [39m[33m[mcp-auth] 拒绝请求：token 不匹配 (remote=192.168.1.10)[39m
[33m[Nest] 47735  - [39m09/06/2026, 9:06:40 PM [33m   WARN[39m [38;5;3m[McpController] [39m[33m[mcp-auth] 拒绝请求：KAYPAL_MCP_TOKEN 未配置 (remote=192.168.1.10)[39m
[33m[Nest] 47735  - [39m09/06/2026, 9:06:40 PM [33m   WARN[39m [38;5;3m[McpController] [39m[33m[mcp-auth] 拒绝请求：过渡期旧 token 已过期 (remote=192.168.1.10)[39m
[33m[Nest] 47735  - [39m09/06/2026, 9:06:40 PM [33m   WARN[39m [38;5;3m[McpController] [39m[33m[mcp-rate] 限流触发 (remote=10.0.0.5, count=301/60000ms)[39m
[33m[Nest] 47735  - [39m09/06/2026, 9:06:40 PM [33m   WARN[39m [38;5;3m[McpController] [39m[33m[mcp-cap] 只读 token 尝试调用敏感工具 browser_click，已拒绝[39m
[33m[Nest] 47735  - [39m09/06/2026, 9:06:40 PM [33m   WARN[39m [38;5;3m[McpController] [39m[33m[mcp-auth] 拒绝请求：token 不匹配 (remote=192.168.1.10)[39m
[33m[Nest] 47735  - [39m09/06/2026, 9:06:44 PM [33m   WARN[39m [38;5;3m[TopicMiningService] [39m[33m选题种子分析云端模型不可用，改用本地规则：云端扣积分失败: Unauthorized[39m
[33m[Nest] 47735  - [39m09/06/2026, 9:06:44 PM [33m   WARN[39m [38;5;3m[TopicMiningService] [39m[33m智能挖题云端模型不可用，改用本地规则：云端扣积分失败: Unauthorized[39m
[33m[Nest] 47735  - [39m09/06/2026, 9:06:44 PM [33m   WARN[39m [38;5;3m[TopicMiningService] [39m[33m选题种子分析云端模型不可用，改用本地规则：AI 服务暂时不可用：402 INSUFFICIENT_CREDITS[39m
[33m[Nest] 47735  - [39m09/06/2026, 9:06:44 PM [33m   WARN[39m [38;5;3m[TopicMiningService] [39m[33m智能挖题云端模型不可用，改用本地规则：AI 服务暂时不可用：402 INSUFFICIENT_CREDITS[39m
[33m[Nest] 47735  - [39m09/06/2026, 9:06:44 PM [33m   WARN[39m [38;5;3m[TopicMiningService] [39m[33m选题种子分析云端模型不可用，改用本地规则：Kaypal 模型台服务端授权未放行，请确认 test.kaypal.cn 已部署 billing/AI proxy 服务端 key 配置。[39m
[33m[Nest] 47735  - [39m09/06/2026, 9:06:44 PM [33m   WARN[39m [38;5;3m[TopicMiningService] [39m[33m智能挖题云端模型不可用，改用本地规则：Kaypal 模型台服务端授权未放行，请确认 test.kaypal.cn 已部署 billing/AI proxy 服务端 key 配置。[39m
[32m[Nest] 47735  - [39m09/06/2026, 9:06:45 PM [32m    LOG[39m [38;5;3m[SchedulesService] [39m[32mCronJob for collect_materials added and started with expression 0 * * * *[39m
[32m[Nest] 47735  - [39m09/06/2026, 9:06:45 PM [32m    LOG[39m [38;5;3m[SchedulesService] [39m[32mCronJob for collect_materials stopped and removed[39m
[33m[Nest] 47735  - [39m09/06/2026, 9:06:45 PM [33m   WARN[39m [38;5;3m[SchedulesService] [39m[33mSchedule startup initialization skipped: Timed out fetching a new connection from the connection pool[39m
[32m[Nest] 47735  - [39m09/06/2026, 9:06:45 PM [32m    LOG[39m [38;5;3m[SchedulesService] [39m[32mCronJob for collect_materials added and started with expression 0 * * * *[39m
[32m[Nest] 47735  - [39m09/06/2026, 9:06:45 PM [32m    LOG[39m [38;5;3m[SchedulesService] [39m[32mCronJob for collect_materials stopped and removed[39m
[32m[Nest] 47735  - [39m09/06/2026, 9:06:45 PM [32m    LOG[39m [38;5;3m[SchedulesService] [39m[32mExecuting automated article generation batch...[39m
[33m[Nest] 47735  - [39m09/06/2026, 9:06:45 PM [33m   WARN[39m [38;5;3m[SchedulesService] [39m[33m定时文章任务已生成 2 篇草稿；旧无人值守发布入口已停用，未向任何平台提交。请在发布中心完成服务端一次性确认后发布。[39m
[33m[Nest] 47735  - [39m09/06/2026, 9:06:45 PM [33m   WARN[39m [38;5;3m[LocalRuntimeEngineClient] [39m[33mLocal interaction engine health check failed: browser profile locked[39m
[33m[Nest] 47735  - [39m09/06/2026, 9:06:45 PM [33m   WARN[39m [38;5;3m[LocalRuntimeEngineClient] [39m[33mLocal interaction engine health check failed: browser profile locked[39m
[33m[Nest] 47735  - [39m09/06/2026, 9:06:45 PM [33m   WARN[39m [38;5;3m[LocalRuntimeEngineClient] [39m[33mpostJson(/interaction/douyin/comments/send) 已废弃 — platform service 应直接用 LocalBrowserEngine[39m
[33m[Nest] 47735  - [39m09/06/2026, 9:06:45 PM [33m   WARN[39m [38;5;3m[BrowserControlService] [39m[33mlistCdpSessions failed for douyin/1: cdp query failed[39m
[32m[Nest] 47735  - [39m09/06/2026, 9:06:46 PM [32m    LOG[39m [38;5;3m[MaiUiService] [39m[32mMAI-UI 规划成功: 1 个候选动作（cmsvis0001visionkaypalvl）[39m
[33m[Nest] 47735  - [39m09/06/2026, 9:06:46 PM [33m   WARN[39m [38;5;3m[MaiUiService] [39m[33mMAI-UI 视觉模型缺失且缺少 KAYPAL_AI_PROXY_BASE_URL/API_KEY（无法懒创建，保持 404）[39m
[33m[Nest] 47735  - [39m09/06/2026, 9:06:46 PM [33m   WARN[39m [38;5;3m[MaiUiService] [39m[33mMAI-UI 视觉模型缺失且缺少 KAYPAL_AI_PROXY_BASE_URL/API_KEY（无法懒创建，保持 404）[39m
[32m[Nest] 47735  - [39m09/06/2026, 9:06:46 PM [32m    LOG[39m [38;5;3m[MaiUiService] [39m[32mMAI-UI 视觉模型已懒创建（kaypal-vision @ https://kaypal.cn/api/ai）[39m
[32m[Nest] 47735  - [39m09/06/2026, 9:06:46 PM [32m    LOG[39m [38;5;3m[MaiUiService] [39m[32mMAI-UI 规划成功: 1 个候选动作（kaypal-vision）[39m
[33m[Nest] 47735  - [39m09/06/2026, 9:06:46 PM [33m   WARN[39m [38;5;3m[MaiUiService] [39m[33mMAI-UI 剔除 1 个非法动作：未知动作类型：evaluate_js[39m
[32m[Nest] 47735  - [39m09/06/2026, 9:06:46 PM [32m    LOG[39m [38;5;3m[MaiUiService] [39m[32mMAI-UI 规划成功: 2 个候选动作（kaypal-vision）[39m
[33m[Nest] 47735  - [39m09/06/2026, 9:06:46 PM [33m   WARN[39m [38;5;3m[MaiUiService] [39m[33mMAI-UI 剔除 1 个非法动作：bounds 超出截图范围（500×740）：[10, 10, 9999, 9999][39m
[32m[Nest] 47735  - [39m09/06/2026, 9:06:46 PM [32m    LOG[39m [38;5;3m[MaiUiService] [39m[32mMAI-UI 规划成功: 1 个候选动作（kaypal-vision）[39m
[33m[Nest] 47735  - [39m09/06/2026, 9:06:46 PM [33m   WARN[39m [38;5;3m[MaiUiService] [39m[33mMAI-UI 剔除 1 个非法动作：动作数 25 超过上限 20，仅取前 20 个[39m
[32m[Nest] 47735  - [39m09/06/2026, 9:06:46 PM [32m    LOG[39m [38;5;3m[MaiUiService] [39m[32mMAI-UI 规划成功: 20 个候选动作（kaypal-vision）[39m
[33m[Nest] 47735  - [39m09/06/2026, 9:06:48 PM [33m   WARN[39m [38;5;3m[WechatPlanSchedulerService] [39m[33mWechat plan wechat-plan-1 has no tenant scope; skipped.[39m
[32m[Nest] 47735  - [39m09/06/2026, 9:06:48 PM [32m    LOG[39m [38;5;3m[CdpBrowserProfileService] [39m[32mImported legacy account cookies for wechat-channel-4: /var/folders/81/p0xp75ss6gb4cq9plyx6q7hh0000gn/T/kaypal-profile-VcLC4c/legacy-auto-upload/cookiesFile/wechat-account.json[39m
[32m[Nest] 47735  - [39m09/06/2026, 9:06:48 PM [32m    LOG[39m [38;5;3m[CdpBrowserProfileService] [39m[32mImported legacy account cookies for wechat-channel-4: /var/folders/81/p0xp75ss6gb4cq9plyx6q7hh0000gn/T/kaypal-profile-uKe2SV/legacy-auto-upload/cookiesFile/mixed.json[39m
[32m[Nest] 47735  - [39m09/06/2026, 9:06:48 PM [32m    LOG[39m [38;5;3m[CdpBrowserProfileService] [39m[32mImported legacy browser profile for wechat-channel-4: /var/folders/81/p0xp75ss6gb4cq9plyx6q7hh0000gn/T/kaypal-profile-ismH6W/legacy-auto-upload/browser-profiles/interaction/wechat-channel/4 -> /var/folders/81/p0xp75ss6gb4cq9plyx6q7hh0000gn/T/kaypal-profile-ismH6W/profiles/wechat-channel-4[39m
[32m[Nest] 47735  - [39m09/06/2026, 9:06:48 PM [32m    LOG[39m [38;5;3m[CdpBrowserProfileService] [39m[32mImported legacy browser profile for douyin-4: /private/var/folders/81/p0xp75ss6gb4cq9plyx6q7hh0000gn/T/kaypal-profile-Ld1uab/backend/data/browser-profiles/douyin-4 -> /var/folders/81/p0xp75ss6gb4cq9plyx6q7hh0000gn/T/kaypal-profile-Ld1uab/profiles/douyin-4[39m
[32m[Nest] 47735  - [39m09/06/2026, 9:06:48 PM [32m    LOG[39m [38;5;3m[CdpBrowserProfileService] [39m[32mImported legacy account cookies for douyin-4: /private/var/folders/81/p0xp75ss6gb4cq9plyx6q7hh0000gn/T/kaypal-profile-ioYFzx/backend/data/cookiesFile/douyin-account.json[39m
[32m[Nest] 47735  - [39m09/06/2026, 9:06:48 PM [32m    LOG[39m [38;5;3m[CdpBrowserProfileService] [39m[32mImported legacy account cookies for wechat-channel-4: /var/folders/81/p0xp75ss6gb4cq9plyx6q7hh0000gn/T/kaypal-profile-JUp2ym/legacy-auto-upload/cookiesFile/wechat-account.json[39m
[32m[Nest] 47735  - [39m09/06/2026, 9:06:48 PM [32m    LOG[39m [38;5;3m[CdpBrowserProfileService] [39m[32mCreated profile directory: /var/folders/81/p0xp75ss6gb4cq9plyx6q7hh0000gn/T/kaypal-profile-1pNDhN/profiles/wechat-channel-4[39m
[32m[Nest] 47735  - [39m09/06/2026, 9:06:48 PM [32m    LOG[39m [38;5;3m[CdpBrowserProfileService] [39m[32mImported legacy browser profile for wechat-channel-4: /var/folders/81/p0xp75ss6gb4cq9plyx6q7hh0000gn/T/kaypal-profile-1pNDhN/legacy-auto-upload/browser-profiles/interaction/wechat-channel/4 -> /var/folders/81/p0xp75ss6gb4cq9plyx6q7hh0000gn/T/kaypal-profile-1pNDhN/profiles/wechat-channel-4[39m
[32m[Nest] 47735  - [39m09/06/2026, 9:06:48 PM [32m    LOG[39m [38;5;3m[CdpBrowserProfileService] [39m[32mCreated profile directory: /var/folders/81/p0xp75ss6gb4cq9plyx6q7hh0000gn/T/kaypal-profile-kwkGaV/profiles/wechat-channel-4[39m
[32m[Nest] 47735  - [39m09/06/2026, 9:06:48 PM [32m    LOG[39m [38;5;3m[CdpBrowserProfileService] [39m[32mImported legacy browser profile for wechat-channel-4: /var/folders/81/p0xp75ss6gb4cq9plyx6q7hh0000gn/T/kaypal-profile-kwkGaV/legacy-auto-upload/browser-profiles/interaction/wechat-channel/4 -> /var/folders/81/p0xp75ss6gb4cq9plyx6q7hh0000gn/T/kaypal-profile-kwkGaV/profiles/wechat-channel-4[39m
[32m[Nest] 47735  - [39m09/06/2026, 9:06:48 PM [32m    LOG[39m [38;5;3m[CdpBrowserProfileService] [39m[32mImported legacy account cookies for wechat-channel-4: /var/folders/81/p0xp75ss6gb4cq9plyx6q7hh0000gn/T/kaypal-profile-kwkGaV/legacy-auto-upload/cookiesFile/wechat-account.json[39m
[32m[Nest] 47735  - [39m09/06/2026, 9:06:48 PM [32m    LOG[39m [38;5;3m[ArticleScraperService] [39m[32mScraping article from: https://example.com/article/123[39m
[32m[Nest] 47735  - [39m09/06/2026, 9:06:48 PM [32m    LOG[39m [38;5;3m[ArticleScraperService] [39m[32mScraping article from: https://example.com/missing[39m
[33m[Nest] 47735  - [39m09/06/2026, 9:06:48 PM [33m   WARN[39m [38;5;3m[OutboxRelayService] [39m[33mdomain outbox 无消费者，事件 e1（lead.created）保留 published（后续同 type 不再告警）[39m
[33m[Nest] 47735  - [39m09/06/2026, 9:06:48 PM [33m   WARN[39m [38;5;3m[OutboxRelayService] [39m[33mdomain outbox 无消费者，事件 e1（lead.created）保留 published（后续同 type 不再告警）[39m
[32m[Nest] 47735  - [39m09/06/2026, 9:06:48 PM [32m    LOG[39m [38;5;3m[OutboxRelayService] [39m[32mCRM outbox 补偿：补写 1 条缺失的 convert_crm 事件[39m
[32m[Nest] 47735  - [39m09/06/2026, 9:06:49 PM [32m    LOG[39m [38;5;3m[LinkHealthCheckService] [39m[32m链接健康检查完成：checked=2, changed=1[39m
[32m[Nest] 47735  - [39m09/06/2026, 9:06:49 PM [32m    LOG[39m [38;5;3m[LinkHealthCheckService] [39m[32m链接健康检查完成：checked=1, changed=1[39m
[32m[Nest] 47735  - [39m09/06/2026, 9:06:49 PM [32m    LOG[39m [38;5;3m[LinkHealthCheckService] [39m[32m链接健康检查完成：checked=1, changed=1[39m
[32m[Nest] 47735  - [39m09/06/2026, 9:06:49 PM [32m    LOG[39m [38;5;3m[LinkHealthCheckService] [39m[32m链接健康检查完成：checked=1, changed=1[39m
[32m[Nest] 47735  - [39m09/06/2026, 9:06:49 PM [32m    LOG[39m [38;5;3m[LinkHealthCheckService] [39m[32m链接健康检查完成：checked=1, changed=1[39m
[33m[Nest] 47735  - [39m09/06/2026, 9:06:49 PM [33m   WARN[39m [38;5;3m[ShortLinkService] [39m[33m短链 abc123 目标非法（协议/主机校验未通过），拒绝跳转[39m
[33m[Nest] 47735  - [39m09/06/2026, 9:06:49 PM [33m   WARN[39m [38;5;3m[ShortLinkService] [39m[33m短链 abc123 openCount 自增失败（不影响跳转）：db unavailable[39m
[32m[Nest] 47735  - [39m09/06/2026, 9:06:50 PM [32m    LOG[39m [38;5;3m[KeywordIntelligenceService] [39m[32m关键词建议样本不足（1 < 10），跳过归纳[39m
[33m[Nest] 47735  - [39m09/06/2026, 9:06:50 PM [33m   WARN[39m [38;5;3m[KeywordIntelligenceService] [39m[33mC-b LLM 结果解析失败，回落 C-a 规则版[39m
[33m[Nest] 47735  - [39m09/06/2026, 9:06:50 PM [33m   WARN[39m [38;5;3m[KeywordIntelligenceService] [39m[33mC-b LLM 归纳失败（网关超时），回落 C-a 规则版[39m
[32m[Nest] 47735  - [39m09/06/2026, 9:06:50 PM [32m    LOG[39m [38;5;3m[KeywordIntelligenceService] [39m[32mC-b 无 AiClientService/DefaultModelsService，回落 C-a 规则版[39m
[32m[Nest] 47735  - [39m09/06/2026, 9:06:50 PM [32m    LOG[39m [38;5;3m[WechatPayService] [39m[32m微信支付成功：wx-2 充值 334 积分（金额 1000 分）[39m
[33m[Nest] 47735  - [39m09/06/2026, 9:06:50 PM [33m   WARN[39m [38;5;3m[WechatPayService] [39m[33m微信回调缺少可验资源（apiV3Key=false ciphertext=false），拒绝充值 wx-3[39m
[33m[Nest] 47735  - [39m09/06/2026, 9:06:50 PM [33m   WARN[39m [38;5;3m[WechatPayService] [39m[33m微信回调金额不符：订单 1000 vs 回调 999，拒绝 wx-4[39m
[33m[Nest] 47735  - [39m09/06/2026, 9:06:50 PM [33m   WARN[39m [38;5;3m[RemoteImagePreprocessor] [39m[33mImage download error for https://nonexistent.example.invalid/image.jpg: network down[39m
[33m[Nest] 47735  - [39m09/06/2026, 9:06:50 PM [33m   WARN[39m [38;5;3m[RemoteImagePreprocessor] [39m[33mImage download error for https://example.com/image.jpg: network down[39m
[33m[Nest] 47735  - [39m09/06/2026, 9:06:51 PM [33m   WARN[39m [38;5;3m[GrowthLeadBridgeService] [39m[33m桥接 InteractionEvent 失败（lead=lead-1）：db down[39m
[33m[Nest] 47735  - [39m09/06/2026, 9:06:51 PM [33m   WARN[39m [38;5;3m[GrowthLeadBridgeService] [39m[33m接入统一评分失败（lead=lead-1）：score fail[39m
[33m[Nest] 47735  - [39m09/06/2026, 9:06:51 PM [33m   WARN[39m [38;5;3m[ContentAssetVersioningService] [39m[33m资产版本记录失败: table missing[39m
[32m[Nest] 47735  - [39m09/06/2026, 9:06:52 PM [32m    LOG[39m [38;5;3m[CaseAdminService] [39m[32m[cache-invalidate] showcase case case-1 status changed, public cache should be invalidated[39m
[32m[Nest] 47735  - [39m09/06/2026, 9:06:52 PM [32m    LOG[39m [38;5;3m[CaseAdminService] [39m[32m[cache-invalidate] showcase case case-1 status changed, public cache should be invalidated[39m
[33m[Nest] 47735  - [39m09/06/2026, 9:06:55 PM [33m   WARN[39m [38;5;3m[EntitlementsService] [39m[33mentitlement snapshot 写入失败: db down[39m
[33m[Nest] 47735  - [39m09/06/2026, 9:06:55 PM [33m   WARN[39m [38;5;3m[KaypalModelSyncService] [39m[33mKaypal admin model status unavailable, falling back to chat models: Kaypal 模型台状态读取失败：Forbidden[39m
[33m[Nest] 47735  - [39m09/06/2026, 9:06:55 PM [33m   WARN[39m [38;5;3m[KaypalModelSyncService] [39m[33mKaypal admin model status unavailable, falling back to chat models: Kaypal 模型台状态读取失败：Forbidden[39m
[33m[Nest] 47735  - [39m09/06/2026, 9:06:55 PM [33m   WARN[39m [38;5;3m[KaypalModelSyncService] [39m[33mKaypal chat model list unavailable: Kaypal 普通模型列表读取失败：Unauthorized[39m
[33m[Nest] 47735  - [39m09/06/2026, 9:06:55 PM [33m   WARN[39m [38;5;3m[KaypalModelSyncService] [39m[33mKaypal model list unavailable; using configured fallback model.[39m
[33m[Nest] 47735  - [39m09/06/2026, 9:06:55 PM [33m   WARN[39m [38;5;3m[VoiceAsrService] [39m[33mKAYPAL ASR failed: bad key[39m
[33m[Nest] 47735  - [39m09/06/2026, 9:06:56 PM [33m   WARN[39m [38;5;3m[VoiceTtsService] [39m[33mKAYPAL TTS failed: upstream down[39m
[95m[Nest] 47735  - [39m09/06/2026, 9:06:56 PM [95m  DEBUG[39m [38;5;3m[CloudApiService] [39m[95mGenerating reply for douyin comment[39m
[95m[Nest] 47735  - [39m09/06/2026, 9:06:56 PM [95m  DEBUG[39m [38;5;3m[CloudApiService] [39m[95mGenerating reply for douyin comment[39m
[95m[Nest] 47735  - [39m09/06/2026, 9:06:56 PM [95m  DEBUG[39m [38;5;3m[CloudApiService] [39m[95mGenerating reply for douyin comment[39m
[33m[Nest] 47735  - [39m03/11/2026, 6:00:00 PM [33m   WARN[39m [38;5;3m[TopicsService] [39m[33m检测到选题「stale-scored-topic」在 generating 状态停留超过 30 分钟，已自动回收为 completed[39m
[33m[Nest] 47735  - [39m03/11/2026, 6:00:00 PM [33m   WARN[39m [38;5;3m[TopicsService] [39m[33m检测到选题「stale-article-topic」在 generating 状态停留超过 30 分钟，已自动回收为 completed / published[39m
[32m[Nest] 47735  - [39m09/06/2026, 9:06:57 PM [32m    LOG[39m [38;5;3m[CaseEventsService] [39m[32m{"name":"case_open","props":{"case_id":"case_1"},"receivedAt":"2026-09-06T13:06:57.958Z"}[39m
[95m[Nest] 47735  - [39m09/06/2026, 9:06:58 PM [95m  DEBUG[39m [38;5;3m[ErrorReportController] [39m[95m前端错误已代理上报: err-0[39m
[95m[Nest] 47735  - [39m09/06/2026, 9:06:58 PM [95m  DEBUG[39m [38;5;3m[ErrorReportController] [39m[95m前端错误已代理上报: err-1[39m
[95m[Nest] 47735  - [39m09/06/2026, 9:06:58 PM [95m  DEBUG[39m [38;5;3m[ErrorReportController] [39m[95m前端错误已代理上报: err-2[39m
[95m[Nest] 47735  - [39m09/06/2026, 9:06:58 PM [95m  DEBUG[39m [38;5;3m[ErrorReportController] [39m[95m前端错误已代理上报: err-3[39m
[95m[Nest] 47735  - [39m09/06/2026, 9:06:58 PM [95m  DEBUG[39m [38;5;3m[ErrorReportController] [39m[95m前端错误已代理上报: err-4[39m
[95m[Nest] 47735  - [39m09/06/2026, 9:06:58 PM [95m  DEBUG[39m [38;5;3m[ErrorReportController] [39m[95m前端错误已代理上报: err-5[39m
[95m[Nest] 47735  - [39m09/06/2026, 9:06:58 PM [95m  DEBUG[39m [38;5;3m[ErrorReportController] [39m[95m前端错误已代理上报: err-6[39m
[95m[Nest] 47735  - [39m09/06/2026, 9:06:58 PM [95m  DEBUG[39m [38;5;3m[ErrorReportController] [39m[95m前端错误已代理上报: err-7[39m
[95m[Nest] 47735  - [39m09/06/2026, 9:06:58 PM [95m  DEBUG[39m [38;5;3m[ErrorReportController] [39m[95m前端错误已代理上报: err-8[39m
[95m[Nest] 47735  - [39m09/06/2026, 9:06:58 PM [95m  DEBUG[39m [38;5;3m[ErrorReportController] [39m[95m前端错误已代理上报: err-9[39m
[95m[Nest] 47735  - [39m09/06/2026, 9:06:58 PM [95m  DEBUG[39m [38;5;3m[ErrorReportController] [39m[95m前端错误已代理上报: err-10[39m
[95m[Nest] 47735  - [39m09/06/2026, 9:06:58 PM [95m  DEBUG[39m [38;5;3m[ErrorReportController] [39m[95m前端错误已代理上报: err-11[39m
[95m[Nest] 47735  - [39m09/06/2026, 9:06:58 PM [95m  DEBUG[39m [38;5;3m[ErrorReportController] [39m[95m前端错误已代理上报: err-12[39m
[95m[Nest] 47735  - [39m09/06/2026, 9:06:58 PM [95m  DEBUG[39m [38;5;3m[ErrorReportController] [39m[95m前端错误已代理上报: err-13[39m
[95m[Nest] 47735  - [39m09/06/2026, 9:06:58 PM [95m  DEBUG[39m [38;5;3m[ErrorReportController] [39m[95m前端错误已代理上报: err-14[39m
[95m[Nest] 47735  - [39m09/06/2026, 9:06:58 PM [95m  DEBUG[39m [38;5;3m[ErrorReportController] [39m[95m前端错误已代理上报: err-15[39m
[95m[Nest] 47735  - [39m09/06/2026, 9:06:58 PM [95m  DEBUG[39m [38;5;3m[ErrorReportController] [39m[95m前端错误已代理上报: err-16[39m
[95m[Nest] 47735  - [39m09/06/2026, 9:06:58 PM [95m  DEBUG[39m [38;5;3m[ErrorReportController] [39m[95m前端错误已代理上报: err-17[39m
[95m[Nest] 47735  - [39m09/06/2026, 9:06:58 PM [95m  DEBUG[39m [38;5;3m[ErrorReportController] [39m[95m前端错误已代理上报: err-18[39m
[95m[Nest] 47735  - [39m09/06/2026, 9:06:58 PM [95m  DEBUG[39m [38;5;3m[ErrorReportController] [39m[95m前端错误已代理上报: err-19[39m
[95m[Nest] 47735  - [39m09/06/2026, 9:06:58 PM [95m  DEBUG[39m [38;5;3m[ErrorReportController] [39m[95m错误上报超出单 IP 限流，已丢弃[39m
[95m[Nest] 47735  - [39m09/06/2026, 9:06:58 PM [95m  DEBUG[39m [38;5;3m[ErrorReportController] [39m[95m错误上报超出单 IP 限流，已丢弃[39m
[95m[Nest] 47735  - [39m09/06/2026, 9:06:58 PM [95m  DEBUG[39m [38;5;3m[ErrorReportController] [39m[95m错误上报超出单 IP 限流，已丢弃[39m
[95m[Nest] 47735  - [39m09/06/2026, 9:06:58 PM [95m  DEBUG[39m [38;5;3m[ErrorReportController] [39m[95m错误上报超出单 IP 限流，已丢弃[39m
[95m[Nest] 47735  - [39m09/06/2026, 9:06:58 PM [95m  DEBUG[39m [38;5;3m[ErrorReportController] [39m[95m错误上报超出单 IP 限流，已丢弃[39m
[95m[Nest] 47735  - [39m09/06/2026, 9:06:58 PM [95m  DEBUG[39m [38;5;3m[ErrorReportController] [39m[95m错误上报超出单 IP 限流，已丢弃[39m
[95m[Nest] 47735  - [39m09/06/2026, 9:06:58 PM [95m  DEBUG[39m [38;5;3m[ErrorReportController] [39m[95m错误上报超出单 IP 限流，已丢弃[39m
[95m[Nest] 47735  - [39m09/06/2026, 9:06:58 PM [95m  DEBUG[39m [38;5;3m[ErrorReportController] [39m[95m错误上报超出单 IP 限流，已丢弃[39m
[95m[Nest] 47735  - [39m09/06/2026, 9:06:58 PM [95m  DEBUG[39m [38;5;3m[ErrorReportController] [39m[95m错误上报超出单 IP 限流，已丢弃[39m
[95m[Nest] 47735  - [39m09/06/2026, 9:06:58 PM [95m  DEBUG[39m [38;5;3m[ErrorReportController] [39m[95m错误上报超出单 IP 限流，已丢弃[39m
[95m[Nest] 47735  - [39m09/06/2026, 9:06:58 PM [95m  DEBUG[39m [38;5;3m[ErrorReportController] [39m[95m前端错误已代理上报: fresh-ip[39m
[95m[Nest] 47735  - [39m09/06/2026, 9:06:58 PM [95m  DEBUG[39m [38;5;3m[ErrorReportController] [39m[95m前端错误已代理上报: forwarded[39m
[32m[Nest] 47735  - [39m09/06/2026, 9:07:00 PM [32m    LOG[39m [38;5;3m[StudioCoreProxyService] [39m[32mpostGenerate: http://studio-core.test:8610/api/projects pipeline=promo[39m
[32m[Nest] 47735  - [39m09/06/2026, 9:07:00 PM [32m    LOG[39m [38;5;3m[StudioCoreProxyService] [39m[32mpostGenerate: http://studio-core.test:8610/api/projects pipeline=promo[39m
[95m[Nest] 47735  - [39m09/06/2026, 9:07:01 PM [95m  DEBUG[39m [38;5;3m[ActivationService] [39m[95mactivation 记录跳过: first_lead (user-1)[39m

Environment variables loaded from .env
PASS src/modules/growth/growth.service.spec.ts (16.131 s)
PASS src/modules/local-engine/platform-interaction-executor.service.spec.ts (18.151 s)
PASS src/modules/auto-upload/auto-upload.client.spec.ts
PASS src/modules/local-engine/agent-panel-bridge.service.spec.ts
PASS src/modules/local-engine/agent-browser.spec.ts
PASS src/modules/growth/growth.controller.commercial.spec.ts
PASS src/modules/local-engine/local-engine.panel-confirmation-merge.spec.ts
PASS src/modules/runtime/runtime-module-wiring.spec.ts
PASS src/modules/local-engine/local-browser-engine.service.spec.ts
PASS src/modules/local-engine/local-engine.runtime-status.spec.ts
(node:47735) ExperimentalWarning: SQLite is an experimental feature and might change at any time
(Use `node --trace-warnings ...` to show where the warning was created)
PASS src/modules/commercial-readiness/commercial-readiness.service.spec.ts
PASS src/modules/local-engine/local-engine.wechat-contacts.spec.ts
PASS src/modules/articles/articles.service.spec.ts
PASS src/modules/agent-gateway/security-hardening.spec.ts
[31m[Nest] 47735  - [39m09/06/2026, 9:06:10 PM [31m  ERROR[39m [38;5;3m[AgentSExecutorAdapter] [39m[31mAgent-S runTask failed for session session-1: runtime/runs 404[39m
[31m[Nest] 47735  - [39m09/06/2026, 9:06:11 PM [31m  ERROR[39m [38;5;3m[AgentSExecutorAdapter] [39m[31mAgent-S createSession failed for task task-1: sidecar 离线[39m
[31m[Nest] 47735  - [39m09/06/2026, 9:06:11 PM [31m  ERROR[39m [38;5;3m[AgentSExecutorAdapter] [39m[31mAgent-S runTask failed for session session-1: runtime/runs 404[39m
PASS src/modules/runtime/agent-s-adapter.spec.ts
PASS src/modules/publishing/publishing.service.spec.ts
PASS src/modules/comment-acquisition/circuit-breaker.spec.ts
PASS src/modules/auto-upload/auto-upload.service.spec.ts
PASS src/modules/ai-employee/ai-employee.controller.spec.ts
FAIL src/modules/local-bridge/local-bridge.controller.spec.ts
  ● LocalBridgeController › serves Phase 3A task routes through protocol envelopes

    expected 200 "OK", got 401 "Unauthorized"

      283 |         ],
      284 |       })
    > 285 |       .expect(200);
          |        ^
      286 |     expect(publish.body).toMatchObject({
      287 |       action: LOCAL_BRIDGE_ACTIONS.EXECUTE_PUBLISH,
      288 |       ok: true,

      at Object.<anonymous> (modules/local-bridge/local-bridge.controller.spec.ts:285:8)
      ----
      at Test._assertStatus (../node_modules/supertest/lib/test.js:309:14)
      at ../node_modules/supertest/lib/test.js:365:13
      at Test._assertFunction (../node_modules/supertest/lib/test.js:342:13)
      at Test.assert (../node_modules/supertest/lib/test.js:195:23)
      at localAssert (../node_modules/supertest/lib/test.js:138:14)
      at Server.<anonymous> (../node_modules/supertest/lib/test.js:152:11)

PASS src/modules/runtime/node-agent-runtime/node-agent-runtime.service.spec.ts
PASS src/modules/local-bridge/local-bridge.service.spec.ts
PASS src/modules/solutions/solutions.service.spec.ts
PASS src/modules/video/video.service.spec.ts
PASS src/modules/content-optimization/outline.service.spec.ts
PASS src/prisma/prisma.service.spec.ts
PASS src/modules/redfox/redfox-skill-runner.service.spec.ts
PASS src/modules/ai-employee/ai-employee-workflow.service.spec.ts
PASS src/modules/local-engine/agent-browser-executor.panel.spec.ts
PASS src/modules/video-workshop/video-workshop.service.spec.ts
PASS src/modules/ai-employee/ai-employee.service.spec.ts
PASS src/modules/local-engine/local-engine.business-task-type.spec.ts
[31m[Nest] 47735  - [39m09/06/2026, 9:06:20 PM [31m  ERROR[39m [38;5;3m[AgentSExecutorAdapter] [39m[31mAgent-S createSession failed for task task-1: integration test sidecar down[39m
[31m[Nest] 47735  - [39m09/06/2026, 9:06:20 PM [31m  ERROR[39m [38;5;3m[AgentSExecutorAdapter] [39m[31mAgent-S createSession failed for task fail-evidence-2: integration test sidecar down[39m
[31m[Nest] 47735  - [39m09/06/2026, 9:06:20 PM [31m  ERROR[39m [38;5;3m[ExecutorRouter] [39m[31mEvidenceService.recordExecutionFireAndForget threw (should not happen): unexpected evidence throw[39m
PASS src/modules/runtime/runtime.integration.spec.ts
PASS src/app.controller.spec.ts
PASS src/modules/local-engine/local-engine.resume-risk.spec.ts
PASS src/modules/auth/auth.service.spec.ts
PASS src/modules/runtime/task-queue-processor.service.spec.ts
PASS src/modules/ai-assistant/ai-assistant.service.spec.ts
PASS src/modules/intelligence/intelligence-monitor-runner.service.spec.ts
PASS src/modules/comment-acquisition/comment-acquisition.service.spec.ts
PASS src/modules/local-engine/wechat-auto-reception.service.spec.ts
PASS src/modules/agent-gateway/agent-gateway.controller.spec.ts
PASS src/modules/local-engine/local-engine.legacy-publish-guard.spec.ts
PASS src/modules/local-engine/ai-browser-action.service.spec.ts
PASS src/modules/local-bridge/local-bridge.integration.spec.ts
PASS src/modules/runtime/platforms/douyin/exposure-collector.service.spec.ts
PASS src/modules/local-engine/agent-s.service.spec.ts
PASS src/modules/intelligence/intelligence.service.spec.ts
PASS src/modules/voice/voice.service.spec.ts
PASS src/modules/interaction/builtin-adapters.spec.ts
PASS src/modules/local-engine/agent-browser.controller.spec.ts
PASS src/modules/local-engine/local-engine.tenancy.spec.ts
PASS src/modules/auto-upload/auto-upload.controller.spec.ts
PASS src/modules/redfox/redfox.service.spec.ts
PASS src/modules/runtime/platforms/publishing/platform-publish.service.spec.ts
PASS src/modules/auto-upload/durable-publish.worker.spec.ts
[31m[Nest] 47735  - [39m09/06/2026, 9:06:32 PM [31m  ERROR[39m [38;5;3m[ExecutorRouter] [39m[31mRouting guardrail violation: wechat-desktop task test-task-1 was about to route to local-runtime; rejecting[39m
[31m[Nest] 47735  - [39m09/06/2026, 9:06:32 PM [31m  ERROR[39m [38;5;3m[ExecutorRouter] [39m[31mExecutor local-runtime threw for task test-task-1: boom[39m
[31m[Nest] 47735  - [39m09/06/2026, 9:06:32 PM [31m  ERROR[39m [38;5;3m[ExecutorRouter] [39m[31mExecutor agent-s threw for task test-task-1: sidecar down[39m
PASS src/modules/runtime/executor-router.spec.ts
PASS src/modules/redfox/redfox-client.service.spec.ts
PASS src/modules/runtime/orchestrator/runtime-orchestrator.service.spec.ts
PASS src/modules/video-face-swap/video-face-swap.service.spec.ts
PASS src/modules/redfox/redfox-collect.spec.ts
PASS src/modules/local-engine/local-engine.customer-service.spec.ts
PASS src/modules/ai-models/ai-client.service.spec.ts
PASS src/modules/account-touch-quota/account-touch-quota.service.spec.ts
PASS src/modules/agent-gateway/kaypal-auth.spec.ts
PASS src/modules/crm/crm.service.spec.ts
PASS src/modules/articles/articles.controller.spec.ts
PASS src/modules/video/video.controller.spec.ts
[31m[Nest] 47735  - [39m09/06/2026, 9:06:36 PM [31m  ERROR[39m [38;5;3m[RpaController] [39m[31m[assertAccountOwnership] 账号归属校验查询失败 platform=kuaishou account=ks-1：db down[39m
PASS src/modules/rpa/rpa.controller.spec.ts
PASS src/modules/auth/kaypal-profile.controller.spec.ts
PASS src/modules/agentwaker/agentwaker.service.spec.ts
PASS src/modules/local-engine/local-engine.browser-status.spec.ts
PASS src/modules/dashboard/dashboard.service.spec.ts
PASS src/modules/topics/dto/query-topic.dto.spec.ts
PASS src/modules/ai-gateway/prompt-injection.spec.ts
PASS src/modules/local-engine/agent-s.controller.spec.ts
PASS src/modules/materials/materials.service.spec.ts
PASS src/modules/local-engine/xiaohongshu-interaction.executor.spec.ts
PASS src/modules/discovery/adapters/adapters.spec.ts
PASS src/modules/local-engine/mcp.controller.spec.ts
PASS src/modules/runtime/platforms/douyin/exposure.service.spec.ts
PASS src/modules/comment-acquisition/reply-engine.service.spec.ts
PASS src/modules/local-engine/wechat-plan-editor.service.spec.ts
[31m[Nest] 47735  - [39m09/06/2026, 9:06:42 PM [31m  ERROR[39m [38;5;3m[WechatPublisherService] [39m[31mFailed to publish to WeChat: 公众号发布 API 必须使用 HTTPS 且域名位于 WECHAT_PUBLISH_ALLOWED_HOSTS 白名单 [39m
PASS src/modules/publishing/wechat-publisher/wechat-publisher.service.spec.ts
PASS src/modules/discovery/discovery-browser-runner.spec.ts
PASS src/modules/runtime/platforms/douyin/platforms-douyin.spec.ts
PASS src/modules/stats/stats.service.spec.ts
PASS src/modules/agent-gateway/agent-gateway.module.spec.ts
PASS src/modules/topics/topic-mining.service.spec.ts
PASS src/modules/schedules/schedules.service.spec.ts
PASS src/modules/runtime/platforms/wechat-channel/platforms-wechat-channel.spec.ts
PASS src/modules/runtime/local-runtime-engine.client.spec.ts
PASS src/modules/runtime/browser-control/browser-control.service.spec.ts
PASS src/modules/auth/plan.guard.spec.ts
PASS src/modules/mai-ui/mai-ui.service.spec.ts
PASS src/modules/ai-models/kaypal-provider.resolver.spec.ts
[31m[Nest] 47735  - [39m09/06/2026, 9:06:46 PM [31m  ERROR[39m [38;5;3m[AuthController] [39m[31m微信回调处理异常: 数据库连接失败[39m
Error: 数据库连接失败
    at Object.<anonymous> (/Users/yanghy/Documents/New project/ai-content/backend/src/modules/auth/auth.controller.spec.ts:177:28)
    at Promise.finally.completed (/Users/yanghy/Documents/New project/ai-content/backend/node_modules/jest-circus/build/jestAdapterInit.js:1561:28)
    at new Promise (<anonymous>)
    at callAsyncCircusFn (/Users/yanghy/Documents/New project/ai-content/backend/node_modules/jest-circus/build/jestAdapterInit.js:1501:10)
    at _callCircusTest (/Users/yanghy/Documents/New project/ai-content/backend/node_modules/jest-circus/build/jestAdapterInit.js:1011:40)
    at _runTest (/Users/yanghy/Documents/New project/ai-content/backend/node_modules/jest-circus/build/jestAdapterInit.js:951:3)
    at /Users/yanghy/Documents/New project/ai-content/backend/node_modules/jest-circus/build/jestAdapterInit.js:853:7
    at _runTestsForDescribeBlock (/Users/yanghy/Documents/New project/ai-content/backend/node_modules/jest-circus/build/jestAdapterInit.js:866:11)
    at _runTestsForDescribeBlock (/Users/yanghy/Documents/New project/ai-content/backend/node_modules/jest-circus/build/jestAdapterInit.js:861:11)
    at run (/Users/yanghy/Documents/New project/ai-content/backend/node_modules/jest-circus/build/jestAdapterInit.js:765:3)
    at runAndTransformResultsToJestFormat (/Users/yanghy/Documents/New project/ai-content/backend/node_modules/jest-circus/build/jestAdapterInit.js:1993:21)
    at jestAdapter (/Users/yanghy/Documents/New project/ai-content/backend/node_modules/jest-circus/build/runner.js:111:19)
    at runTestInternal (/Users/yanghy/Documents/New project/ai-content/backend/node_modules/jest-runner/build/index.js:276:16)
    at runTest (/Users/yanghy/Documents/New project/ai-content/backend/node_modules/jest-runner/build/index.js:344:7)
PASS src/modules/auth/auth.controller.spec.ts
PASS src/modules/auth/kaypal-desktop-auth.controller.spec.ts
PASS src/modules/case-showcase/state-machine.spec.ts
PASS src/modules/ai-flavor/de-flavor.service.spec.ts
PASS src/modules/rpa/rpa-execution-store.service.spec.ts
PASS src/modules/content-review/content-review.service.spec.ts
PASS src/modules/case-showcase/case-validation.service.spec.ts
PASS src/modules/agent-gateway/octop-identity.spec.ts
PASS src/modules/savings/savings-exchange.service.spec.ts
PASS src/modules/local-engine/wechat-plan-scheduler.service.spec.ts
PASS src/modules/local-engine/platform-login-rules.spec.ts
PASS src/modules/local-engine/cdp-browser-profile.service.spec.ts
PASS src/modules/auto-upload/article-scraper.service.spec.ts
PASS src/modules/rpa/search-web-rpa.driver.spec.ts
PASS src/modules/outbox/outbox-relay.service.spec.ts
PASS src/modules/auth/auth.guard.spec.ts
PASS src/modules/ai-models/llm-proxy.controller.spec.ts
PASS src/modules/runtime/platforms/publishing/douyin-publish.adapter.spec.ts
PASS src/modules/case-showcase/link-health-check.service.spec.ts
PASS src/modules/case-showcase/short-link.service.spec.ts
PASS src/modules/commercial-readiness/commercial-readiness.controller.spec.ts
PASS src/modules/workflow/approval-gate.service.spec.ts
PASS src/modules/lead-intelligence/keyword-intelligence.service.spec.ts
PASS src/modules/agent-gateway/adapters/real-octop-adapter.spec.ts
PASS src/modules/billing/wechat-pay.service.spec.ts
PASS src/modules/auto-upload/remote-image-preprocessor.spec.ts
PASS src/modules/runtime/platforms/publishing/wechat-channel-publish.adapter.spec.ts
PASS src/modules/billing/billing.service.spec.ts
PASS src/modules/geo-bridge/geo-bridge.controller.spec.ts
PASS src/modules/auto-upload/material-file.guard.spec.ts
PASS src/modules/comment-acquisition/interaction-rule.service.spec.ts
PASS src/modules/lead-intelligence/lead-score.service.spec.ts
PASS src/modules/case-showcase/collection.repository.spec.ts
PASS src/modules/publishing/publish-reconcile.service.spec.ts
PASS src/modules/leads/lead-attribution.service.spec.ts
PASS src/modules/auth/risk-policy.service.spec.ts
PASS src/modules/lead-intelligence/duplicate-candidate.service.spec.ts
PASS src/modules/auth/kaypal-auth.client.spec.ts
PASS src/modules/auth/octop-launch.controller.spec.ts
PASS src/modules/growth/growth-lead-bridge.service.spec.ts
PASS src/common/interceptors/transform.interceptor.spec.ts
PASS src/modules/leads/lead-convert.service.spec.ts
PASS src/modules/content-strategies/content-asset-versioning.service.spec.ts
PASS src/modules/case-showcase/content-health.service.spec.ts
PASS src/modules/app-market/app-market.service.spec.ts
PASS src/modules/content-optimization/content-optimization.service.spec.ts
PASS src/modules/publishing/publishing.controller.spec.ts
PASS src/modules/case-showcase/case-admin.service.spec.ts
PASS src/modules/auto-upload/publish-record.claim.spec.ts
PASS src/modules/publishing/jpage-preview/jpage-preview-client.service.spec.ts
PASS src/modules/agent-gateway/gateway.spec.ts
PASS src/modules/case-showcase/case.repository.spec.ts
PASS src/modules/interaction/interaction-inbox.service.spec.ts
PASS src/modules/crm/crm-outbox.consumer.spec.ts
PASS src/modules/runtime/platforms/publishing/xiaohongshu-publish.adapter.spec.ts
PASS src/modules/voice/dto/voice.dto.spec.ts
PASS src/modules/workflow/action-contract.spec.ts
PASS src/modules/storage/storage.service.spec.ts
PASS src/modules/lead-intelligence/qualification.service.spec.ts
PASS src/modules/local-engine/local-engine.confirmation-savings.spec.ts
PASS src/modules/content-optimization/content-quality-gate.service.spec.ts
PASS src/modules/video-workshop/video-workshop-downloader.spec.ts
PASS src/modules/runtime/orchestrator/interaction-task-runtime.mapper.spec.ts
PASS src/modules/lead-intelligence/identity-resolver.service.spec.ts
PASS src/modules/case-showcase/inquiry.service.spec.ts
PASS src/modules/auto-upload/identity-capture.spec.ts
PASS src/modules/platform-registry/platform-adapter.registry.spec.ts
PASS src/modules/case-showcase/field-whitelist.spec.ts
PASS src/modules/styles/styles.controller.spec.ts
PASS src/modules/entitlements/entitlements.service.spec.ts
PASS src/modules/ai-models/kaypal-model-sync.service.spec.ts
PASS src/modules/voice/voice-asr.service.spec.ts
PASS src/modules/attribution/attribution.service.spec.ts
PASS src/modules/voice/voice-tts.service.spec.ts
PASS src/modules/styles/styles.service.spec.ts
PASS src/common/project-paths.spec.ts
[31m[Nest] 47735  - [39m09/06/2026, 9:06:56 PM [31m  ERROR[39m [38;5;3m[EvidenceService] [39m[31mRuntimeExecution 持久化失败: relatedId=task-1 err=DB connection lost[39m
PASS src/modules/runtime/evidence/evidence.service.spec.ts
PASS src/modules/video-workshop/video-workshop-renderer.spec.ts
PASS src/modules/sources/sources.service.spec.ts
PASS src/modules/lead-intelligence/lead-state-machine.spec.ts
PASS src/modules/cloud-api/cloud-api.service.spec.ts
PASS src/modules/video-workshop/video-workshop-phone-upload.spec.ts
PASS src/modules/reporting/report-quality-gate.service.spec.ts
PASS src/modules/local-engine/local-engine.task-operation.spec.ts
PASS src/modules/leads/attribution-link.service.spec.ts
PASS src/modules/auto-upload/publish-record.store.spec.ts
[31m[Nest] 47735  - [39m09/06/2026, 9:06:57 PM [31m  ERROR[39m [38;5;3m[AllExceptionsFilter] [39m[31m[search-request-123] GET /api/intelligence/monitors 503 - "数据查找暂时不可用"[39m
HttpException: 数据查找暂时不可用
    at Object.<anonymous> (/Users/yanghy/Documents/New project/ai-content/backend/src/common/filters/http-exception.filter.spec.ts:35:7)
    at Promise.finally.completed (/Users/yanghy/Documents/New project/ai-content/backend/node_modules/jest-circus/build/jestAdapterInit.js:1561:28)
    at new Promise (<anonymous>)
    at callAsyncCircusFn (/Users/yanghy/Documents/New project/ai-content/backend/node_modules/jest-circus/build/jestAdapterInit.js:1501:10)
    at _callCircusTest (/Users/yanghy/Documents/New project/ai-content/backend/node_modules/jest-circus/build/jestAdapterInit.js:1011:40)
    at _runTest (/Users/yanghy/Documents/New project/ai-content/backend/node_modules/jest-circus/build/jestAdapterInit.js:951:3)
    at /Users/yanghy/Documents/New project/ai-content/backend/node_modules/jest-circus/build/jestAdapterInit.js:853:7
    at _runTestsForDescribeBlock (/Users/yanghy/Documents/New project/ai-content/backend/node_modules/jest-circus/build/jestAdapterInit.js:866:11)
    at _runTestsForDescribeBlock (/Users/yanghy/Documents/New project/ai-content/backend/node_modules/jest-circus/build/jestAdapterInit.js:861:11)
    at run (/Users/yanghy/Documents/New project/ai-content/backend/node_modules/jest-circus/build/jestAdapterInit.js:765:3)
    at runAndTransformResultsToJestFormat (/Users/yanghy/Documents/New project/ai-content/backend/node_modules/jest-circus/build/jestAdapterInit.js:1993:21)
    at jestAdapter (/Users/yanghy/Documents/New project/ai-content/backend/node_modules/jest-circus/build/runner.js:111:19)
    at runTestInternal (/Users/yanghy/Documents/New project/ai-content/backend/node_modules/jest-runner/build/index.js:276:16)
    at runTest (/Users/yanghy/Documents/New project/ai-content/backend/node_modules/jest-runner/build/index.js:344:7)
[31m[Nest] 47735  - [39m09/06/2026, 9:06:57 PM [31m  ERROR[39m [38;5;3m[AllExceptionsFilter] [39m[31m[dadf5180-65da-4bfd-b811-a35a6a2124f6] GET /api/intelligence/monitors 500 - "服务器内部错误"[39m
Error: database connection string
    at Object.<anonymous> (/Users/yanghy/Documents/New project/ai-content/backend/src/common/filters/http-exception.filter.spec.ts:82:18)
    at Promise.finally.completed (/Users/yanghy/Documents/New project/ai-content/backend/node_modules/jest-circus/build/jestAdapterInit.js:1561:28)
    at new Promise (<anonymous>)
    at callAsyncCircusFn (/Users/yanghy/Documents/New project/ai-content/backend/node_modules/jest-circus/build/jestAdapterInit.js:1501:10)
    at _callCircusTest (/Users/yanghy/Documents/New project/ai-content/backend/node_modules/jest-circus/build/jestAdapterInit.js:1011:40)
    at _runTest (/Users/yanghy/Documents/New project/ai-content/backend/node_modules/jest-circus/build/jestAdapterInit.js:951:3)
    at /Users/yanghy/Documents/New project/ai-content/backend/node_modules/jest-circus/build/jestAdapterInit.js:853:7
    at _runTestsForDescribeBlock (/Users/yanghy/Documents/New project/ai-content/backend/node_modules/jest-circus/build/jestAdapterInit.js:866:11)
    at _runTestsForDescribeBlock (/Users/yanghy/Documents/New project/ai-content/backend/node_modules/jest-circus/build/jestAdapterInit.js:861:11)
    at run (/Users/yanghy/Documents/New project/ai-content/backend/node_modules/jest-circus/build/jestAdapterInit.js:765:3)
    at runAndTransformResultsToJestFormat (/Users/yanghy/Documents/New project/ai-content/backend/node_modules/jest-circus/build/jestAdapterInit.js:1993:21)
    at jestAdapter (/Users/yanghy/Documents/New project/ai-content/backend/node_modules/jest-circus/build/runner.js:111:19)
    at runTestInternal (/Users/yanghy/Documents/New project/ai-content/backend/node_modules/jest-runner/build/index.js:276:16)
    at runTest (/Users/yanghy/Documents/New project/ai-content/backend/node_modules/jest-runner/build/index.js:344:7)
PASS src/common/filters/http-exception.filter.spec.ts
PASS src/modules/reporting/review-run.service.spec.ts
PASS src/modules/leads/lead.repository.spec.ts
PASS src/modules/lead-intelligence/suppression.service.spec.ts
PASS src/modules/content-strategies/content-strategies.service.spec.ts
PASS src/modules/poi/poi.service.spec.ts
PASS src/modules/outbox/domain-event-outbox.store.spec.ts
PASS src/modules/content-strategies/content-plan.service.spec.ts
PASS src/modules/topics/topics.service.spec.ts
PASS src/modules/case-showcase/case-events.service.spec.ts
PASS src/common/credential-envelope.service.spec.ts
PASS src/modules/redfox/redfox-interface-catalog.service.spec.ts
PASS src/modules/error-report/error-report.controller.spec.ts
PASS src/modules/auto-upload/durable-publish-command.coordinator.spec.ts
PASS src/modules/agent-gateway/core/memory-orchestrator.spec.ts
PASS src/modules/reporting/funnel-report.service.spec.ts
PASS src/modules/push-notifications/push-notifications.service.spec.ts
PASS src/modules/interaction/interaction-thread.service.spec.ts
PASS src/modules/interaction/interaction-event.store.spec.ts
PASS src/modules/discovery/acquisition-quota.service.spec.ts
PASS src/modules/publishing/platform-preflight.service.spec.ts
PASS src/modules/publishing/content-license.service.spec.ts
PASS src/modules/auth/session-token-cipher.spec.ts
PASS src/modules/auto-upload/account-lifecycle.spec.ts
PASS src/common/auth-request-context.service.spec.ts
PASS src/modules/runtime/platforms/video/video-template-clip.service.spec.ts
PASS src/modules/savings/savings-ledger.service.spec.ts
PASS src/modules/crm/crm-app.guard.spec.ts
PASS src/modules/agent-gateway/kaypal-octop-bridge.spec.ts
PASS src/modules/lead-intelligence/identity-graph.service.spec.ts
PASS src/modules/compliance/platform-compliance-audit.service.spec.ts
PASS src/modules/content-review/content-reviewer.spec.ts
PASS src/modules/auto-upload/schedule-times.spec.ts
PASS src/modules/auto-upload/publish-state.machine.spec.ts
PASS src/modules/agent-gateway/state-machine.spec.ts
PASS src/modules/solutions/redfox-skill-integration.guard.spec.ts
PASS src/modules/runtime/platforms/video/video-face-swap.service.spec.ts
PASS src/modules/redfox/redfox-cost-guard.service.spec.ts
PASS src/modules/ai-audit/ai-audit.service.spec.ts
PASS src/modules/runtime/platforms/publishing/kuaishou-publish.adapter.spec.ts
PASS src/modules/mobile-executor/executor-state-machine.spec.ts
PASS src/modules/agent-gateway/security-redteam.spec.ts
PASS src/modules/runtime/ai-employee/ai-employee.contract.spec.ts
PASS src/modules/video/studio-core-proxy.service.spec.ts
PASS src/modules/ai-flavor/ai-flavor-detector.spec.ts
PASS src/modules/activation/activation.service.spec.ts
PASS src/modules/redfox/redfox-skill-catalog.service.spec.ts
PASS src/modules/local-engine/wechat-native-command.contract.spec.ts
PASS src/modules/agent-gateway/approval.spec.ts
PASS src/common/status-dictionary.spec.ts
PASS src/modules/tenants/tenants.service.spec.ts
PASS src/modules/dashboard/unified-task-status.spec.ts
PASS src/modules/runtime/platforms/publishing/bilibili-publish.adapter.spec.ts
PASS src/modules/agent-gateway/adapters/real-kaypal-memory.spec.ts
PASS src/modules/agent-gateway/event-bus.spec.ts
PASS src/modules/redfox/redfox-skill-catalog.spec.ts
PASS src/modules/agent-gateway/memory-namespace-workspace.spec.ts
PASS src/modules/runtime/platforms/video/media-tool-paths.spec.ts
PASS src/modules/agent-gateway/idempotency.spec.ts
PASS src/modules/local-bridge/local-bridge.contract.spec.ts
PASS src/modules/runtime/platforms/publishing/wechat-official-publish.adapter.spec.ts
PASS src/modules/auth/plan-order.spec.ts

Summary of all failing tests
FAIL modules/local-bridge/local-bridge.controller.spec.ts
  ● LocalBridgeController › serves Phase 3A task routes through protocol envelopes

    expected 200 "OK", got 401 "Unauthorized"

      283 |         ],
      284 |       })
    > 285 |       .expect(200);
          |        ^
      286 |     expect(publish.body).toMatchObject({
      287 |       action: LOCAL_BRIDGE_ACTIONS.EXECUTE_PUBLISH,
      288 |       ok: true,

      at Object.<anonymous> (modules/local-bridge/local-bridge.controller.spec.ts:285:8)
      ----
      at Test._assertStatus (../node_modules/supertest/lib/test.js:309:14)
      at ../node_modules/supertest/lib/test.js:365:13
      at Test._assertFunction (../node_modules/supertest/lib/test.js:342:13)
      at Test.assert (../node_modules/supertest/lib/test.js:195:23)
      at localAssert (../node_modules/supertest/lib/test.js:138:14)
      at Server.<anonymous> (../node_modules/supertest/lib/test.js:152:11)


Test Suites: 1 failed, 7 skipped, 243 passed, 244 of 251 total
Tests:       1 failed, 29 skipped, 2943 passed, 2973 total
Snapshots:   0 total
Time:        115.206 s

[exit 1]
